GEOID,Capita,Population 2021,GDP,GDP,TempChg,PrepChg,PrepExt,ColdExt,HeatExt,DryChg,ImpSurface,HouseDen,PopEst,HouseSLR,RoadSLR,Hazard(H),Expos(E),Vulner(V),Risk=HEV,HEV*100
01001,37162,"60,342","1,929,264,000","1,929,264",1.612323092,0.52361234,103.1,31.2,54.8,-0.115853042,1.400453334,146.8244763,51915,0,0,0.237618281,0.011318285,0.295192389,0.0007939,0.07939
01003,31656,"253,507","8,924,207,000","8,924,207",1.405427556,0.406290518,99.9,45.1,61.7,-0.127586416,2.775428895,343.2160295,281908,0.007426684,0.197105341,0.264106508,0.120874367,0.304933856,0.009734619,0.9734619
01005,37691,"24,585","745,349,000","745,349",1.436005504,0.360523093,95.1,38.8,55.5,-0.120503069,0.808122965,71.23069142,19775.33333,0,0,0.231095386,0.00606829,0.311221001,0.000436442,0.0436442
01007,30143,"21,868","448,464,000","448,464",1.384937134,3.294911922,318,47.2,49.8,0.402496084,0.82155013,88.42150551,14878,0,0,0.421231577,0.006040012,0.299326342,0.000761559,0.0761559
01009,17348,"59,816","1,045,845,000","1,045,845",1.533813735,0.34074656,97.5,36.7,46.9,-0.09851582,1.675087017,171.6648264,60286.66667,0,0,0.211968395,0.013530012,0.330531356,0.000947942,0.0947942
01011,47602,"9,897","247,403,000","247,403",1.32721012,0.334951361,89.1,40.5,51.8,-0.111985461,0.592740314,45.13412509,5197.333333,0,0,0.209445651,0.004071601,0.3083383,0.000262944,0.0262944
01013,70179,"18,382","652,201,000","652,201",1.646607253,0.444537943,90.7,43.8,64.1,-0.116518134,0.779520283,87.31404657,9293.333333,0,0,0.294060029,0.005572154,0.288620042,0.000472918,0.0472918
01015,55597,"116,429","4,608,415,000","4,608,415",1.480628156,0.818768305,109.4,43.8,50,-0.045020548,3.289629312,540.8101869,82889.33333,0,0,0.251152901,0.02610966,0.291170386,0.001909355,0.1909355
01017,64472,"34,079","894,548,000","894,548",1.702280425,3.418579092,503.4,36.2,60.6,0.846319271,1.241847191,144.373924,13875,0,0,0.578317666,0.009026472,0.297436332,0.001552668,0.1552668
01019,43326,"25,666","606,899,000","606,899",1.506282,0.469466145,106.1,36.9,46.7,-0.109826275,1.523775249,139.7503666,14007.66667,0,0,0.215515179,0.010977848,0.307819571,0.000728268,0.0728268
01021,27886,"46,431","1,077,591,000","1,077,591",1.495840861,2.207816109,381.8,39.1,53.1,0.173006874,1.32412222,138.1362572,38642.66667,0,0,0.408672315,0.010358726,0.312506724,0.001322942,0.1322942
01023,112021,"12,252","611,338,000","611,338",1.459902822,0.563672033,100.4,47.9,59.1,-0.087875406,0.601972222,47.97181094,5457.333333,0,0,0.275039886,0.00414894,0.303844418,0.000346724,0.0346724
01025,48827,"22,337","817,215,000","817,215",1.587388189,0.536706227,97.6,46.2,65.4,-0.117397586,0.646446606,56.51556923,16737,0,0.00857003,0.301952055,0.00870012,0.293963227,0.000772247,0.0772247
01027,99720,"14,111","433,948,000","433,948",1.482817593,0.529276454,95,38.9,47.5,-0.063692865,0.759288165,83.34941056,4351.666667,0,0,0.218134564,0.005270349,0.302161998,0.000347379,0.0347379
01029,79787,"15,639","332,525,000","332,525",1.607004879,3.672783742,648.8,46.4,56.4,1.540040072,0.733240445,95.24128498,4167.666667,0,0,0.701038564,0.005105647,0.303807852,0.001087406,0.1087406
01031,45024,"55,643","1,641,541,000","1,641,541",1.605023996,0.505432111,115.4,32.6,59,-0.134996894,1.355294045,154.1682029,36459,0,0,0.255891097,0.010536107,0.298614635,0.000805094,0.0805094
01033,68206,"58,361","2,635,868,000","2,635,868",1.617577432,0.456679125,103.3,36.9,46.4,-0.123828002,1.81383377,250.1114785,38645.66667,0,0,0.22578983,0.01396046,0.301103345,0.000949117,0.0949117
01035,69406,"11,174","350,708,000","350,708",1.502701269,0.46546222,98.5,50.5,62.9,-0.123475101,0.632893067,53.22938041,5053,0,0,0.293727682,0.004360421,0.291101478,0.000372836,0.0372836
01037,41548,"10,268","197,269,000","197,269",1.469551245,0.784083666,108.3,36,51.3,-0.065103886,0.689681235,65.10592002,4748,0,0,0.23225959,0.004766532,0.306661393,0.000339497,0.0339497
01039,55049,"37,952","1,229,523,000","1,229,523",1.265288764,0.944511645,123.6,58,63,-0.101532228,1.045821471,121.7493545,22335,0,0,0.308468543,0.007889349,0.301242939,0.00073311,0.073311
01041,87139,"13,101","443,859,000","443,859",1.393509748,3.484511276,526.5,50.6,62,0.79316561,0.762025119,60.8888779,5093.666667,0,0,0.60852906,0.005271451,0.293987258,0.000943061,0.0943061
01043,36845,"92,016","3,112,513,000","3,112,513",1.367869399,0.370789624,100.3,39.6,48.1,-0.100303057,2.15412503,234.1369305,84475.66667,0,0,0.205569567,0.017722026,0.339264822,0.001235979,0.1235979
01045,76573,"49,871","2,884,753,000","2,884,753",1.734952497,3.209762525,396.3,24.1,59.5,0.46937936,1.874044577,194.2717086,37673,0,0,0.478879933,0.014245747,0.293189219,0.002000138,0.2000138
01047,40701,"36,165","1,196,269,000","1,196,269",1.453048902,3.033990795,435.5,36.5,54.9,0.477658615,0.970337692,128.2101742,29391.66667,0,0,0.474978477,0.007597754,0.305074207,0.001100942,0.1100942
01049,31595,"72,569","2,181,316,000","2,181,316",1.637806775,0.335014603,90.6,32.3,44,-0.137506554,1.849221697,200.1168271,69040.33333,0,0,0.201887615,0.015063116,0.338920844,0.001030677,0.1030677
01051,19428,"90,441","2,064,691,000","2,064,691",1.423512986,0.455618157,110.4,32.7,52.5,-0.111798498,2.579175757,271.7200079,106274.6667,0,0,0.213360603,0.021419479,0.305849134,0.001397753,0.1397753
01053,49774,"36,558","1,187,779,000","1,187,779",1.360378963,1.072541884,120.3,55.4,64.8,-0.095893793,0.930604092,138.3433808,23863.33333,0,0,0.3203025,0.007168121,0.303020808,0.000695726,0.0695726
01055,33253,"103,241","2,924,073,000","2,924,073",1.518017498,0.398224787,100.4,36.6,46.8,-0.10261142,3.374105714,441.4616007,87935,0,0,0.21234978,0.026671589,0.307079026,0.001739205,0.1739205
01057,55465,"15,967","337,710,000","337,710",1.19172367,0.315169573,91.3,51.4,48.7,-0.123509272,0.874141559,84.75074951,6088.666667,0,0,0.212307452,0.006123833,0.300610622,0.000390835,0.0390835
01059,35724,"31,802","1,029,838,000","1,029,838",1.657731827,3.391123022,431.2,36.2,46.2,0.531926941,1.133848483,119.6623601,28827.33333,0,0,0.475691888,0.008698769,0.311375985,0.001288453,0.1288453
01061,42940,"26,988","557,507,000","557,507",1.430655713,2.964324184,421.2,40.9,60.2,0.337924311,1.2247836,134.0675567,12983.33333,0,8.02E-06,0.481182645,0.008865075,0.313361455,0.001336712,0.1336712
01063,38158,"7,341","200,050,000","200,050",1.411437922,0.418943098,100.4,45,53.5,-0.090218461,0.601808299,48.70348824,5242.666667,0,0,0.241581838,0.00414244,0.27508379,0.000275287,0.0275287
01065,21221,"14,888","228,355,000","228,355",1.53480848,0.658064406,110.6,40.2,53.7,-0.076794679,0.736837346,66.62920946,10761,0,0,0.254631232,0.005284077,0.312913658,0.000421023,0.0421023
01067,64653,"17,899","448,995,000","448,995",1.623626817,-0.333425515,75.3,30.3,58.3,-0.186626724,0.919165111,83.79693164,6944.666667,0,0,0.213764106,0.006461124,0.294600948,0.00040689,0.040689
01069,60378,"108,462","5,709,703,000","5,709,703",1.534774464,0.658073761,118.8,30.1,59.2,-0.109583094,2.631171903,336.3630062,94566.33333,0,0,0.247527168,0.0215329,0.297118229,0.001583634,0.1583634
01071,42815,"53,467","1,484,505,000","1,484,505",1.735587141,0.351628615,94,36.6,48.4,-0.136036975,1.293793029,141.0623,34672.33333,0,0,0.238541683,0.010029782,0.319849638,0.000765247,0.0765247
01073,63063,"662,895","48,581,447,000","48,581,447",1.572918645,0.383146348,110.5,35.5,51.3,-0.108715668,7.807220954,1329.355687,770359,0,0,0.231929438,0.080342054,0.292306651,0.005446751,0.5446751
01075,67086,"13,661","323,734,000","323,734",1.217194098,0.474620289,96.2,48.2,48.4,-0.113229044,0.857353113,78.10414812,4825.666667,0,0,0.212241703,0.005955816,0.298472765,0.000377291,0.0377291
01077,33176,"96,814","2,770,761,000","2,770,761",1.686527567,0.760656625,93,37,47,-0.070057186,2.311420359,307.2410233,83517.33333,0,0,0.240915291,0.018916824,0.318599703,0.001451971,0.1451971
01079,23539,"33,502","582,451,000","582,451",1.749967302,2.377165953,232.9,34.6,46.2,0.155897286,1.090873099,135.4198835,24744.33333,0,0,0.344563452,0.00830203,0.31263299,0.00089431,0.089431
01081,31745,"183,215","6,860,502,000","6,860,502",1.734308112,1.936718008,207.9,31.2,57,0.103412431,4.087616144,532.5330356,216110,0,0,0.342083614,0.035787442,0.311345803,0.003811588,0.3811588
01083,50605,"114,654","4,685,164,000","4,685,164",1.529642332,0.264403433,95.9,36.8,44,-0.121385625,2.35049656,288.6880096,92583,0,0,0.200482698,0.019436901,0.319288946,0.001244193,0.1244193
01085,77363,"9,717","403,938,000","403,938",1.478089286,0.450781994,95.1,38.3,56.7,-0.12528736,0.585054927,45.47738452,5221.333333,0,0,0.241020306,0.004019665,0.289708036,0.000280675,0.0280675
01087,52713,"18,370","557,814,000","557,814",1.472803875,0.415157286,96.5,36.1,52.9,-0.106208954,0.922867338,100.0599258,10582,0,0,0.223068843,0.006630032,0.304865898,0.000450882,0.0450882
01089,63789,"412,600","28,787,879,000","28,787,879",1.566563664,0.339396545,109.7,35.5,43.6,-0.122356218,6.243632294,927.4172507,451298.6667,0,0,0.206949229,0.058804394,0.305215536,0.003714328,0.3714328
01091,77985,"18,684","799,526,000","799,526",1.445394388,0.555575646,100.2,43.4,59,-0.096741412,0.725037446,65.2670477,10252.33333,0,0,0.261458061,0.00518386,0.284590334,0.000385723,0.0385723
01093,72482,"29,244","938,817,000","938,817",1.379619385,3.47708514,390.7,42.8,46.2,0.488224509,1.139431925,115.9632247,12952.33333,0,0,0.441577669,0.00823533,0.311863876,0.001134105,0.1134105
01095,37778,"100,756","3,828,507,000","3,828,507",1.956934368,0.323933183,98.3,28.8,47.8,-0.115680636,2.995434871,364.670609,101342,0,0,0.242961924,0.024322898,0.324746587,0.001919102,0.1919102
01097,40478,"411,640","21,926,659,000","21,926,659",1.619940111,0.321083871,103.2,41.5,64.2,-0.139217388,4.571746185,774.8884337,541690,0.005407779,0.086352949,0.285679113,0.091239804,0.336897204,0.008781329,0.8781329
01099,40932,"19,229","604,595,000","604,595",1.541296105,0.402080865,91.1,48.6,63.5,-0.122604957,0.694000887,61.30732168,14770.66667,0,0.002302995,0.291240402,0.006143664,0.295697355,0.000529086,0.0529086
01101,52329,"224,980","14,441,833,000","14,441,833",1.566383815,0.392724864,107.7,29.8,54,-0.127218153,3.666166159,561.0778476,275983,0,0,0.224218758,0.034784532,0.28170137,0.002197086,0.2197086
01103,44136,"125,133","6,014,993,000","6,014,993",1.498928622,1.748946588,146,37.6,45.1,0.043448469,3.191198017,413.2713393,136283.3333,0,0,0.265500225,0.026860088,0.294525783,0.002100369,0.2100369
01105,32304,"7,738","165,321,000","165,321",1.416741883,0.352196975,118.8,43.3,51.7,-0.140509309,0.626021923,49.22032614,5117.666667,0,0,0.236508108,0.00430745,0.289024686,0.000294443,0.0294443
01107,48339,"18,688","444,818,000","444,818",1.398725407,0.132409892,88,44.2,53,-0.129650019,0.705502843,62.34698157,9202,0,0,0.224209469,0.005010239,0.303003225,0.000340377,0.0340377
01109,77768,"33,137","1,565,154,000","1,565,154",1.562587466,0.401747672,92.5,35.3,57,-0.106426063,1.053208398,116.6631537,20126,0,0,0.241543134,0.007862361,0.279249326,0.000530322,0.0530322
01111,55182,"22,786","512,986,000","512,986",1.616994152,0.222207084,98.6,45.1,57.1,-0.095005847,1.027622731,104.0654986,9296.333333,0,0,0.269736761,0.007323898,0.307502928,0.00060748,0.060748
01113,47188,"58,744","1,613,861,000","1,613,861",1.215505511,0.33721941,97.8,55.8,54,-0.111808899,1.382504804,179.2954474,34200.33333,0,0,0.24473,0.010700289,0.296949744,0.000777617,0.0777617
01115,21161,"95,552","2,110,781,000","2,110,781",1.135256574,0.398463524,101.4,44.4,44.6,-0.097578233,2.547632759,259.0562666,99746.66667,0,0,0.182019862,0.020973813,0.314338292,0.001200034,0.1200034
01117,31434,"233,000","12,947,298,000","12,947,298",1.543814338,0.440382248,108.9,37,52.9,-0.10867515,5.501749947,721.7848701,411894,0,0,0.238209047,0.052052659,0.284228565,0.003524268,0.3524268
01119,52780,"11,727","304,877,000","304,877",1.359359896,0.502976684,107.6,52.4,55.4,-0.063140563,0.563110019,45.46380795,5776.333333,0,0,0.264682016,0.003884732,0.302806538,0.000311351,0.0311351
01121,50076,"81,132","3,278,496,000","3,278,496",1.415703268,0.435466711,107.8,40,50.4,-0.087344134,1.992485622,255.3033668,65470.66667,0,0,0.223240389,0.016046349,0.2969508,0.001063735,0.1063735
01123,60789,"40,677","1,448,394,000","1,448,394",1.503362141,0.256239494,152.8,35.8,52.8,-0.128307334,1.566860188,165.909473,23826.66667,0,0,0.238756503,0.011630939,0.287931384,0.000799575,0.0799575
01125,44734,"237,373","10,218,891,000","10,218,891",1.474424362,0.502692204,108.9,41.9,52.5,-0.096313838,2.211828605,306.0335316,228436.3333,0,0,0.243206291,0.022746252,0.295301765,0.001633619,0.1633619
01127,34017,"64,728","1,728,974,000","1,728,974",1.272824347,0.886198925,118.3,42.8,47.2,-0.051094789,1.677389074,188.4528889,50826.66667,0,0,0.221232486,0.013281438,0.285146762,0.000837843,0.0837843
01129,87617,"15,022","863,463,000","863,463",1.464151751,0.511680408,96.8,52.8,68.9,-0.13572084,0.567114681,38.6966626,9855,1.31E-05,0.006735123,0.313704836,0.007078734,0.310900447,0.000690396,0.0690396
01131,58584,"9,944","314,907,000","314,907",1.313963534,0.568816127,95.4,52.3,59.5,-0.1044856,0.506967782,41.42140429,5375.333333,0,0,0.268998516,0.003475383,0.310236057,0.000290031,0.0290031
01133,65232,"23,611","813,897,000","813,897",1.391808445,3.104683096,335.3,41,44.1,0.370917197,1.076132125,112.4646542,12477,0,0,0.389233899,0.007775005,0.30816831,0.000932608,0.0932608
04001,24621,"65,036","2,231,257,000","2,231,257",2.030989302,0.146364575,71.6,64.7,36.6,-0.165151886,0.275172009,29.76789675,90623.33333,0,0,0.299381048,0.004506498,0.302628438,0.000408294,0.0408294
04003,27682,"124,640","4,855,020,000","4,855,020",2.062796107,-1.907878063,34.4,34.7,43.3,-0.409290654,0.524383679,132.668082,175385.3333,0,0,0.164083855,0.009068418,0.339574805,0.000505281,0.0505281
04005,41271,"144,472","7,696,628,000","7,696,628",2.197175328,-0.065087793,80.1,65.9,40.5,-0.273606899,0.288306067,93.99190269,186489,0,0,0.323483528,0.007706634,0.288131985,0.000718304,0.0718304
04007,38871,"54,003","1,799,560,000","1,799,560",1.895305143,0.218330182,97.9,54.6,44.5,-0.225626109,0.38480838,359.8453837,46295.33333,0,0,0.290294533,0.004486796,0.284037206,0.000369956,0.0369956
04009,27621,"39,525","1,248,772,000","1,248,772",1.77647331,0.251746734,101.1,43.2,46.1,-0.17403716,0.174711609,131.2760943,45211,0,0,0.257078616,0.002577915,0.324958148,0.000215358,0.0215358
04011,299497,"9,369","1,600,809,000","1,600,809",2.237764528,-1.827435511,37.3,46.8,51.1,-0.440248084,0.229833872,148.0234011,5345,0,0,0.238666504,0.001746791,0.269791442,0.000112476,0.0112476
04012,35240,"16,710","676,852,000","676,852",1.894945445,0.382469532,95.5,57,54.5,-0.001037476,0.33139156,188.6084016,19206.66667,0,0,0.340421118,0.002958016,0.485932953,0.00048932,0.048932
04013,59242,"4,585,871","298,240,414,000","298,240,414",1.855755083,0.343695855,97.2,39.8,55.5,-0.082983307,4.086905598,3219.940034,5034235,0,0,0.29069431,0.191052056,0.835371593,0.046394655,4.6394655
04015,15812,"223,682","6,257,347,000","6,257,347",2.136681401,-0.67423334,69.3,49.5,41.7,-0.378969217,0.519590446,344.8099531,395742.3333,0,0,0.245971068,0.016299469,0.325320805,0.001304275,0.1304275
04017,16883,"109,175","2,804,006,000","2,804,006",1.876889345,-2.460979206,10,67,36.8,-0.345633795,0.345284947,55.50478921,166082.6667,0,0,0.186625998,0.007394743,0.328464251,0.000453297,0.0453297
04019,33827,"1,063,162","47,959,709,000","47,959,709",2.098959474,-2.575963429,20.1,23.6,51.7,-0.366456473,1.515498655,1016.227098,1417799.333,0,0,0.147526769,0.056330026,0.400504443,0.003328267,0.3328267
04021,21182,"484,239","9,982,112,000","9,982,112",1.838044011,0.330120174,98.1,30.6,48.7,-0.127421595,1.041905156,421.7320577,471243.6667,0,0,0.243302656,0.022419392,0.392259028,0.002139654,0.2139654
04023,26762,"49,158","2,022,514,000","2,022,514",1.541394694,-2.395355031,16.5,66.7,46.4,-0.377785355,0.794719668,233.7778524,75575.33333,0,0,0.181754196,0.008013668,0.29772049,0.000433635,0.0433635
04025,24167,"249,081","8,092,110,000","8,092,110",1.794163273,0.242458868,93.2,68.6,46.8,-0.179178588,0.78380551,384.4298245,334839.3333,0,0,0.321200129,0.016304075,0.32424079,0.001698007,0.1698007
04027,19540,"213,221","8,137,550,000","8,137,550",2.03638267,-9.313076903,3.8,34.5,56.5,-0.812016401,0.786880018,1028.413324,416453.6667,0,0,0,0.02004902,0.485932953,0,0
05001,144325,"16,307","1,036,351,000","1,036,351",1.574058924,0.315787678,89.6,39.5,41.9,-0.109860192,0.563040271,66.72470524,7180.666667,0,0,0.205700239,0.003966921,0.276262365,0.000225429,0.0225429
05003,60681,"18,262","728,373,000","728,373",1.437252007,3.217312901,408.7,42.9,43.1,0.58016428,0.599309456,71.28529206,12003.33333,0,0,0.448242535,0.004377348,0.294599972,0.000578039,0.0578039
05005,48830,"42,875","1,628,561,000","1,628,561",1.58654234,3.214606696,614,50.2,36,1.20341776,1.58419264,205.708222,33351.66667,0,0,0.609000483,0.012121138,0.294717074,0.002175536,0.2175536
05007,45293,"311,013","18,675,011,000","18,675,011",1.51853428,0.208219316,92.2,45.6,31.2,-0.165005317,5.749380899,734.7443759,412314.3333,0,0,0.180920149,0.053807227,0.344653766,0.003355139,0.3355139
05009,47320,"38,530","1,412,493,000","1,412,493",1.91331582,0.172228818,82.1,40.6,32.8,-0.137405982,1.196228062,114.2547708,29850,0,0,0.213970515,0.009153518,0.308007448,0.000603258,0.0603258
05011,65377,"10,104","334,315,000","334,315",1.493608716,0.304343329,88.1,44.4,42.3,-0.087819494,0.571336929,48.35922948,5113.666667,0,0,0.208950196,0.003926411,0.296788837,0.000243493,0.0243493
05013,63503,"4,641","339,866,000","339,866",1.480772121,0.224825881,86.2,48.8,42.8,-0.089661396,0.413876587,34.41550788,5352,0,0,0.217230012,0.002816097,0.288376225,0.000176412,0.0176412
05015,34040,"28,814","968,041,000","968,041",1.775211152,0.214338571,79.5,43.9,33.2,-0.143875934,0.978428138,85.46285066,28438.66667,0,0,0.208140635,0.007546028,0.319352117,0.000501586,0.0501586
05017,47701,"9,538","245,185,000","245,185",1.439945814,3.534757199,472.6,37.5,43.7,0.862334476,0.584618287,54.76838056,5140,0,0,0.505431237,0.004031074,0.302512248,0.000616348,0.0616348
05019,46286,"21,274","751,849,000","751,849",1.533407979,0.291233668,94.6,45.4,37.3,-0.086065709,0.605542186,62.34184746,16243.66667,0,0,0.202912936,0.00453657,0.296541772,0.000272975,0.0272975
05021,69089,"14,201","349,451,000","349,451",1.631936959,2.621566837,396.1,46.1,37.8,0.555766464,0.761055831,72.48837599,5058,0,0,0.44167974,0.005284808,0.304621101,0.000711044,0.0711044
05023,31483,"25,445","622,875,000","622,875",1.422046196,1.106451333,126.1,46.2,32.5,-0.005643333,1.228534001,102.8122945,19784.66667,0,0,0.214456985,0.009042603,0.296584933,0.000575152,0.0575152
05025,29235,"7,378","151,474,000","151,474",1.523785256,0.172627879,85.2,41.1,43.6,-0.089530413,0.506443061,34.34889866,5181.333333,0,0,0.203282756,0.003452766,0.300045054,0.000210598,0.0210598
05027,72557,"22,150","981,839,000","981,839",1.638618505,2.735633261,301.4,41.1,42.5,0.435894395,0.742903735,67.43114271,13532,0,0,0.3906782,0.005414098,0.283870745,0.000600435,0.0600435
05029,67080,"21,077","746,263,000","746,263",1.690269815,0.140347546,81.7,41.8,37.4,-0.113253292,0.808269347,74.80572156,11125,0,0,0.203871215,0.005805887,0.297254058,0.000351846,0.0351846
05031,48045,"113,993","5,245,632,000","5,245,632",1.597107077,2.307936836,251.7,46.5,37.3,0.297949022,2.03942692,245.8975833,109182.6667,0,0,0.3447065,0.017718906,0.310375597,0.001895719,0.1895719
05033,23343,"61,891","1,749,952,000","1,749,952",1.638063909,1.295985715,182.5,44.7,34,-0.066147414,1.668927985,231.4866458,74968.33333,0,0,0.267061102,0.014054764,0.311337913,0.001168601,0.1168601
05035,36043,"47,139","1,671,569,000","1,671,569",1.535432533,3.119793766,500.7,40.3,39.6,0.778228559,1.156191933,200.6938342,46377,0,0,0.503934269,0.009549493,0.294787032,0.001418609,0.1418609
05037,50716,"16,420","419,117,000","419,117",1.602093206,0.089903223,80.5,41.5,39.3,-0.107222877,0.650737511,66.97562804,8264,0,0,0.196777295,0.004609527,0.307106303,0.000278561,0.0278561
05039,48387,"6,185","238,227,000","238,227",1.532272816,0.209110106,89.5,48.8,39.4,-0.094913262,0.500265601,45.5302542,4923.333333,0,0,0.213620661,0.003422294,0.275328917,0.000201285,0.0201285
05041,94813,"10,479","516,319,000","516,319",1.43888279,0.37013172,81.4,40.1,42.8,-0.107665177,0.474640688,68.92981623,5445.666667,0,0,0.1932951,0.003303594,0.297047671,0.000189685,0.0189685
05043,51301,"16,945","600,632,000","600,632",1.447797305,0.087543845,164.2,41.6,42.5,-0.153621245,0.556242995,57.80741985,11708,0,0,0.215112147,0.00404476,0.301861844,0.000262643,0.0262643
05045,19144,"129,951","4,146,551,000","4,146,551",1.548724147,0.203921852,87.7,40.4,34,-0.100636637,3.852961379,463.537079,216596,0,0,0.177941216,0.034048782,0.313344826,0.001898457,0.1898457
05047,40828,"17,468","450,117,000","450,117",1.658758209,0.057149943,99.7,45.9,35.1,-0.170220122,0.757095998,83.53841066,11024.66667,0,0,0.206984919,0.005463732,0.308306722,0.000348667,0.0348667
05049,38311,"12,421","200,824,000","200,824",1.268591725,-0.340903316,55.7,52.2,34.8,-0.14406744,0.684501524,44.95703798,5242,0,0,0.152198868,0.004709202,0.312757759,0.000224165,0.0224165
05051,34549,"99,784","3,498,943,000","3,498,943",1.759860937,2.248619016,241.9,38.4,37.4,0.152966949,2.595668881,396.6574933,101275,0,0,0.331514162,0.021606149,0.286546345,0.002052458,0.2052458
05053,38735,"18,383","405,324,000","405,324",1.425381074,0.277790691,110.2,47.9,40.2,-0.110911365,0.621494531,58.18215725,10464,0,0,0.210215078,0.004459262,0.293743526,0.000275356,0.0275356
05055,47436,"46,743","1,587,303,000","1,587,303",1.702919458,0.466893035,107.5,46.6,37.6,-0.0756131,1.156775169,120.4395064,33461.66667,0,0,0.236247197,0.009003851,0.311315779,0.000662211,0.0662211
05057,51762,"19,343","1,008,658,000","1,008,658",1.700653485,1.546613215,315.5,40.5,39.1,0.152387755,0.779667534,73.70210618,19486.33333,0,0,0.340039827,0.005866397,0.311684337,0.000621751,0.0621751
05059,48628,"33,258","1,150,517,000","1,150,517",1.5963124,1.441125197,182.8,43.1,39.6,0.042315117,0.982896972,110.8922015,23659.33333,0,0,0.278363022,0.007474343,0.305210358,0.000635015,0.0635015
05061,64262,"12,533","640,845,000","640,845",1.808069496,0.269810637,81.6,39.1,38.4,-0.104071089,0.631640989,70.57332223,9972.333333,0,0,0.216997708,0.004536943,0.30821237,0.000303437,0.0303437
05063,71063,"38,320","1,850,946,000","1,850,946",1.688007741,0.154149465,80.7,42.4,36.3,-0.106344128,0.922559561,89.44894882,26046.66667,0,0,0.202029176,0.007091114,0.303085397,0.000434204,0.0434204
05065,55992,"14,169","286,550,000","286,550",1.557056658,0.053484934,86.2,46.1,35.4,-0.125897035,0.747975286,55.5792986,5117.666667,0,0,0.192448671,0.005165037,0.305284236,0.000303454,0.0303454
05067,129237,"16,784","733,508,000","733,508",1.62852519,0.197127722,82.6,44.7,37.7,-0.110053485,0.704307174,67.03587787,5675.666667,0,0,0.207003924,0.004900466,0.288579579,0.00029274,0.029274
05069,36876,"63,661","2,909,795,000","2,909,795",1.553266453,0.323281163,97.7,39.6,41.4,-0.092996503,1.521999617,242.7075275,78906.66667,0,0,0.204881424,0.013178955,0.302508047,0.000816809,0.0816809
05071,24436,"26,129","737,464,000","737,464",1.791423896,0.140166789,106.1,42.6,36.3,-0.164259744,0.930829143,140.246829,30179,0,0,0.221981179,0.007370253,0.312709327,0.00051161,0.051161
05073,28045,"6,095","140,066,000","140,066",1.593461405,0.273625876,95.2,40.5,39.5,-0.075112321,0.615776515,57.33626035,4994.333333,0,0,0.203820941,0.004247359,0.303081466,0.000262378,0.0262378
05075,67231,"16,318","444,888,000","444,888",1.713706722,0.21769139,87.5,43.6,36.8,-0.097721787,0.781242043,73.3992651,6617.333333,0,0,0.213501843,0.005475163,0.31142906,0.000364047,0.0364047
05077,31009,"8,201","158,901,000","158,901",1.460394187,0.35180018,93.1,40.4,39.4,-0.110161794,0.517983739,44.51069196,5124.333333,0,0,0.189734193,0.003549611,0.304029321,0.000204758,0.0204758
05079,37823,"12,898","246,785,000","246,785",1.542740528,0.742923284,141.3,38.8,43.5,-0.051616682,0.574857241,43.00691122,6524.666667,0,0,0.235302757,0.003985085,0.311470232,0.000292066,0.0292066
05081,97011,"11,805","496,016,000","496,016",1.848861546,0.181061147,81.3,37.5,37.9,-0.101211203,0.671297795,70.96734149,5113,0,0,0.21365748,0.00466111,0.29303191,0.000291825,0.0291825
05083,34675,"21,400","489,303,000","489,303",1.932508706,-0.049932208,70,42.5,36.7,-0.142495118,0.745329298,85.33376256,14111,0,0,0.222058068,0.005481704,0.315937843,0.000384577,0.0384577
05085,14716,"75,944","1,409,825,000","1,409,825",1.559988239,0.263239838,105.4,39.4,37.7,-0.093586987,1.662995659,182.0081033,95800,0,0,0.19494577,0.0145733,0.320857412,0.000911557,0.0911557
05087,63760,"17,775","482,194,000","482,194",1.851503127,1.187748102,147.9,38.8,36.7,-0.053544929,0.598321863,38.73586882,7562.666667,0,0,0.269096427,0.004172443,0.324204708,0.000364014,0.0364014
05089,64813,"17,514","666,082,000","666,082",1.726533777,2.158225115,215.6,48,35.3,0.188043556,0.926675752,73.43420619,10277,0,0,0.33819972,0.006598281,0.309658228,0.000691014,0.0691014
05091,34710,"42,415","1,299,941,000","1,299,941",1.734355058,0.291791063,99.1,37.3,38.9,-0.08042051,1.114445942,127.1970785,37451,0,0,0.211995646,0.008847063,0.293551757,0.000550568,0.0550568
05093,82228,"38,663","2,992,677,000","2,992,677",1.498207446,0.283632255,99,43.3,37.6,-0.112744679,0.936236728,150.2081919,36394.66667,0,0,0.196134072,0.007619938,0.299299201,0.000447311,0.0447311
05095,35282,"6,512","171,858,000","171,858",1.458519119,0.319493348,90.1,40.8,38.6,-0.102881266,0.603108027,64.79736635,4871,0,0,0.18634202,0.004169264,0.293336912,0.000227896,0.0227896
05097,27042,"8,620","140,980,000","140,980",1.479772773,0.010367062,92.1,44.3,34.6,-0.144172894,0.644854037,94.16319353,5213.333333,0,0,0.177197063,0.004523189,0.309562975,0.000248113,0.0248113
05099,46283,"8,120","230,798,000","230,798",1.645606894,0.271491971,93.8,41.9,41.3,-0.073068459,0.571824123,41.99404831,4986.666667,0,0,0.218008431,0.003914197,0.293074655,0.000250089,0.0250089
05101,20008,"7,071","104,120,000","104,120",1.80788917,1.138884686,139.8,39.1,34.9,-0.040280945,0.528139566,41.73007589,5204,0,0,0.254937569,0.003617465,0.318673195,0.000293889,0.0293889
05103,42389,"21,793","656,225,000","656,225",1.500111512,0.261656924,91.4,49.7,40.9,-0.084578077,0.844939343,92.28743501,15481,0,0,0.218805703,0.00622814,0.288827247,0.0003936,0.03936
05105,27422,"10,184","166,505,000","166,505",1.528644627,0.835029487,147.5,45.3,35,-0.056935947,0.709292103,68.71002716,6072,0,0,0.230626501,0.004950473,0.300693259,0.000343305,0.0343305
05107,41769,"14,961","499,944,000","499,944",1.398925694,0.390436838,90.2,42,39.5,-0.117544415,0.680654257,95.17327211,11969.33333,0,0,0.187243696,0.004984209,0.293550377,0.000273959,0.0273959
05109,50837,"10,208","271,691,000","271,691",1.520265181,0.23382246,81.4,46.7,37.3,-0.106044574,0.574552648,64.57355529,5344.333333,0,0,0.198825797,0.003985543,0.300325674,0.000237987,0.0237987
05111,43376,"22,397","555,034,000","555,034",1.521831517,1.169678959,115.6,44,38.1,0.01487545,0.710964661,84.39683967,12796,0,0,0.235117095,0.005200574,0.306738352,0.000375062,0.0375062
05113,53028,"19,436","590,519,000","590,519",2.044920618,0.455311133,87.3,33.4,37.1,-0.119988589,0.67026281,88.25854995,11136,0,0,0.232898764,0.004873485,0.316270348,0.000358976,0.0358976
05115,38877,"64,593","2,908,637,000","2,908,637",1.765821692,0.464135241,124.8,41.4,37.2,-0.107383056,1.388254814,242.0357548,74816.66667,0,0,0.234610966,0.012122327,0.320746181,0.000912212,0.0912212
05117,35964,"8,036","180,502,000","180,502",1.664496668,0.306755997,98.7,38.8,39.1,-0.094476181,0.589916069,47.41194942,5019,0,0,0.208675093,0.004050606,0.300151557,0.000253706,0.0253706
05119,64284,"400,009","30,579,205,000","30,579,205",1.586572845,0.298873128,103.9,38.4,37.3,-0.088590209,6.456303658,1053.665326,475687.3333,0,0,0.194839252,0.061271432,0.269048274,0.00321192,0.321192
05121,64400,"18,907","567,773,000","567,773",1.597887996,0.161173872,85.2,44.7,34.8,-0.110152993,0.707427771,59.54544283,8816.333333,0,0,0.194705356,0.005006437,0.3072663,0.000299517,0.0299517
05123,46137,"22,101","695,578,000","695,578",1.571625528,-0.266356066,59.7,40.5,38.9,-0.140693476,0.806598449,97.57279095,15076.33333,0,0,0.173026099,0.005959205,0.296708137,0.000305935,0.0305935
05125,23834,"129,574","3,070,928,000","3,070,928",1.809076458,1.529324625,169.4,37.9,38.3,0.054397865,2.24694582,298.0495605,128848.3333,0,0,0.283999217,0.019867425,0.291011445,0.001641984,0.1641984
05127,69737,"9,851","353,079,000","353,079",2.043510939,-0.098982496,68.7,41.5,38.8,-0.150633254,0.49558983,74.69659585,5063,0,0,0.236665967,0.00344751,0.318749371,0.00026007,0.026007
05129,36992,"7,806","182,422,000","182,422",1.990690913,-0.076064248,63.3,42.8,35.9,-0.146129922,0.538861002,34.01619612,4931.333333,0,0,0.224281875,0.003669234,0.310926886,0.000255875,0.0255875
05131,44697,"129,098","7,068,271,000","7,068,271",1.768815127,0.224574239,83.3,46.1,34,-0.138424196,3.478096386,585.98127,158137.6667,0,0,0.216688458,0.029847832,0.285636159,0.001847403,0.1847403
05133,36572,"15,632","539,790,000","539,790",1.811265599,0.250722025,75.1,38.9,37.9,-0.11801646,0.658001258,74.09557519,14759.66667,0,0,0.21283611,0.004875634,0.313586888,0.000325413,0.0325413
05135,62881,"17,968","397,995,000","397,995",1.556943233,0.153560428,103.1,46.9,35.9,-0.108379541,0.873106849,69.77714651,6329.333333,0,0,0.204315658,0.006096807,0.316328416,0.000394042,0.0394042
05137,48239,"12,671","255,235,000","255,235",1.703916295,-0.111811456,65.3,44.2,33.1,-0.131331629,0.674220595,48.44933321,5291,0,0,0.186334879,0.004645795,0.309810418,0.000268195,0.0268195
05139,85620,"37,397","2,579,072,000","2,579,072",1.595335439,0.327770721,96.9,45.5,43.7,-0.08842959,0.870465899,100.13376,30122.33333,0,0,0.231112003,0.006876462,0.26476891,0.000420779,0.0420779
05141,57631,"16,142","370,396,000","370,396",1.924032436,2.708275125,330.5,40.1,37.9,0.411801322,0.761261319,60.35256126,6427,0,0,0.425488938,0.005306782,0.30407235,0.000686588,0.0686588
05143,39379,"261,549","13,190,992,000","13,190,992",1.543981928,0.904556359,141.6,42.7,31.7,-0.119084955,3.934944335,520.3273863,334978.3333,0,0,0.216896146,0.038415605,0.337093628,0.00280873,0.280873
05145,26679,"78,452","2,360,524,000","2,360,524",1.685632284,0.256228686,86.4,40.2,36.4,-0.094287595,1.286035532,138.9445802,88480.33333,0,0,0.201253938,0.011651285,0.334219101,0.000783699,0.0783699
05147,48326,"5,964","240,728,000","240,728",1.609517658,0.286093211,93.3,41,37.2,-0.100097562,0.480511753,56.13522113,4981.333333,0,0,0.199933827,0.003306452,0.298753993,0.000197498,0.0197498
05149,35570,"20,044","669,036,000","669,036",1.505719003,0.154642495,76.8,47.3,34.6,-0.125155078,0.629089355,88.84798188,18809,0,0,0.18719758,0.0048284,0.317003501,0.000286528,0.0286528
06001,68939,"1,622,188","148,710,279,000","148,710,279",1.792898826,0.322043122,116.9,79.3,36.7,-0.252923044,15.5267369,5774.473533,2157136.667,0.021939197,0.068996231,0.328263368,0.226407833,0.347013231,0.025790508,2.5790508
06003,73237,"1,141","102,508,000","102,508",1.862163524,0.300850828,79.8,84.3,41.9,-0.269798459,0.399903591,181.6511198,1399.666667,0,0,0.348770034,0.002864856,0.27168835,0.000271464,0.0271464
06005,41423,"41,811","1,603,830,000","1,603,830",1.629895334,0.130355398,83,85.2,38,-0.294108099,1.38719116,153.6167873,38718.66667,0,0,0.308613464,0.010826881,0.283203768,0.000946275,0.0946275
06007,29808,"207,172","9,106,972,000","9,106,972",1.508397795,0.321809376,77.5,80.1,40.3,-0.309194145,2.278391665,391.2225087,305521.6667,0,0,0.292274384,0.025769245,0.365805343,0.002755133,0.2755133
06009,28134,"46,565","1,362,966,000","1,362,966",1.554203387,0.128413497,79.4,91.3,40.7,-0.283096418,1.344288907,149.9003517,48446,0,0,0.322078426,0.010826046,0.291140815,0.00101516,0.101516
06011,59751,"22,037","1,366,634,000","1,366,634",1.987019798,0.033688518,78.2,48.8,40.7,-0.262041337,0.465767347,48.32774439,22872,0,0,0.261300089,0.003748221,0.340269635,0.000333264,0.0333264
06013,54717,"1,155,025","76,340,778,000","76,340,778",1.296070113,0.198512983,100.5,101.4,27,-0.244541719,13.06356186,3568.211362,1395204,0.023355052,0.121702986,0.287772321,0.205984616,0.326996738,0.019383278,1.9383278
06015,30910,"26,589","793,917,000","793,917",2.749705486,1.269288186,142.6,65.7,82.8,-0.443868288,0.609475118,157.5111408,25684.66667,0.000111433,0.005542167,0.56938792,0.00758872,0.299211758,0.001292872,0.1292872
06017,30736,"192,215","8,382,976,000","8,382,976",2.014809744,-0.031687266,71.7,72.1,42.7,-0.31958763,2.551902977,521.0180984,272744.6667,0,0,0.324987539,0.026880834,0.296317192,0.002588608,0.2588608
06019,27942,"1,017,162","45,388,356,000","45,388,356",1.620746674,0.341126153,104.9,68.7,42.2,-0.227594666,2.34765143,633.0212837,1624349,0,0,0.294616492,0.067848121,0.933781225,0.018665517,1.8665517
06021,37380,"28,129","967,170,000","967,170",1.755669215,-1.470427217,26.5,48.5,30.3,-0.351064016,0.506444223,64.35189823,25874.33333,0,0,0.143478367,0.004153362,0.346880958,0.000206712,0.0206712
06023,45153,"133,985","5,629,986,000","5,629,986",1.91845024,0.322679163,106.9,110.8,79,-0.427325721,0.725611005,97.18585805,124686.6667,0.002431862,0.04202364,0.539838758,0.028918461,0.33322199,0.00520203,0.520203
06025,23777,"179,057","8,517,940,000","8,517,940",1.674904089,0.366683105,106.1,57.3,53.6,0.094853073,1.443917788,337.9629357,358250,0,0,0.323295163,0.021528827,0.446989217,0.003111119,0.3111119
06027,192072,"18,527","1,120,740,000","1,120,740",2.053884195,0.249870911,86.6,52.8,39.4,-0.026499042,0.266693075,331.9842064,5835,0,0,0.292080627,0.002353899,0.257721054,0.000177191,0.0177191
06029,30675,"913,820","43,822,046,000","43,822,046",2.161406666,-1.13191189,28.8,45.1,50.1,-0.27763224,1.91954931,389.7978996,1428574,0,0,0.244285222,0.058324492,0.864967279,0.012323891,1.2323891
06031,24534,"152,682","6,607,669,000","6,607,669",1.863659556,-3.348195466,5.4,50.9,54.2,-0.370309928,1.382105133,195.2197083,269332,0,0,0.173856856,0.018064363,0.474415528,0.001489956,0.1489956
06033,25446,"67,878","1,867,799,000","1,867,799",2.631125582,0.158754383,85.4,28.9,41,-0.32366462,1.384460112,265.5434958,73403.66667,0,0,0.291601449,0.012094862,0.306809026,0.001082078,0.1082078
06035,36689,"28,861","1,079,581,000","1,079,581",2.338210131,0.836378476,130.1,59.3,35.8,-0.056174145,0.373987249,41.86631149,29425,0,0,0.373113824,0.003304252,0.306740504,0.000378169,0.0378169
06037,54524,"9,663,345","790,016,435,000","790,016,435",1.890727198,0.312240373,95.9,67.4,58.9,-0.156596928,15.69760732,7398.803733,14489233.33,0.025341182,0.007457317,0.36690854,0.589121219,1,0.216153606,22
06039,19131,"162,858","6,140,436,000","6,140,436",1.757677765,0.286792118,97.8,78.3,48.2,-0.250610138,1.929945003,304.5268825,320962.6667,0,0,0.346881133,0.023675591,0.453710251,0.003726148,0.3726148
06041,147123,"254,407","30,668,950,000","30,668,950",1.392268104,-0.109441765,68.3,92.5,17,-0.291675764,5.775579571,1417.648027,208458.3333,0.050249741,0.033935072,0.225860537,0.086940317,0.131710798,0.002586324,0.2586324
06043,126644,"16,919","704,140,000","704,140",2.00995378,0.178364774,86.8,62.4,42,-0.266549695,0.539259071,58.88434468,5560,0,0,0.309246737,0.003737053,0.272804298,0.000315272,0.0315272
06045,46811,"89,108","3,519,898,000","3,519,898",1.962954823,0.193595746,90.1,61.3,53.8,-0.370477059,0.650528082,65.05728153,75194.33333,7.87E-05,0.001332046,0.336884601,0.007331132,0.315789744,0.00077992,0.077992
06047,19213,"291,920","9,251,611,000","9,251,611",1.654475877,-2.48015942,13.7,64.1,44.9,-0.347890915,2.263909162,430.6730654,481538.3333,0,0,0.18036251,0.031233815,0.487834514,0.002748172,0.2748172
06049,83454,"8,500","431,710,000","431,710",2.278673934,-0.125542946,39.7,72.2,37.8,-0.257617951,0.287625845,31.16520205,5173,0,0,0.326495123,0.001928794,0.296775687,0.000186892,0.0186892
06051,199056,"13,066","1,078,682,000","1,078,682",1.961066415,0.408655359,96.6,74.3,40.6,-0.127312062,0.48035013,252.0237628,5419,0,0,0.344818053,0.003676915,0.266375713,0.000337729,0.0337729
06053,41311,"430,723","26,728,936,000","26,728,936",1.928020376,-0.011598159,77.2,88.6,62.8,-0.243890571,1.905142122,363.6031923,647023.3333,0.000524391,0.009808458,0.418247266,0.038458987,0.830256207,0.013354975,1.3354975
06055,80258,"133,216","11,316,575,000","11,316,575",1.875247517,0.26182532,91.2,60.6,41,-0.274995619,2.077770039,424.1947793,141002,0.000898019,0.026277146,0.290213995,0.031591268,0.302256301,0.002771155,0.2771155
06057,50542,"102,037","4,543,195,000","4,543,195",1.704783497,0.232807484,77.5,89.3,40.9,-0.327862317,2.033780858,346.3217844,89889,0,0,0.33686239,0.017261137,0.274906293,0.001598478,0.1598478
06059,66808,"3,135,755","270,440,831,000","270,440,831",1.280089818,0.343590878,112.2,114.9,45.1,-0.149110774,26.24268195,9459.774358,4048009.333,0.108640648,0.012635712,0.382818062,0.380203642,0.522066364,0.075986144,7.5986144
06061,44815,"423,561","26,571,231,000","26,571,231",1.672905195,0.022651025,73.8,82.7,40.2,-0.331213197,4.738961759,1187.019189,592909.3333,0,0,0.30744552,0.053260349,0.312673461,0.00511992,0.511992
06063,158547,"19,131","893,623,000","893,623",2.132281587,2.002589161,348.8,76.8,43.4,-0.284183139,0.591415199,95.30710206,5636.333333,0,0,0.537606561,0.004167784,0.271801735,0.000609007,0.0609007
06065,28655,"2,492,442","95,159,114,000","95,159,114",2.050808957,0.328038909,100.5,48.7,55.4,-0.068554511,3.508478198,1635.841076,3320823.333,0,0,0.335511584,0.130674753,0.670236383,0.029385102,2.9385102
06067,51542,"1,584,288","98,990,166,000","98,990,166",1.416999791,-2.202547721,12.4,59.3,28.4,-0.349909287,12.74626457,3341.231409,1920576.667,0.071107382,0.226934609,0.10148066,0.288937884,0.436043001,0.012785482,1.2785482
06069,22295,"68,175","2,261,595,000","2,261,595",2.055172045,0.173488136,88.6,49.7,58.7,-0.220207791,0.839218395,140.8125517,101441.6667,0,7.22E-05,0.333636762,0.008992348,0.309261116,0.000927838,0.0927838
06071,30140,"2,195,611","100,649,568,000","100,649,568",2.364089394,0.279075986,90.3,33.7,47.9,-0.050508246,1.787776031,1410.31789,3339382.333,0,0,0.306766262,0.118905649,0.532399917,0.019419948,1.9419948
06073,65475,"3,269,973","257,341,197,000","257,341,197",1.479945704,0.02255705,121.9,83.1,60.3,-0.285152685,7.410513148,3036.255541,3930351,0.006312353,0.001968646,0.361145517,0.183067172,0.748311952,0.049473813,4.9473813
06075,349502,"808,988","233,953,076,000","233,953,076",1.329085465,-1.414939925,40,54.6,13.8,-0.421787824,52.59311729,28960.13366,669390.3333,0.001750154,0.000866632,0.062776282,0.439532699,0.210376509,0.005804757,0.5804757
06077,27078,"800,965","32,624,193,000","32,624,193",1.404355566,0.42466706,125.6,64.6,32.7,-0.190083748,5.572236026,1027.892398,1204812.667,0.120845842,0.500793076,0.245365766,0.358927879,0.540540137,0.047604621,4.7604621
06079,51073,"281,639","17,761,567,000","17,761,567",1.871215425,0.081967937,85.5,54.2,69.2,-0.211783577,1.344570131,254.9688769,347768.3333,0.000176982,0.000593804,0.350035485,0.020709445,0.347780495,0.002521075,0.2521075
06081,194593,"726,353","165,414,201,000","165,414,201",1.70371084,0.009668961,77,105.5,42.1,-0.289641883,12.92516174,4393.797123,850051.6667,0.210031595,0.038530363,0.374663331,0.236321185,0.235445497,0.020846552,2.0846552
06083,50000,"441,257","31,147,307,000","31,147,307",2.11221102,0.219041547,87.2,49.3,67.6,-0.193253305,2.015181717,684.6826501,622945,0.000163872,0.003153578,0.365434529,0.035885467,0.472315252,0.006193842,0.6193842
06085,179603,"1,877,592","382,786,734,000","382,786,734",2.465225468,0.403510481,113.2,55.4,57,-0.24852436,9.457781666,3284.213781,2131288.333,0.035383264,0.038993102,0.406032962,0.171464359,0.39557168,0.027539772,2.7539772
06087,39662,"261,547","16,408,162,000","16,408,162",1.641188308,0.292868653,79.1,96.8,39.8,-0.280035906,8.156974576,1720.132713,413699,0.00083247,0.002262873,0.347969814,0.073751574,0.354795781,0.009105238,0.9105238
06089,38269,"180,366","8,126,075,000","8,126,075",2.423404587,0.499738645,92.1,62.2,38.7,-0.353700433,0.931049126,172.2372135,212339.6667,0,0,0.357302836,0.013114917,0.321869153,0.001508278,0.1508278
06091,27496,"3,200","96,666,000","96,666",2.247280095,0.488721274,83.2,75,41.1,-0.315935419,0.546850611,56.33662838,3515.666667,0,0,0.372940928,0.003721262,0.291995261,0.000405234,0.0405234
06093,41162,"42,905","1,594,553,000","1,594,553",2.107703075,0.165871342,47,77,38.2,-0.29495459,0.438096579,55.28285196,38738.33333,0,0,0.332907795,0.004064122,0.301097191,0.000407378,0.0407378
06095,36209,"449,218","28,736,277,000","28,736,277",1.39751209,-1.711709682,26.5,72.4,30.7,-0.359264589,6.576651435,1246.519763,793625.6667,0.009838881,0.158160386,0.15549616,0.148343657,0.336842086,0.007769892,0.7769892
06097,41901,"481,812","31,368,529,000","31,368,529",2.004898814,0.266374105,90.3,100.3,60.6,-0.29878178,4.971202722,843.156043,748632.6667,0.001055336,0.05775141,0.462279439,0.085692972,0.373067493,0.014778733,1.4778733
06099,22891,"551,430","23,457,778,000","23,457,778",1.822074778,0.156358238,91.2,63.9,41.8,-0.222993851,4.717755804,1171.918614,1024741.333,0,0,0.293757222,0.066561829,0.535208937,0.01046495,1.046495
06101,26319,"97,948","3,861,722,000","3,861,722",1.783394439,0.099075699,76.8,50.2,45.3,-0.22583294,2.277973064,337.9454237,146725.3333,0,0,0.257051201,0.02071344,0.358934241,0.001911115,0.1911115
06103,25533,"64,896","1,986,742,000","1,986,742",1.962143033,0.328093282,130.8,48.2,36.6,-0.379366905,0.579794646,81.39051657,77812,0,0,0.271339149,0.006314131,0.338098391,0.000579254,0.0579254
06105,53494,"15,670","370,586,000","370,586",2.321982986,3.283652952,393.2,43.1,43.2,-0.184178147,0.359327465,60.26886632,6927.666667,0,0,0.533758853,0.002534111,0.298276072,0.000403449,0.0403449
06107,19948,"479,468","18,098,172,000","18,098,172",1.578373787,0.008468576,68.1,61.7,41.4,-0.22287348,2.257021353,626.4819744,907279,0,0,0.245091212,0.044829897,0.824030345,0.009053962,0.9053962
06109,43588,"54,204","2,364,198,000","2,364,198",1.977243723,1.743627638,219,75.1,44.8,-0.201317532,0.71519025,236.3184798,54240,0,0,0.449636082,0.006800818,0.275561866,0.000842639,0.0842639
06111,36016,"829,590","52,689,371,000","52,689,371",2.487788386,0.23250466,88.8,39.6,55.3,-0.180601858,6.567050806,2552.637052,1462926.333,0.001605947,0.004285015,0.348600923,0.098250998,0.668416214,0.022893515,2.2893515
06113,37588,"220,544","15,675,696,000","15,675,696",1.789031577,0.120068298,80.5,53,43.5,-0.238032172,3.148472448,504.7737116,417035,0.000412958,0.065995116,0.26129236,0.065519612,0.350764851,0.006005015,0.6005015
06115,35579,"85,722","3,152,201,000","3,152,201",1.625628682,0.081504228,78.7,77.7,41.9,-0.302422217,1.919048785,258.6845131,88597,0,0,0.297780205,0.016264812,0.329253082,0.001594684,0.1594684
08001,35542,"533,365","30,417,710,000","30,417,710",1.837313868,-1.590478454,20.4,82.8,33.4,-0.328661789,4.227051743,1410.240902,855834,0,0,0.237916243,0.058322276,0.358278483,0.004971407,0.4971407
08003,59119,"16,655","667,241,000","667,241",1.520943292,-0.755224761,21.2,124.4,41.3,-0.247589083,0.494386228,53.77326,11286.33333,0,0,0.352461183,0.003595141,0.305383819,0.000386966,0.0386966
08005,50517,"656,061","51,907,882,000","51,907,882",1.948678273,0.119726963,74.7,81.4,36.4,-0.21092577,6.993957818,2186.135405,1027540,0,0,0.329331071,0.084291936,0.297828929,0.008267717,0.8267717
08007,29792,"14,189","536,520,000","536,520",1.930308593,-0.419886251,38.8,109,38.9,-0.216888637,0.380162994,70.99578214,18008.66667,0,0,0.373056804,0.003044048,0.292192279,0.000331814,0.0331814
08009,21377,"3,344","90,865,000","90,865",2.135817137,-0.600993817,66.4,67.2,38.1,-0.369689943,0.082330683,11.19385173,4250.666667,0,0,0.286924277,0.000439424,0.308420044,3.89E-05,0.00389
08011,20618,"5,681","104,847,000","104,847",2.034330705,0.127727626,92.7,73.5,38.6,-0.222735808,0.099014573,41.19706722,5085.333333,0,0,0.331991599,0.000636026,0.310240437,6.55E-05,0.00655
08013,60681,"326,831","32,366,443,000","32,366,443",1.874623851,-0.002936336,90.3,79,32.6,-0.173867575,7.298012163,2357.101357,533385,0,0,0.302855258,0.071292408,0.278760421,0.006018794,0.6018794
08014,131757,"76,860","9,875,420,000","9,875,420",2.002805997,0.142759715,64.2,71.3,27.1,-0.180508731,17.02905504,3331.884133,74952,0,0,0.280615683,0.126269698,0.269961376,0.009565611,0.9565611
08015,177161,"20,617","923,483,000","923,483",2.316996785,0.125157447,63.9,49,29.5,-0.065764904,0.472831137,136.9694916,5212.666667,0,0,0.267333463,0.003408092,0.284855561,0.000259531,0.0259531
08017,75723,"1,727","225,906,000","225,906",1.783212716,-2.318321411,9.2,81.9,35.4,-0.352684027,0.048088417,13.02996237,2983.333333,0,0,0.214990628,0.000165696,0.288662912,1.03E-05,0.00103
08019,114297,"9,147","489,076,000","489,076",1.84243116,-0.258209022,68.1,76.3,35.8,-0.21442287,0.725906985,161.0885653,4279,0,0,0.283938934,0.005178566,0.225467357,0.000331526,0.0331526
08021,29577,"7,521","146,533,000","146,533",2.192690562,-1.990222766,1.7,75.5,37.3,-0.290451448,0.324122138,38.52024818,4954.333333,0,0,0.257849344,0.002188577,0.313654014,0.000177002,0.0177002
08023,16973,"3,628","80,316,000","80,316",2.256727139,0.107935964,59.6,107.2,43.2,-0.153156256,0.188305827,25.0858348,4732,0,0,0.445234084,0.001214958,0.299965733,0.000162264,0.0162264
08025,14777,"5,636","81,960,000","81,960",1.947040834,-1.040411572,29,73.6,38.6,-0.309179962,0.118025692,26.35555701,5546.333333,0,0,0.259228836,0.000755171,0.330923515,6.48E-05,0.00648
08027,43101,"5,534","161,211,000","161,211",2.663852118,0.048138576,64.8,51.7,33.2,-0.167906123,0.377470691,23.42395441,3740.333333,0,0,0.320317258,0.002493177,0.280848406,0.000224288,0.0224288
08029,38444,"31,746","864,046,000","864,046",2.123874884,-1.413354909,3.9,110.6,40.3,-0.230164845,0.572997034,89.79031045,22475.66667,0,0,0.363952171,0.004555445,0.322351688,0.000534448,0.0534448
08031,94172,"716,577","96,723,136,000","96,723,136",1.949121811,0.132768106,71.7,74,29.3,-0.182954748,33.54807581,14903.34067,1027091,0,0,0.28948432,0.291715797,0.269961376,0.022797469,2.2797469
08033,51796,"2,513","97,584,000","97,584",2.543166515,-1.906051804,14.7,78.5,41.2,-0.39690423,0.202358319,9.898268129,1884,0,0,0.317159017,0.00119581,0.285922405,1.08E-04,0.0108
08035,11846,"383,906","23,055,766,000","23,055,766",1.865416081,0.002326997,65.1,93.3,36.9,-0.233252535,14.77164301,4468.61287,1946317,0,0,0.342841738,0.171087112,0.260318502,0.015269191,1.5269191
08037,21039,"54,381","4,766,584,000","4,766,584",2.52224361,-0.164854419,50.4,89.9,39.2,-0.146841391,1.612649913,931.961436,226562.6667,0,0,0.403661561,0.019675076,0.244722343,0.001943602,0.1943602
08039,16827,"28,806","786,665,000","786,665",1.904178976,0.144573426,107.2,86.7,36.5,-0.291241804,0.432048393,48.44966866,46750,0,0,0.350663284,0.004259702,0.281859033,0.000421019,0.0421019
08041,43085,"744,215","40,283,198,000","40,283,198",2.09362854,0.404444793,81.5,73,35.7,-0.165174875,3.51759561,766.2750864,934969.6667,0,0,0.339035607,0.054693844,0.345328791,0.006403487,0.6403487
08043,34382,"50,318","1,514,276,000","1,514,276",2.436321493,0.144424164,76.2,50.3,28.4,-0.213413597,0.514465095,96.08931152,44042.33333,0,0,0.285685304,0.00483396,0.316548194,0.00043715,0.043715
08045,40265,"62,707","3,576,538,000","3,576,538",2.634220659,0.584627306,43.4,75.1,39.4,0.039846479,0.417994787,204.9773205,88826,0,0,0.410797186,0.005761285,0.283380029,0.000670681,0.0670681
08047,159176,"5,926","703,080,000","703,080",2.125792749,-1.379598459,5.7,66.2,36.4,-0.236707304,1.115803132,171.0900629,4417,0,0,0.241948538,0.007905787,0.272521145,0.000521277,0.0521277
08049,248369,"15,935","1,022,285,000","1,022,285",2.281901269,-0.907624033,13.1,73.1,38,-0.229341715,0.361667246,103.409481,4116,0,0,0.294172821,0.002541424,0.274372184,0.000205126,0.0205126
08051,239972,"17,321","1,180,904,000","1,180,904",2.395902397,0.070054291,70.3,77.7,39.4,-0.119019651,0.266084627,77.21356272,4921,0,0,0.37683291,0.001855641,0.278246678,0.000194569,0.0194569
08053,54860,765,"40,578,000","40,578",2.484770827,0.203507462,74.8,69.7,34.7,-0.177650917,0.141216893,101.9520989,739.6666667,0,0,0.359411,0.000904171,0.273353394,8.88E-05,0.00888
08055,47005,"7,055","242,371,000","242,371",2.055628619,0.036557379,75.4,71.3,36,-0.187501182,0.217895677,21.98339267,5156.333333,0,0,0.311356288,0.001427791,0.303655768,0.000134991,0.0134991
08057,58489,"1,309","90,327,000","90,327",1.805412246,0.086649448,73.4,73.7,35.3,-0.111990098,0.142959864,11.37550381,1544.333333,0,0,0.288725676,0.000775873,0.267129665,5.98E-05,0.00598
08059,51922,"576,366","35,362,942,000","35,362,942",1.590106086,-0.947565054,42.6,95.1,32.4,-0.402075632,7.505096386,1986.642684,681075.3333,0,0,0.25840909,0.076660985,0.292516435,0.00579472,0.579472
08061,26849,"1,384","39,361,000","39,361",1.799367336,-2.567335151,4.9,76.2,35.1,-0.356791181,0.037143074,11.83568276,1466,0,0,0.194048619,4.02E-05,0.293916555,2.29E-06,0.000229
08063,76853,"6,994","400,534,000","400,534",2.07291086,-0.781001581,36.5,72.8,36.6,-0.301447096,0.124378058,12.53574466,5211.666667,0,0,0.2776955,0.00076354,0.30881898,6.55E-05,0.00655
08065,96118,"7,365","344,487,000","344,487",1.929599242,-0.018727508,63,90.7,31.7,-0.155912875,0.613709422,182.3679324,3584,0,0,0.326688393,0.004417465,0.295326156,0.000426195,0.0426195
08067,67884,"56,407","3,067,952,000","3,067,952",2.092875936,0.046998706,82,99.3,40,-0.212860294,0.60802624,94.12433675,45194,0,0,0.400439704,0.005515326,0.271217617,0.000598999,0.0598999
08069,48027,"370,771","22,240,217,000","22,240,217",2.13328312,0.094311677,86.2,58.7,30.5,-0.165359042,2.390668696,830.4210376,463074,0,0,0.278566755,0.032267323,0.329401483,0.002960859,0.2960859
08071,92577,"14,348","472,329,000","472,329",2.242964725,0.077333052,74.5,77.8,43.9,-0.232606464,0.109820717,25.50896285,5102,0,0,0.374327817,0.000682841,0.29331942,7.50E-05,0.0075
08073,67827,"5,480","348,018,000","348,018",2.013323735,-0.092512418,49.5,80.2,35.7,-0.244313736,0.069303967,10.58864515,5131,0,0,0.314227169,0.000375426,0.30155444,3.56E-05,0.00356
08075,104329,"20,619","989,351,000","989,351",1.679617554,-0.445993714,122.4,78.7,32.2,-0.506694052,0.24555932,26.48994975,9483,0,0,0.265641077,0.001762945,0.31693464,0.000148424,0.0148424
08077,42658,"159,681","6,892,730,000","6,892,730",2.531106099,0.318555261,47.8,94.3,33.9,-0.050817341,0.605768374,309.9995624,161581.3333,0,0,0.421713103,0.009526206,0.324755541,0.001304649,0.1304649
08079,75393,944,"62,174,000","62,174",2.184448516,-1.273097587,21.2,85.2,38.9,-0.342811469,0.168609538,79.2131398,824.6666667,0,0,0.30904917,0.001055293,0.284389205,9.27E-05,0.00927
08081,229226,"13,327","1,082,175,000","1,082,175",2.378485502,-0.062714942,25,72,32.9,-0.110184775,0.165594347,34.45849302,4721,0,0,0.320847814,0.001074195,0.277087949,9.55E-05,0.00955
08083,82534,"26,531","1,241,890,000","1,241,890",2.32441561,0.098796264,77.3,92.2,44.5,-0.174142762,0.289259245,64.80783193,15047,0,0,0.423782791,0.002309733,0.296553252,0.000290274,0.0290274
08085,61497,"44,156","1,646,722,000","1,646,722",2.613507621,0.263444134,41.6,99.2,36.2,-0.063659091,0.397807984,106.8598552,26777.33333,0,0,0.446587394,0.003505622,0.31775711,0.00049747,0.049747
08087,57769,"29,524","1,354,877,000","1,354,877",1.73448165,0.084354195,71.5,81.3,34.8,-0.225816831,0.374871094,37.18766605,23453.33333,0,0,0.297166705,0.003115476,0.32426154,0.000300206,0.0300206
08089,55989,"18,136","529,354,000","529,354",1.881757554,-1.175545084,39.5,74.6,39.4,-0.388966082,0.24693509,113.7128144,9454.666667,0,0,0.251970632,0.001930977,0.299610306,0.000145775,0.0145775
08091,56956,"5,176","242,025,000","242,025",2.476138708,-0.153347997,56.2,111.3,39.1,-0.193728476,0.298444339,38.6209919,4249.333333,0,0,0.454922163,0.001988638,0.259540818,0.0002348,0.02348
08093,15720,"18,117","477,523,000","477,523",2.00093467,-0.040263025,62.7,67.7,32.7,-0.276003834,0.671201636,79.91583732,30376.66667,0,0,0.278407738,0.005465197,0.294546663,0.000448168,0.0448168
08095,32442,"4,476","166,179,000","166,179",1.944818862,0.090256954,72.6,71,35.3,-0.226891631,0.230389934,16.855868,5122.333333,0,0,0.297018699,0.001504031,0.310331907,0.000138633,0.0138633
08097,544065,"16,640","2,667,189,000","2,667,189",1.940504018,0.742954156,71.2,104.3,33.6,0.076421234,0.536000616,255.5142657,4902.333333,0,0,0.403999964,0.004053206,0.11353448,0.000185912,0.0185912
08099,42829,"11,751","397,143,000","397,143",1.971766961,0.103329824,124,74.2,37.3,-0.310606822,0.161863297,37.66128084,9272.666667,0,0,0.331762513,0.001196209,0.303221471,0.000120336,0.0120336
08101,35960,"169,422","6,510,540,000","6,510,540",1.668311893,-0.843626021,51.7,83.5,31.6,-0.391907877,0.880568971,214.294048,181049.3333,0,0,0.239565048,0.011865114,0.315076645,0.000895595,0.0895595
08103,116710,"6,569","550,209,000","550,209",2.200791633,-0.018190578,24.9,88.1,35.3,-0.061223278,0.18972861,23.63707685,4714.333333,0,0,0.350143875,0.001221629,0.267087582,1.14E-04,0.0114
08105,71669,"11,188","369,167,000","369,167",2.112120987,0.466493242,85.9,75.6,34.8,0.010453561,0.405665365,56.74299948,5151,0,0,0.350781689,0.002793661,0.309861087,0.000303653,0.0303653
08107,272899,"25,064","2,241,414,000","2,241,414",2.140979253,-0.20653243,27.2,86.7,44.1,-0.17873953,0.256123825,59.78830286,8213.333333,0,0,0.359482292,0.001857449,0.24604295,0.000164288,0.0164288
08109,30310,"6,688","159,703,000","159,703",2.392671717,0.144124521,71.7,65.5,35.6,-0.102184459,0.215716039,22.1808474,5269,0,0,0.339712079,0.001416548,0.324592664,0.0001562,0.01562
08111,68884,802,"39,700,000","39,700",2.771292603,-0.155815896,65.9,60.7,42.6,-0.27659427,0.212085888,54.65927269,576.3333333,0,0,0.375793505,0.001304267,0.232476118,0.000113945,0.0113945
08113,141196,"7,868","785,429,000","785,429",2.144167051,-0.031978024,60.3,104.5,36.2,-0.188770607,0.355690076,58.68753739,5562.666667,0,0,0.397846454,0.002463392,0.235941325,0.000231235,0.0231235
08115,23791,"2,299","63,212,000","63,212",1.995133239,0.400027189,113.5,69.7,38.5,-0.189712312,0.198079815,15.54862359,2657,0,0,0.336715421,0.001200578,0.284556416,0.000115033,0.0115033
08117,42635,"30,465","2,974,044,000","2,974,044",2.189456289,-0.084493895,63.4,78.8,37.1,-0.201631773,3.062390606,1738.719904,69755.33333,0,0,0.339489565,0.026312282,0.254400783,0.002272497,0.2272497
08119,29542,"24,617","1,048,247,000","1,048,247",2.223174014,-1.211632054,4.2,47.3,33.3,-0.28458373,1.231252415,202.6483645,35483.33333,0,0,0.2003338,0.009733787,0.276693847,0.000539555,0.0539555
08121,24565,"4,855","121,710,000","121,710",1.910097115,-0.03448594,92.1,73.3,33.5,-0.330409247,0.100487528,5.864329629,4954.666667,0,0,0.294032083,0.000577606,0.305256818,5.18E-05,0.00518
08123,47511,"359,442","18,410,721,000","18,410,721",1.859846883,-2.518974954,4.2,78.3,35.7,-0.356886583,0.909551701,190.5280626,387501.3333,0,0,0.208324001,0.018465481,0.420557455,0.001617802,0.1617802
08125,72450,"9,862","366,139,000","366,139",1.926995055,0.753699729,153.9,76,33.8,-0.109314959,0.160334229,9.433560577,5053.666667,0,0,0.367634692,0.001002363,0.31424966,0.000115802,0.0115802
09001,76433,"959,768","90,361,060,000","90,361,060",1.863177887,-0.049228255,111.4,54.1,42,-0.053730692,16.67362779,3390.079161,1182226.333,0.013332634,0.00460599,0.271806543,0.166576376,0.187397345,0.008484705,0.8484705
09003,81932,896854,"85,951,890,000","85,951,890",1.959605025,2.247282032,348.5,54,37.9,0.586011424,14.30783339,2885.328519,1049064.667,0.000150762,0.005988857,0.4612108,0.13975236,0.316005648,0.020368238,2.0368238
09005,48593,185000,"9,056,222,000","9,056,222",1.963102602,0.653097822,124.7,53,41.7,0.036564827,4.3077381,576.781548,186370.6667,0,0,0.305791861,0.036467164,0.269192079,0.003001858,0.3001858
09007,49096,164759,"9,680,844,000","9,680,844",1.81095167,1.695723419,330.4,56.5,46.4,0.299920855,8.536574458,1287.972049,197183.3333,0.00511281,0.017121337,0.434115743,0.077492216,0.252425883,0.008491756,0.8491756
09009,47942,863700,"52,659,909,000","52,659,909",2.059390004,-0.059977609,105.1,47.3,43.8,-0.080225734,16.42106591,3368.956108,1098401.333,0.011988883,0.012229144,0.280181787,0.165009195,0.320435669,0.014814565,1.4814565
09011,62087,268605,"18,792,350,000","18,792,350",1.830136564,-0.110109849,117.4,57.9,51.1,-0.110104237,7.185078146,1068.455592,302680,0.004339333,0.006545213,0.304510164,0.065876391,0.288835075,0.00579404,0.579404
09013,31812,150293,"5,351,325,000","5,351,325",1.812770387,0.68290779,111.3,51,41.2,-0.013825957,6.490508707,898.2746944,168219,0,0,0.278293609,0.05162962,0.289329622,0.004157144,0.4157144
09015,39460,116418,"4,827,252,000","4,827,252",1.761809084,0.747227562,195.3,55.2,46.3,-0.029776964,4.696157581,623.2528442,122334.3333,0,0,0.330223526,0.037248091,0.293365092,0.003608448,0.3608448
10001,37939,"189,789","8,312,232,000","8,312,232",1.544080989,0.190339572,124.1,52.3,35.4,-0.045298269,4.642395318,672.8040311,219097.3333,0.002923478,0.031051648,0.222629913,0.05534768,0.313716435,0.003865629,0.3865629
10003,64699,"578,592","52,459,336,000","52,459,336",1.685116632,0.107950773,117.7,59.6,33.8,-0.033919985,14.51761184,3214.694779,810819.6667,0.004385217,0.019322689,0.247885098,0.142318199,0.298556119,0.01053263,1.053263
10005,49307,"263,509","14,407,861,000","14,407,861",1.541716608,0.260906957,133.3,50.3,36.6,-0.036508968,5.034803517,714.253414,292209,0.023387826,0.041542177,0.226003218,0.074423737,0.322814927,0.005429748,0.5429748
11001,227613,"678,972","144,029,597,000","144,029,597",2.09710202,0.157592324,120.4,57.6,35.5,-0.047392788,46.60651994,26551.06653,632781.6667,0.000989787,2.94E-05,0.297454347,0.39173812,0.275084623,0.032054017,3.2054017
12001,41195,"285,994","15,415,264,000","15,415,264",1.605097467,0.350304197,143.5,34.5,78.8,-0.15541278,4.493477876,764.4941508,374201.3333,0,0,0.323845071,0.043960222,0.32552186,0.004634227,0.4634227
12003,33799,"28,368","746,597,000","746,597",1.268558711,2.016380908,212,57.4,71.1,0.067351056,1.022535149,115.2176801,22089,0,2.67E-06,0.400290849,0.007709413,0.307386404,0.000948597,0.0948597
12005,40284,"190,769","9,794,242,000","9,794,242",1.263078936,1.19625368,146.6,64.4,65.5,-0.074286398,4.386471118,667.6849848,243127.6667,0.003578967,0.022061675,0.347316256,0.050544392,0.292192383,0.005129405,0.5129405
12007,33463,"27,858","652,739,000","652,739",1.397372778,0.376914947,138.1,47.2,75.8,-0.152836397,1.677046514,181.5275186,19506,0,0,0.322265779,0.012288984,0.308636779,0.0012223,0.12223
12009,41289,"643,979","30,082,101,000","30,082,101",1.519435503,0.059409209,131.3,50.1,84.9,-0.180491356,6.825967803,2142.814003,728581.3333,0.011549706,0.109396273,0.358647779,0.128405209,0.324643993,0.014950584,1.4950584
12011,54097,"1,962,531","124,843,480,000","124,843,480",1.486365859,0.186600721,140.9,35.5,107.4,-0.170897392,11.88048516,8358.776596,2307762,0.187010842,0.060768574,0.391311245,0.281456126,0.430691954,0.047435097,4.7435097
12013,33908,"13,470","298,501,000","298,501",1.370762025,0.37656962,112.8,66.1,73.9,-0.106229034,1.031081746,91.96804052,8803.333333,0,0.002431385,0.352654432,0.008409786,0.318756718,0.000945352,0.0945352
12015,26610,"206,134","6,475,991,000","6,475,991",1.527069923,2.412641516,266.3,30.3,99.5,0.213611451,5.441685586,974.7661286,243365,0.010140406,0.016316224,0.497137763,0.058801687,0.310411216,0.009074108,0.9074108
12017,22513,"166,696","4,615,213,000","4,615,213",1.550606166,0.134320579,118.3,32.5,87,-0.170819059,6.318613491,1119.807091,205006.6667,0.012526383,0.058543148,0.322234989,0.084125067,0.297771579,0.008072004,0.8072004
12019,16769,"232,439","6,039,501,000","6,039,501",1.374173743,0.031043834,80.8,55.1,75,-0.138158121,6.474708716,1126.827016,360164.3333,0.004024699,0.030666478,0.308757694,0.073613741,0.309005371,0.007023324,0.7023324
12021,31384,"404,310","23,677,213,000","23,677,213",1.668080182,0.042138291,103,37,109.1,-0.184577885,4.363771303,1797.134782,754424.3333,0.025472279,0.155597936,0.404772905,0.138686235,0.294606427,0.016538153,1.6538153
12023,28999,"73,063","2,332,181,000","2,332,181",1.521990054,0.502131991,131.3,38.8,73.6,-0.140152679,1.717526621,232.577836,80423.66667,0,0,0.310366752,0.014564123,0.318354691,0.001439033,0.1439033
12027,18019,"35,979","989,688,000","989,688",1.383869224,1.389770292,287.4,30.4,97.3,-0.055674276,1.37929885,160.0589439,54923.33333,9.18E-05,0.007628504,0.436773497,0.014780428,0.38651843,0.002495247,0.2495247
12029,17694,"17,465","272,996,000","272,996",1.557819601,0.292617632,110.3,41.4,79.5,-0.152790616,1.194979637,98.72163234,15428.33333,0.003454424,0.074985088,0.325139146,0.044133895,0.311773108,0.004473837,0.4473837
12031,62802,"1,030,822","76,660,524,000","76,660,524",1.332643186,0.337432817,112.4,65.8,65.9,-0.131615574,12.75900096,2755.41963,1220672,0.021644227,0.032520108,0.323210426,0.155841386,0.339196381,0.017085173,1.7085173
12033,41559,"326,928","17,254,591,000","17,254,591",1.377174827,0.417330984,100.4,41,56.3,-0.113851256,6.269769541,1063.503126,415179,0.003021802,0.014497367,0.235103496,0.066028698,0.306397668,0.004756388,0.4756388
12035,09729,"131,439","3,379,603,000","3,379,603",1.562074993,-0.453441981,74.5,67.4,77.3,-0.18059952,6.793166812,1135.685865,347368.6667,0.006489335,0.04233659,0.352336218,0.081830916,0.297769766,0.008585297,0.8585297
12037,56621,"12,594","385,534,000","385,534",1.276322487,0.324887029,80.7,59,69.1,-0.156481241,1.351925996,385.5366942,6809,0.00197302,0.086093495,0.298097536,0.049830663,0.284566952,0.004227071,0.4227071
12039,28754,"43,833","1,221,089,000","1,221,089",1.681044093,0.344195186,107.8,39.8,67.2,-0.093960257,1.547563708,166.8989031,42467.33333,0.000570275,0.006451596,0.299607533,0.015255643,0.327387174,0.00149639,0.149639
12041,11204,"19,587","360,989,000","360,989",1.684295344,0.384802168,137.2,35.4,78.8,-0.158094574,1.530273171,154.1884617,32221,3.28E-05,0.002514303,0.333869228,0.012769382,0.307492533,0.001310934,0.1310934
12043,25504,"12,786","315,403,000","315,403",1.604610372,0.74456029,159.3,29.3,98.6,-0.095530883,0.542324805,51.07400335,12366.66667,0,0.000334349,0.387881235,0.004107644,0.310615587,0.000494897,0.0494897
12045,58451,"15,693","475,457,000","475,457",1.39192851,0.495572488,94.7,61.7,71.1,-0.147157897,1.05488196,98.36201686,8134.333333,0.001042227,0.141263732,0.333215789,0.07181185,0.292963654,0.007010281,0.7010281
12047,46494,"13,471","534,170,000","534,170",1.483392987,0.544113552,126.7,43.4,71.2,-0.105964478,0.853921244,73.56920424,11489,0,1.34E-05,0.309994277,0.006137713,0.316472141,0.000602138,0.0602138
12049,23389,"25,760","1,005,913,000","1,005,913",1.473764746,0.043454671,126.9,29.4,96.6,-0.184504111,1.069091373,112.5254867,43008.66667,0,0,0.333983553,0.008679077,0.332251845,0.000963088,0.0963088
12051,11416,"43,333","1,339,088,000","1,339,088",1.541305765,0.199683812,138.4,35.4,110,-0.163543958,1.039637885,163.4073443,117303.3333,1.97E-05,0.000502861,0.404977169,0.011122513,0.327255132,0.001474076,0.1474076
12053,12668,"212,807","4,845,571,000","4,845,571",1.433158769,0.090874054,113.8,38,88.7,-0.192302529,9.110529064,1780.841923,382508.3333,0.002930033,0.030040577,0.324993432,0.093012272,0.316001826,0.009552222,0.9552222
12055,16554,"107,614","2,666,455,000","2,666,455",1.487117473,-0.027538232,125.8,30.4,97.1,-0.183709154,3.005677344,410.1920243,161074.3333,0,0,0.337006278,0.02634119,0.391532315,0.00347569,0.347569
12057,52468,"1,535,564","109,736,885,000","109,736,885",1.495865296,-0.022181604,123.2,40.2,93.5,-0.221825604,15.05803383,3084.217502,2091507.667,0.04862413,0.033814707,0.351426824,0.212350985,0.601660004,0.044899379,4.4899379
12059,31549,"19,944","404,221,000","404,221",1.434189989,2.006869368,231.5,49.9,64.4,0.018736537,1.128684784,107.4975206,12812.66667,0.000163872,0.005467273,0.387208249,0.01068715,0.316293008,0.001308869,0.1308869
12061,36706,"169,795","7,901,043,000","7,901,043",1.531915342,0.120276083,139.5,47.7,98.8,-0.166920506,5.105019069,1073.909578,215250,0.007629885,0.003857048,0.399516096,0.049001313,0.268886538,0.005263942,0.5263942
12063,30463,"48,622","1,303,591,000","1,303,591",1.525258115,2.301374722,279.9,39.6,64.8,0.111302084,1.230113108,123.6493664,42792,0.000190092,0.019039162,0.406415037,0.018504383,0.322114573,0.00242245,0.242245
12065,38728,"15,450","260,172,000","260,172",1.23925808,0.752579173,155.9,47.8,64,-0.060740229,0.674497272,57.52310505,6718,0,0.011942941,0.287872619,0.010108987,0.307825244,0.000895802,0.0895802
12067,19136,"8,078","162,799,000","162,799",1.637800401,0.58237529,129.6,37.2,78.1,-0.146034865,0.867876405,65.65733213,8507.333333,0,9.63E-05,0.334903015,0.006164505,0.321982458,0.000664736,0.0664736
12069,24922,"424,462","11,869,072,000","11,869,072",1.553597222,0.033726918,106.2,45.1,89.9,-0.16110013,6.091721964,1119.423295,476241.6667,0.000943903,0.053059827,0.356125083,0.083298356,0.364018501,0.010798476,1.0798476
12071,35227,"834,573","37,489,983,000","37,489,983",1.692540718,-0.027798835,141.9,29,100,-0.207244503,14.67281575,3045.503023,1064248,0.036379606,0.032603026,0.370523075,0.171465982,0.340508499,0.021633221,2.1633221
12073,32400,"296,913","16,867,731,000","16,867,731",1.444651768,0.603300631,119.8,51.7,68.9,-0.065498207,7.581816972,1577.242658,520613.6667,0.001324087,0.01048518,0.318731202,0.076777324,0.31452517,0.007696849,0.7696849
12075,17304,"46,545","924,886,000","924,886",1.684562585,0.128318473,123.4,31.1,78.5,-0.157572051,1.500362977,161.2221323,53448.33333,0.001501068,0.102436467,0.310279643,0.059082246,0.319004025,0.005847988,0.5847988
12077,38444,"7,706","269,186,000","269,186",1.292996387,0.435157767,118.2,71.3,75,-0.093998592,0.779230851,91.7091159,7002,0,0.010522627,0.363472555,0.010264618,0.292699413,0.001092034,0.1092034
12079,33096,"18,519","453,130,000","453,130",1.479175961,0.425179838,121.8,33.3,69.9,-0.089943894,0.88394815,76.40300851,13691.33333,0,0.000149788,0.2749495,0.006481592,0.313957638,0.000559507,0.0559507
12081,31808,"441,095","17,556,802,000","17,556,802",1.479168423,-0.05710818,106.6,38.5,95.2,-0.189854451,7.05793356,1334.580827,551961.3333,0.048774892,0.021061304,0.344123899,0.099915768,0.395797057,0.01360885,1.360885
12083,21803,"409,959","11,682,542,000","11,682,542",1.600521287,0.241262626,144.9,41.4,85.7,-0.164799231,5.262686506,930.6749569,535817.3333,3.28E-05,0.005702654,0.358341887,0.057236625,0.403873408,0.008283557,0.8283557
12085,37994,"163,315","8,801,544,000","8,801,544",1.687955181,2.166296549,216,22.4,96.3,0.153572409,4.495553006,839.6197121,231654,0.006371347,0.005189094,0.448806045,0.044890622,0.238147996,0.004798011,0.4798011
12086,34161,"2,686,867","184,513,444,000","184,513,444",1.389109097,0.092328621,142.2,46.3,107.6,-0.214161498,11.21264808,9788.405513,5401291.667,0.165130639,0.557006481,0.405600508,0.590462573,0.678516178,0.162499142,16.2499142
12087,59085,"80,614","5,914,857,000","5,914,857",1.561528123,-0.461223531,103.5,39,103.4,-0.22775098,1.814308304,3345.8765,100108.3333,0.064250973,0.357884347,0.366034246,0.212412501,0.196200544,0.015254641,1.5254641
12089,34394,"101,501","3,438,877,000","3,438,877",1.371782592,0.301269159,118.3,62.5,67.1,-0.134416011,2.33776735,263.8070752,99983.66667,0.005420889,0.060490396,0.323658011,0.04933676,0.267428218,0.004270357,0.4270357
12091,47230,"218,464","14,067,684,000","14,067,684",1.256582598,3.084360689,246.9,60.4,64,0.240728499,4.268694241,960.393404,297854.3333,0.005597871,0.004274316,0.431706298,0.044840165,0.280402594,0.005427972,0.5427972
12093,25407,"41,427","1,737,364,000","1,737,364",1.64552815,-0.187063029,129.1,34.2,98.1,-0.190995579,1.278594247,168.2901793,68381.33333,0,1.34E-05,0.363765557,0.011032104,0.325784332,0.001307405,0.1307405
12095,59803,"1,471,416","115,012,917,000","115,012,917",1.590605199,0.136646344,144.9,46.9,89.7,-0.190381146,14.11785309,3580.136893,1923208.667,0,0.00083186,0.379599492,0.16458347,0.431110145,0.026933952,2.6933952
12097,16303,"437,784","13,276,516,000","13,276,516",1.489044929,-0.007416225,139.3,49,97.2,-0.192708907,4.796839356,1052.245596,814363,0,0,0.389180203,0.060326479,0.342074004,0.00803117,0.803117
12099,50229,"1,533,801","100,113,799,000","100,113,799",1.391684251,-0.189162918,105,33.4,103.9,-0.167580771,7.08032766,2460.76246,1993142.333,0.032191036,0.006390075,0.342587239,0.132971364,0.498864816,0.022725434,2.2725434
12101,24792,"632,996","16,064,543,000","16,064,543",1.468387879,2.746404866,325.3,39.8,91.5,0.256405702,8.755273346,1783.609645,647967.3333,0.017154132,0.015026975,0.532543292,0.098480174,0.374597329,0.01964574,1.964574
12103,51891,"961,596","57,077,799,000","57,077,799",1.441535079,0.044833168,104.8,38.8,84.5,-0.188307107,30.47166496,8082.520843,1099947,0.074470038,0.026207601,0.311352449,0.305708714,0.305808881,0.029107855,2.9107855
12105,38095,"818,330","30,523,799,000","30,523,799",1.574343213,0.048173828,143.1,35.8,95.4,-0.205704365,5.091940159,884.1133073,801254,0,0,0.363282176,0.061657238,0.439109759,0.009835609,0.9835609
12107,25952,"75,955","2,166,268,000","2,166,268",1.609456948,0.292498801,139.4,49.8,79.1,-0.138492876,2.97633047,390.567339,83472,0.003578967,0.097608469,0.360789297,0.069433277,0.31277814,0.007835337,0.7835337
12109,35674,"320,110","12,581,337,000","12,581,337",1.428526949,1.835077103,226.8,63.1,70.2,0.095155904,5.945074354,921.0323243,352677,0.019723646,0.058195426,0.433378192,0.088876151,0.267456415,0.010301615,1.0301615
12111,24574,"373,586","11,200,099,000","11,200,099",1.683774611,-0.17620985,120.2,34.8,94.7,-0.181003354,8.147007527,1367.762674,455766,0.014093001,0.011191325,0.357285197,0.084384417,0.387790003,0.011691598,1.1691598
12113,18770,"203,162","5,510,110,000","5,510,110",1.334843502,0.509871399,106.2,48.3,59.2,-0.089722284,3.515148502,647.3914852,293555,0.002576069,0.036280864,0.261568795,0.052012712,0.30562747,0.004158032,0.4158032
12115,55709,"469,013","24,245,059,000","24,245,059",1.400817619,0.074911458,133.6,31.2,86.2,-0.185231253,9.322747852,1805.17116,435212,0.013942238,0.007529536,0.302486188,0.090974219,0.233998936,0.006439287,0.6439287
12117,34458,"484,271","25,601,950,000","25,601,950",1.523598858,0.138486773,140.9,52.6,89.9,-0.180566301,15.67825528,3514.625052,742981,0.000321189,0.039287329,0.385615196,0.155990037,0.28592951,0.017199269,1.7199269
12119,47275,"151,565","4,810,632,000","4,810,632",1.542846885,2.190484047,323.9,40.2,89.2,0.170719813,2.645563898,412.1016192,101757.6667,0,0,0.506978665,0.021995543,0.312867828,0.003488874,0.3488874
12121,31052,"46,130","1,349,099,000","1,349,099",1.770456143,0.470133093,116.2,32.9,76.6,-0.144320254,1.277086601,128.2639103,43446,0,0,0.326827479,0.010164307,0.320034134,0.001063145,0.1063145
12123,57285,"21,582","713,405,000","713,405",1.731985242,0.364125991,123.7,33.9,75.7,-0.135607152,0.882945854,86.90405464,12453.66667,0.00171738,0.053503842,0.321284445,0.031356489,0.306560934,0.003088403,0.3088403
12125,43380,"15,532","345,288,000","345,288",1.49943613,0.457926408,132,42.1,75.3,-0.14765677,1.047310615,98.58356232,7959.666667,0,0,0.320082382,0.007408739,0.319123184,0.000756771,0.0756771
12127,28968,"590,357","20,209,249,000","20,209,249",1.488579455,2.243607253,216.7,60.3,81.2,0.141885075,6.160845004,1284.933294,697632.6667,0.019835079,0.126103017,0.478572713,0.132558567,0.370014857,0.02347334,2.347334
12129,15403,"36,449","815,355,000","815,355",1.317681104,0.565936507,115.4,56.9,71.9,-0.093771063,1.670101001,309.9721787,52933.66667,0.001258538,0.035449004,0.323759449,0.03011648,0.304263488,0.00296672,0.296672
12131,48456,"86,354","4,272,984,000","4,272,984",1.269073288,0.501403758,106.9,59.8,63,-0.099005796,1.906613292,238.7931917,88182.66667,0.003683845,0.04138169,0.294443244,0.036506259,0.294730499,0.003168064,0.3168064
12133,31539,"25,602","634,762,000","634,762",1.284920599,0.908214406,133.8,61.6,69.1,-0.107141253,1.295060871,118.2986723,20126.33333,0.000203201,0.013900888,0.339846867,0.015920399,0.31648799,0.001712358,0.1712358
13001,166828,"18,457","1,710,046,000","1,710,046",1.506526054,0.201348473,109.3,40.1,60,-0.11859212,1.110340051,110.0236835,10250.33333,0,0,0.255830324,0.007938351,0.307935147,0.000625377,0.0625377
13003,42275,"8,293","246,038,000","246,038",1.591664888,0.209059526,98.2,39.9,67.2,-0.119833539,0.861211783,78.11737473,5820,0,0,0.283052085,0.006013637,0.32441393,0.000552208,0.0552208
13005,74244,"11,124","371,667,000","371,667",1.751958578,0.083660337,113.9,28,61.3,-0.141062663,1.016294721,99.71029751,5006,0,0,0.255180929,0.007103471,0.30980402,0.000561573,0.0561573
13007,12396,"2,743","64,455,000","64,455",1.727314602,0.53469232,114.5,26,61.4,-0.154953324,0.723504075,55.43755033,5199.666667,0,0,0.26098186,0.004997585,0.310569838,0.00040507,0.040507
13009,32336,"43,396","1,427,458,000","1,427,458",1.604868551,-0.089560491,119.5,48.3,54.3,-0.131655659,2.781007611,320.4971469,44144,0,0,0.265300743,0.020969765,0.295665514,0.001644874,0.1644874
13011,61771,"19,789","503,310,000","503,310",1.566965858,0.356192389,128.7,48.4,45.8,-0.041826024,1.350805819,129.6667459,8148,0,0,0.252616715,0.009576703,0.31137458,0.000753288,0.0753288
13013,19757,"92,792","2,637,067,000","2,637,067",1.60556954,0.23304257,99.6,39.9,47.9,-0.052338322,8.142802811,1138.170802,133472,0,0,0.228856026,0.062445272,0.308204052,0.004404537,0.4404537
13015,30284,"115,041","5,358,344,000","5,358,344",1.483074647,0.503716886,103.7,40.6,46.4,-0.075828599,4.243403709,570.4475935,176935.3333,0,0,0.221606646,0.035714866,0.305635673,0.002419,0.2419
13017,52038,"17,128","557,514,000","557,514",1.725573294,0.296635343,122.9,30.5,58.9,-0.137746502,1.471607224,191.1031402,10713.66667,0,0,0.260912221,0.010607003,0.305321362,0.000844976,0.0844976
13019,40732,"18,570","424,323,000","424,323",1.593614916,0.51278579,115.6,39.1,67,-0.114933611,0.983125652,92.7628742,10417.33333,0,0,0.295249673,0.007029561,0.306032708,0.000635163,0.0635163
13021,49799,"156,512","8,471,749,000","8,471,749",1.768452087,0.288600633,102.8,34,55.5,-0.098913936,7.828102433,1267.170704,170118.6667,0,0,0.257895412,0.061641592,0.272601468,0.004333568,0.4333568
13023,41449,"12,465","214,857,000","214,857",1.599333505,-1.007666235,73.1,45,57.7,-0.199654218,1.265507789,140.1164164,5183.666667,0,0,0.226907013,0.008911592,0.30228263,0.000611247,0.0611247
13025,18342,"18,401","294,971,000","294,971",1.457870338,0.493085985,123.4,53.7,66.9,-0.097200202,1.129867179,109.2160931,16081.33333,0,5.62E-05,0.318009082,0.008279698,0.309200474,0.000814131,0.0814131
13027,55682,"16,245","466,890,000","466,890",1.446562243,0.389012075,102.6,40.2,68,-0.100879587,0.897927383,80.15819444,8385,0,0,0.275923539,0.006352102,0.320724136,0.000562131,0.0562131
13029,18079,"49,739","1,234,851,000","1,234,851",1.363947277,0.428277403,126.2,54.1,62.5,-0.123260302,2.027200854,410.2108811,68304.66667,0.002635063,0.028622937,0.294565276,0.030792372,0.291408673,0.002643183,0.2643183
13031,25080,"84,327","2,657,323,000","2,657,323",1.715726156,0.030203747,137.2,29.6,57.2,-0.159236038,2.059581091,250.8296586,105953.6667,0,0,0.248595542,0.017766956,0.325691757,0.001438511,0.1438511
13033,167214,"24,438","2,797,824,000","2,797,824",1.463665258,0.317057815,112.5,38.9,53,-0.110141248,0.82197576,71.98672781,16732,0,0,0.232007009,0.006070793,0.303113291,0.000426925,0.0426925
13035,46101,"26,887","756,994,000","756,994",1.626534492,0.072950325,84.8,40.1,49.9,-0.114077844,2.016244935,208.0622776,16420.33333,0,0,0.228258135,0.014594132,0.303348406,0.001010523,0.1010523
13037,19832,"5,457","104,182,000","104,182",1.823651209,0.818181936,131.2,24.7,56.6,-0.127813739,0.765982466,62.25732084,5253.333333,0,0,0.268737449,0.005306385,0.311642735,0.00044441,0.044441
13039,09680,"58,118","1,898,086,000","1,898,086",1.443424529,0.448182176,128.9,59.6,64.5,-0.105440758,3.392116127,513.8150679,196090.6667,0.003723174,0.108944233,0.324740752,0.081248015,0.300621153,0.007931751,0.7931751
13043,55332,"11,059","288,962,000","288,962",1.993858102,1.577680754,189.4,24,63.1,0.060742047,1.140258307,106.3525005,5222.333333,0,0,0.35431671,0.007982272,0.314137739,0.000888461,0.0888461
13045,33535,"127,098","5,311,463,000","5,311,463",1.757054004,1.431531419,185,39.1,56.3,0.091084476,3.947304204,481.8939529,158386,0,0,0.337364773,0.032920204,0.321197875,0.003567261,0.3567261
13047,24834,"68,910","1,706,003,000","1,706,003",1.574236793,0.725676247,104.9,46,45.3,-0.058742467,5.439247707,726.3593043,68696.66667,0,0,0.249635432,0.040917298,0.309279737,0.003159109,0.3159109
13049,31220,"12,934","205,916,000","205,916",1.490573827,0.354664914,123.2,50.8,71,-0.119427826,0.623211328,86.4297668,6595.666667,3.28E-05,0.012504647,0.322359119,0.010071029,0.311305613,0.00101065,0.101065
13051,65166,"303,655","21,089,705,000","21,089,705",1.313207605,0.348469516,108.4,66.2,61.9,-0.136017251,6.893131082,1515.776118,323631.6667,0.022509472,0.086005227,0.309192799,0.109467164,0.282576318,0.009564208,0.9564208
13053,355881,"8,661","1,629,344,000","1,629,344",1.562296684,1.069397096,163.5,38.6,56.1,-0.075575508,2.017088531,190.7292568,4578.333333,0,0,0.293316935,0.01419876,0.290672584,0.001210575,0.1210575
13055,50657,"25,222","539,492,000","539,492",1.360354907,0.895556526,112.4,42.7,45.3,-0.068119534,1.612335291,188.3911623,10650,0,0,0.224049107,0.011576266,0.317683322,0.00082396,0.082396
13057,13958,"286,602","8,859,076,000","8,859,076",1.301602625,0.693034236,104.3,44.8,44.2,-0.032197904,10.9596097,1927.335461,634690.6667,0,0,0.210794983,0.099068429,0.305651885,0.006382967,0.6382967
13059,42764,"129,933","7,927,966,000","7,927,966",1.778912633,0.181320373,109.9,38.3,45.7,-0.073963231,13.14385186,2273.081916,185387.6667,0,0,0.239961372,0.100830476,0.299809255,0.007254011,0.7254011
13061,18407,"2,853","70,000,000","70,000",1.70166821,1.608779144,129.7,26.7,56.6,-0.017411482,1.507218547,75.09789646,3803,0,0,0.283138839,0.010426408,0.287977677,0.000850145,0.0850145
13063,40984,"298,300","19,608,272,000","19,608,272",1.763519163,0.295515356,134.6,31.8,47.9,-0.070445828,23.93163472,4615.745198,478433.3333,0,0,0.23962013,0.18908894,0.327832899,0.01485395,1.485395
13065,40238,"6,746","208,030,000","208,030",1.424172032,1.095930798,144,49.4,70,-0.01906207,0.705941899,57.50018138,5170,0,0,0.33915685,0.004878602,0.299011569,0.000494748,0.0494748
13067,47404,"776,743","60,878,701,000","60,878,701",1.330544374,0.673160379,117,45,47.4,-0.035328268,26.01703888,5472.073153,1284250.333,0,0,0.22763645,0.230266803,0.315448695,0.016534911,1.6534911
13069,35789,"43,317","1,645,634,000","1,645,634",1.592351946,2.849039179,346.8,44.7,64.7,0.47465586,1.479427689,158.3043934,45981.66667,0,0,0.49145355,0.011701931,0.324759631,0.001867678,0.1867678
13071,35610,"46,167","1,502,550,000","1,502,550",1.715440771,1.58158657,188.8,28.5,64.5,-0.017208988,1.397380883,146.0597564,42194.66667,0,0,0.335164527,0.010992233,0.338409226,0.001246769,0.1246769
13073,15367,"165,162","4,279,183,000","4,279,183",1.403972698,0.285279537,103.9,50.2,49.1,-0.069009021,7.293179053,1315.486699,278471,0,0,0.23828524,0.061400557,0.285138392,0.004171816,0.4171816
13075,38340,"17,714","399,818,000","399,818",1.535561876,0.423113587,114.9,36.3,66.7,-0.123338542,1.435116984,155.0800366,10428.33333,0,0,0.277537024,0.010279152,0.31850126,0.000908635,0.0908635
13077,18812,"155,892","5,312,725,000","5,312,725",1.580820372,0.515531814,112.4,40,52.6,-0.061852111,5.929114938,851.1865745,282412.3333,0,0,0.252765261,0.051212923,0.302466718,0.003915386,0.3915386
13079,15550,"12,277","158,323,000","158,323",1.716873765,0.266054811,101.9,34,56.2,-0.115396055,0.895754742,71.58575601,10181.33333,0,0,0.252998718,0.006377425,0.308160981,0.000497212,0.0497212
13081,61251,"19,631","938,077,000","938,077",1.954485639,-0.027262101,94.8,23.6,62,-0.193770879,1.754501717,206.3268739,15315.33333,0,0,0.260081066,0.012740812,0.298498149,0.000989117,0.0989117
13083,94295,"16,165","439,507,000","439,507",1.562524451,2.160627509,244.7,42.8,47.1,0.096204935,1.898392532,204.9653851,4661,0,0,0.346029673,0.013403979,0.296474046,0.001375098,0.1375098
13085,09523,"31,732","991,104,000","991,104",1.259936002,1.31673998,127.3,41.4,44.1,0.02956622,5.298327036,943.1257163,104072,0,0,0.222863068,0.041439788,0.285229836,0.002634211,0.2634211
13087,36998,"29,087","928,092,000","928,092",1.77780156,0.859074908,133.2,34.7,68.8,-0.089087837,1.138577584,107.7050843,25084.66667,0,0,0.326808294,0.008592928,0.307418836,0.000863306,0.0863306
13089,35196,"762,992","44,206,311,000","44,206,311",1.516764415,2.244169166,245.7,38.4,45.2,0.281013622,29.1196712,6878.721715,1256015.667,0,0,0.330564067,0.253478298,0.319191886,0.026745349,2.6745349
13091,39401,"19,776","405,038,000","405,038",1.538994208,-0.545723594,73.3,41.9,55.9,-0.191706082,0.998746138,98.13685362,10280,0,0,0.218967659,0.007143451,0.308019094,0.000481799,0.0481799
13093,74294,"10,981","371,694,000","371,694",1.807704216,0.512698031,163.9,28,59.3,-0.15331615,0.952854922,91.54141043,5003,0,0,0.285687749,0.006648381,0.312823224,0.000594164,0.0594164
13095,49017,"82,645","4,850,153,000","4,850,153",1.572048797,0.792644297,128.8,33.6,59.6,-0.137330188,3.754287621,545.5350632,98949.33333,0,0,0.269782565,0.029842728,0.30128086,0.002425627,0.2425627
13097,28465,"149,160","5,453,077,000","5,453,077",1.523890699,3.099283183,423.8,41.8,50.7,0.70418895,8.919835333,1347.720086,191572,0,0,0.478198398,0.070031419,0.301974463,0.010112796,1.0112796
13099,97585,"10,563","498,268,000","498,268",1.722887089,0.503989345,131.2,25.5,62.1,-0.156122485,0.804214383,71.35585821,5106,0,0,0.26592523,0.00558362,0.290807012,0.000431798,0.0431798
13101,05946,"3,709","40,087,000","40,087",1.448997368,1.545127344,275.8,47,72.3,0.035890137,0.601492593,44.34339674,6741.333333,0,0,0.409420234,0.004179053,0.317561403,0.000543344,0.0543344
13103,23129,"71,541","2,177,896,000","2,177,896",1.533136522,0.387887083,118.9,41.4,56.9,-0.11851606,2.461986092,285.519341,94164.33333,2.62E-05,0.013922287,0.261747925,0.026560846,0.302596221,0.002103723,0.2103723
13105,76045,"20,013","711,424,000","711,424",1.491443552,0.331665352,100.5,55.8,48.4,-0.060792256,1.250264285,128.4954388,9355.333333,0,0,0.260737581,0.008914802,0.294921839,0.000685523,0.0685523
13107,44296,"23,119","709,568,000","709,568",1.872570457,0.292870042,113.9,28.6,57.8,-0.099566496,1.07206265,107.982556,16018.66667,0,0,0.266607565,0.007849111,0.306242983,0.000640854,0.0640854
13109,48459,"10,754","396,326,000","396,326",1.396966519,0.089071708,115.3,45.4,57.7,-0.126381103,1.537529465,170.6670502,8178.666667,0,0,0.248329929,0.010947844,0.308474543,0.000838643,0.0838643
13111,118931,"25,955","849,442,000","849,442",1.800258534,3.745050688,470.7,33.9,50.2,0.710813074,1.739808917,267.4670017,7142.333333,0,0,0.530674286,0.012495551,0.298110364,0.00197679,0.197679
13113,13555,"123,351","5,766,885,000","5,766,885",1.62365721,0.445889328,115.6,35.6,50.2,-0.064697184,14.73888693,2605.636529,425437.3333,0,0,0.238501267,0.119993812,0.27407518,0.007843669,0.7843669
13115,41632,"100,113","4,188,604,000","4,188,604",1.473092527,0.615673711,108.9,39.1,44.5,-0.083105637,2.645340524,340.2941156,100609.3333,0,0,0.215887679,0.021826952,0.295047357,0.001390313,0.1390313
13117,14033,"272,887","11,624,043,000","11,624,043",1.295349001,-0.382209976,91.8,46,41.6,-0.138987968,22.0267303,4370.364613,828317,0,0,0.169570304,0.186345418,0.29047594,0.009178647,0.9178647
13119,77988,"24,782","1,076,417,000","1,076,417",1.634822596,0.274708292,148.5,48,47.3,-0.062075826,1.902429967,192.6577662,13802.33333,0,0,0.267687452,0.013694771,0.31238263,0.001145169,0.1145169
13121,115170,"1,079,105","195,682,693,000","195,682,693",1.503818809,0.687512684,112.6,40.6,46,-0.023328219,21.68867005,4857.393262,1699083.667,0,0,0.231564333,0.212064249,0.297136123,0.01459132,1.459132
13123,15202,"32,860","1,001,365,000","1,001,365",1.662171589,1.486983873,131.1,31.7,47.4,0.01964153,2.863802405,407.7124849,65869.33333,0,0,0.261649977,0.022381438,0.306329698,0.001793898,0.1793898
13125,11143,"2,954","33,378,000","33,378",1.578928495,0.068199243,93.5,35.9,48,-0.094678316,0.868776603,73.89061803,2995.333333,0,0,0.209192359,0.005970241,0.279949854,0.000349637,0.0349637
13127,46658,"86,172","4,371,694,000","4,371,694",1.532737115,0.521140687,117.4,55.6,63.9,-0.096815368,2.933405556,464.7695533,93696.33333,0.023925327,0.060896964,0.321715018,0.062190447,0.265907646,0.005320174,0.5320174
13129,35935,"59,757","2,502,149,000","2,502,149",1.296407284,0.427950393,88.6,49.5,47.1,-0.090469698,2.631983263,319.2419566,69630.66667,0,0,0.217706863,0.020729078,0.30997683,0.001398883,0.1398883
13131,24084,"26,066","632,160,000","632,160",1.802448584,-0.342300138,76.8,34.2,68.6,-0.16877788,1.161243325,114.9492842,26248.33333,0,0,0.274616264,0.008799707,0.318216624,0.000768984,0.0768984
13133,98231,"20,722","813,025,000","813,025",1.75710469,0.357879879,106.3,38.6,48.7,-0.087056318,1.187015095,109.2579405,8276.666667,0,0,0.251318758,0.008407241,0.280402527,0.000592462,0.0592462
13135,20440,"983,526","53,030,183,000","53,030,183",1.326803725,0.295047029,96.1,44.8,43.9,-0.060895789,30.67329761,7300.976042,2594441.333,0,0,0.198265783,0.306795289,0.371482654,0.022596178,2.2596178
13137,34026,"48,757","1,502,760,000","1,502,760",1.60211705,0.378567517,90.4,42.4,46.5,-0.069355077,2.881318051,373.6908414,44165.33333,0,0,0.231555522,0.021763461,0.30874559,0.001555908,0.1555908
13139,21407,"217,267","12,920,593,000","12,920,593",1.529772,0.453405729,96.8,42.4,41.3,-0.042968747,11.72976347,1875.056578,603582.6667,0,0,0.212514592,0.103344536,0.315845647,0.006936672,0.6936672
13141,32221,"8,676","161,955,000","161,955",1.62544828,0.253342834,98.8,40.1,49.4,-0.080487778,0.833827386,64.55726354,5026.333333,0,0,0.236538755,0.005774132,0.306381989,0.000418458,0.0418458
13143,54878,"32,038","986,629,000","986,629",1.841084439,0.439364415,91.5,40.2,54.9,-0.068029196,1.966613349,215.567375,17978.66667,0,0,0.280675727,0.014312191,0.300306961,0.001206358,0.1206358
13145,20276,"36,654","579,802,000","579,802",1.899192423,1.365407845,196.7,31.9,59.7,0.012644029,1.48154998,137.9358865,28595.33333,0,0,0.348304623,0.011136861,0.281829116,0.001093221,0.1093221
13147,63446,"27,556","922,421,000","922,421",2.000570972,0.153099633,106,38.7,51.6,-0.070701416,2.479341494,244.2738754,14538.66667,0,0,0.281616461,0.017813994,0.311300957,0.001561708,0.1561708
13149,149890,"12,034","1,342,167,000","1,342,167",1.703406029,0.486273892,107.3,43.5,60,-0.058125169,0.916737307,77.77195819,8954.333333,0,0,0.294720859,0.00649599,0.299866299,0.000574095,0.0574095
13151,11139,"254,613","7,735,480,000","7,735,480",1.604969127,0.373189184,111.2,33.7,47.5,-0.066124115,14.34919812,2599.487078,694443.6667,0,0,0.219971448,0.125674251,0.318668519,0.008809511,0.8809511
13153,38159,"171,974","7,469,376,000","7,469,376",1.649451213,0.320300831,112.1,35.6,56.1,-0.11450045,5.54925444,869.7397211,195744.3333,0,0,0.253953715,0.045907152,0.306052329,0.003568047,0.3568047
13155,41124,"9,120","208,154,000","208,154",1.707997528,0.090431142,103.1,31.3,59.5,-0.150796081,1.020152171,97.88542599,5061.666667,0,0,0.24998878,0.007128633,0.313327132,0.000558373,0.0558373
13157,65215,"88,615","4,411,349,000","4,411,349",1.515313267,0.369764134,105.1,48.3,45.6,-0.037406658,2.813958221,322.0092922,67643.66667,0,0,0.238791081,0.021934454,0.322722828,0.001690342,0.1690342
13159,31311,"16,455","279,332,000","279,332",1.778615338,1.046612404,158.5,39,52.8,0.002597531,1.055751647,97.0580879,8921.333333,0,0,0.307092343,0.007494517,0.293865701,0.000676334,0.0676334
13161,59687,"14,906","453,101,000","453,101",1.455644599,-0.155176104,96.1,47.4,60.4,-0.152594797,1.031693752,106.2355134,7591.333333,0,0,0.254837667,0.007302895,0.310035879,0.000576993,0.0576993
13163,84230,"15,183","517,089,000","517,089",1.769105884,0.335122741,110.3,31,51.6,-0.091032496,0.966263853,97.3367155,6139,0,0,0.24268875,0.006787437,0.307751279,0.000506939,0.0506939
13165,27584,"8,627","142,775,000","142,775",1.568686797,-0.224170383,91.3,32.5,56.7,-0.148517005,0.897719537,83.26090316,5176,0,0,0.215908588,0.006256186,0.310289415,0.000419128,0.0419128
13167,25043,"9,282","124,825,000","124,825",1.664391378,-0.749285257,51.6,38,56.2,-0.151974332,1.049916683,92.63674329,4984.333333,0,0,0.212799994,0.0073231,0.316390927,0.00049305,0.049305
13169,19638,"28,969","438,887,000","438,887",1.744180289,0.311503719,100.8,38.8,54.9,-0.08842332,1.20551836,131.2296357,22348.33333,0,0,0.265469684,0.009014875,0.300159958,0.000718336,0.0718336
13171,64162,"20,401","453,328,000","453,328",1.635428908,0.234404464,96.2,35.2,51,-0.114924793,1.537111742,168.877548,7065.333333,0,0,0.22855845,0.010906932,0.295327099,0.000736213,0.0736213
13173,23584,"10,452","131,378,000","131,378",1.517762251,0.610826223,128.9,45,69.3,-0.090223401,1.111360314,113.9195293,5570.666667,0,0,0.315708892,0.007806509,0.303211524,0.00074729,0.074729
13175,43376,"49,941","1,848,599,000","1,848,599",1.471738239,0.319211559,101.4,57.4,57.8,-0.091223956,1.235151427,129.5689792,42617.66667,0,0,0.290029169,0.009849945,0.310809059,0.00088791,0.088791
13177,10889,"33,872","730,406,000","730,406",1.54083581,0.410305591,112.8,29.7,57.6,-0.157583694,2.016594214,233.3517379,67079.66667,0,0,0.233699322,0.016223689,0.313278663,0.001187785,0.1187785
13179,30850,"69,210","3,813,634,000","3,813,634",1.424450956,0.15248402,114.4,55.1,64.7,-0.156073243,2.637399715,445.7294472,123620.3333,0.001599392,0.025522855,0.298295366,0.034946309,0.286704309,0.002988698,0.2988698
13181,26064,"7,879","138,220,000","138,220",1.667694105,0.311657483,104.3,47,51.3,-0.047372953,1.277749089,110.8754521,5303,0,0,0.267854528,0.008946803,0.301560557,0.000722672,0.0722672
13183,07928,"19,594","193,708,000","193,708",1.489213809,0.509102628,125.7,47.6,60.7,-0.098519837,1.288490628,144.2845419,24432.33333,0,0.000615202,0.289503464,0.0099575,0.315808382,0.000910391,0.0910391
13185,37055,"120,712","5,206,615,000","5,206,615",1.46956988,0.381587933,110,40.7,69.9,-0.107505524,3.272545657,434.7998976,140511.6667,0,2.67E-06,0.2877047,0.027596882,0.309415179,0.00245668,0.245668
13187,27418,"35,258","967,471,000","967,471",1.15901885,1.707350619,141.1,51.1,45.1,0.060611638,2.127096657,307.1769678,35286,0,0,0.255136713,0.016132932,0.305650256,0.001258088,0.1258088
13189,50102,"21,799","653,813,000","653,813",1.553588749,0.295565177,98.7,42.4,47.9,-0.064994781,1.631496954,192.089536,13049.66667,0,0,0.230856623,0.011790831,0.292176313,0.000795301,0.0795301
13191,32879,"11,501","239,483,000","239,483",1.356260137,0.603810698,124,60.6,63.5,-0.087123031,0.978133607,107.4153015,7283.666667,0.003093905,0.091068606,0.317583958,0.049500752,0.293241497,0.004609945,0.4609945
13193,97932,"11,817","448,626,000","448,626",1.719939391,0.484428134,115,29.8,55.6,-0.110642833,0.991963244,95.03056351,4581,0,0,0.251998149,0.006912875,0.316836274,0.000551939,0.0551939
13195,27910,"32,191","632,890,000","632,890",1.540833133,0.253467617,104.4,50.5,47.7,-0.055533306,1.793036765,183.7692894,22676.33333,0,0,0.249766508,0.01319662,0.317167934,0.001045409,0.1045409
13197,20311,"7,440","108,135,000","108,135",1.817834274,0.293584824,91.8,28.2,57.4,-0.144736346,0.703178126,54.45654294,5324,0,0,0.250977205,0.004858675,0.300287693,0.000366176,0.0366176
13199,70691,"20,931","630,442,000","630,442",1.70288498,0.174953672,96.5,37.9,57.6,-0.113623439,1.128936288,109.4931547,8918.333333,0,0,0.260901876,0.008024813,0.306382036,0.000641469,0.0641469
13201,35622,"5,747","186,127,000","186,127",1.696963732,3.078393519,359.2,25.7,62.9,0.321178235,0.749175477,58.51653199,5225,0,0,0.461071404,0.005182079,0.291406108,0.000696259,0.0696259
13205,46442,"21,114","763,793,000","763,793",1.764674516,0.534665225,116.4,26.2,61.8,-0.145999162,0.936735407,86.26127193,16446,0,0,0.267562808,0.006884017,0.318636412,0.000586899,0.0586899
13207,70996,"30,625","1,384,688,000","1,384,688",1.587116426,1.67600661,182.3,42.7,53.9,0.096417661,1.234724726,120.0929486,19503.66667,0,0,0.32903537,0.009108352,0.29420299,0.000881718,0.0881718
13209,27018,"8,761","135,619,000","135,619",1.68634982,0.237713027,90.2,39.8,57.9,-0.096784869,1.155755585,108.3335125,5019.666667,0,0,0.264539641,0.008087069,0.314257266,0.000672306,0.0672306
13211,122685,"21,460","1,070,547,000","1,070,547",1.737014097,0.548355904,115,35.9,47.6,-0.056599402,1.161724393,108.3574335,8726,0,0,0.247951816,0.008244181,0.292756983,0.000598442,0.0598442
13213,20119,"41,035","1,420,602,000","1,420,602",1.508364692,0.440429854,101,43.9,48.3,-0.108355954,2.751587924,433.7926798,70611.66667,0,0,0.235629071,0.021798674,0.312115137,0.001603149,0.1603149
13215,45156,"201,877","10,215,324,000","10,215,324",1.812560394,0.421145314,104.3,32.2,57.2,-0.124238124,9.779060688,2516.714296,226222,0,0,0.2677797,0.079209006,0.26353005,0.005589621,0.5589621
13217,19086,"120,135","3,072,178,000","3,072,178",1.549700456,0.324544953,101.4,36.3,47.7,-0.062916187,5.880119648,808.2601648,160968,0,0,0.216200322,0.047004705,0.305487265,0.003104494,0.3104494
13219,32728,"44,182","1,685,139,000","1,685,139",1.668307655,0.316522068,107.9,39.4,47.5,-0.071374886,3.282670799,384.4687246,51490,0,0,0.238820242,0.024795846,0.266256519,0.001576705,0.1576705
13221,53280,"15,754","353,158,000","353,158",1.567851486,0.379011452,104.5,51,47.7,-0.060814576,0.817168149,63.21837103,6628.333333,0,0,0.258081636,0.005706117,0.309533979,0.000455833,0.0455833
13223,07340,"183,164","3,513,446,000","3,513,446",1.432055655,0.454977395,132.5,44.8,50.8,-0.073786757,10.99621749,2145.427269,478640.3333,0,0,0.247281316,0.094851006,0.307484893,0.007212022,0.7212022
13225,50463,"28,805","935,644,000","935,644",1.697139201,0.3621025,120.5,34.8,56.1,-0.109600345,2.461309173,289.4914313,18541.33333,0,0,0.261439703,0.017896439,0.310335216,0.001452009,0.1452009
13227,28588,"35,969","1,071,632,000","1,071,632",1.558006971,1.698579649,206.2,33.8,45.9,0.088982539,2.848508459,334.0453022,37486,0,0,0.28634142,0.021254985,0.279742768,0.001702566,0.1702566
13229,38231,"20,425","440,704,000","440,704",1.604528751,0.380916437,117.8,41.9,64,-0.100122661,1.272046686,120.9079745,11527.33333,0,0,0.291304574,0.00911982,0.316613433,0.00084113,0.084113
13231,36332,"20,461","360,580,000","360,580",1.693994521,1.73792062,190.3,33.6,51.9,0.08703631,1.340555897,127.5907216,9924.666667,0,0,0.317323814,0.009557252,0.295543154,0.000896307,0.0896307
13233,52909,"44,223","1,307,380,000","1,307,380",1.786514596,0.689232768,95.7,35.6,52.1,-0.048124965,2.111189445,243.1895617,24710,0,0,0.263443239,0.015575625,0.307543655,0.001261942,0.1261942
13235,53565,"10,095","281,447,000","281,447",1.450983983,0.490606838,142.1,44.1,56.8,-0.118348262,1.028791627,116.8121764,5254.333333,0,0,0.270340943,0.007229158,0.291478778,0.000569648,0.0569648
13237,24647,"23,129","589,173,000","589,173",1.712957478,0.37068572,104.5,40.4,50.2,-0.07598488,1.828092365,195.4870894,23904,0,0,0.255093536,0.013499517,0.277365754,0.000955148,0.0955148
13239,11614,"2,280","31,314,000","31,314",1.518995938,0.713870113,114.1,38.2,56.6,-0.11030146,0.975909871,71.31316805,2696.333333,0,0,0.259186498,0.006699364,0.29807894,0.00051758,0.051758
13241,134041,"17,442","593,532,000","593,532",1.892173217,0.888078554,123.7,39.5,54.4,-0.046643915,2.050708165,397.3999262,4428,0,0,0.306241915,0.014804909,0.286158228,0.001297408,0.1297408
13243,35881,"6,078","178,953,000","178,953",1.879509504,0.372899068,104.6,25.2,57.7,-0.15009426,0.721726572,59.12170901,4987.333333,0,0,0.257689877,0.00498536,0.296101388,0.000380395,0.0380395
13245,53762,"205,414","12,837,731,000","12,837,731",1.59159562,0.283669782,119.5,37.3,51,-0.098283324,8.162024949,1519.766034,238786.6667,0,0,0.237892514,0.066562413,0.295969128,0.004686582,0.4686582
13247,28237,"95,987","4,315,644,000","4,315,644",1.576787752,0.303802216,101.3,34.1,47.2,-0.060599199,10.16304436,1543.619674,152838.3333,0,0,0.211531088,0.07780452,0.288185895,0.004742985,0.4742985
13249,22182,"4,526","109,993,000","109,993",1.671636972,0.13097056,89.1,30.4,54.6,-0.154111581,0.931399662,81.43718983,4958.666667,0,0,0.225818916,0.006479704,0.302522368,0.000442663,0.0442663
13251,40399,"14,174","299,494,000","299,494",1.7631223,0.455687133,116.6,28.5,55.7,-0.095521845,0.798456059,72.28771596,7413.333333,0,0,0.253467986,0.005617383,0.307465902,0.000437778,0.0437778
13253,60754,"9,092","316,470,000","316,470",1.643746948,0.705663065,122.4,31.4,62.2,-0.116156113,1.188721194,114.0202516,5209,0,0.00370726,0.274884787,0.010008332,0.298745146,0.000821889,0.0821889
13255,47141,"69,946","2,230,604,000","2,230,604",1.618239519,0.844053927,145.8,33.6,49.4,-0.04115625,3.80470943,494.2850986,47318,0,0,0.253619405,0.028487594,0.295802896,0.002137178,0.2137178
13257,90983,"27,228","1,008,097,000","1,008,097",1.68288989,1.181732472,156.8,42.2,44.2,0.041118586,2.78377064,389.3541294,11080,0,0,0.28152166,0.020082918,0.290296924,0.001641274,0.1641274
13259,31786,"4,674","153,527,000","153,527",1.460169722,0.428695614,117.4,46,58.6,-0.137952097,0.642173573,51.15186859,4830,0,0,0.270698658,0.004414043,0.280518581,0.000335185,0.0335185
13261,36593,"28,890","1,001,904,000","1,001,904",1.472866031,0.426445579,104.2,33.1,51.1,-0.139418443,1.269644075,137.8354646,27379.66667,0,0,0.212993273,0.009628787,0.309656733,0.000635065,0.0635065
13263,37737,"5,718","151,565,000","151,565",1.676669674,0.210349904,87.8,36.9,55.7,-0.129736756,0.770764164,62.05210147,4016.333333,0,0,0.248114316,0.005300577,0.290802408,0.000382449,0.0382449
13265,19928,"1,609","36,542,000","36,542",1.554926616,0.18856817,113.3,45.4,47,-0.097026146,0.743847349,54.97836938,1833.666667,0,0,0.237365434,0.005032821,0.296127682,0.000353759,0.0353759
13267,37245,"24,296","625,907,000","625,907",1.577807983,0.235585451,110.1,36.4,58.9,-0.115808591,1.167395116,120.5223316,16805,0,0,0.25276365,0.008557866,0.342055818,0.000739907,0.0739907
13269,39991,"7,758","203,859,000","203,859",1.708807772,0.267849406,98.8,34.5,56.2,-0.121797893,0.832867037,72.72610568,5097.666667,0,0,0.25232217,0.005784622,0.30686017,0.00044789,0.044789
13271,56571,"10,920","269,053,000","269,053",1.403551636,0.341010246,102.5,48,57.1,-0.116296354,0.895304932,83.67045373,4756,0,0,0.25760119,0.006227078,0.316177478,0.000507181,0.0507181
13273,41015,"8,718","215,782,000","215,782",1.650513342,0.47460316,104.6,28.5,55.3,-0.136164063,0.866572721,84.68614191,5261,0,0,0.235605879,0.006045383,0.301211216,0.000429023,0.0429023
13275,62847,"45,649","2,284,524,000","2,284,524",1.611652087,3.197412405,393.5,36.2,67.2,0.563867164,1.484456802,160.0907433,36350.33333,0,0,0.51545343,0.011439516,0.290905,0.001715332,0.1715332
13277,49979,"41,554","1,944,304,000","1,944,304",1.455869899,0.032429641,86.2,33.7,55,-0.147534089,2.29748147,288.4724556,38902.33333,0,0,0.206852306,0.017393539,0.31636842,0.00113826,0.113826
13279,46330,"27,040","970,418,000","970,418",1.616026427,-1.35753169,51.8,38.4,58,-0.224401374,1.428263607,151.6255244,20945.66667,0,0,0.196367452,0.010553513,0.310183409,0.000642814,0.0642814
13281,130813,"13,035","389,474,000","389,474",1.605789363,1.360892471,116.5,46.9,54.2,-0.007479775,2.522705661,446.1607134,2977.333333,0,0,0.302550852,0.018122894,0.279881126,0.001534615,0.1534615
13283,18754,"6,341","98,751,000","98,751",1.803593691,0.328232288,104.7,34.6,58.1,-0.077387819,1.072223125,104.2890896,5265.666667,0,0,0.27277844,0.007507906,0.311944104,0.00063886,0.063886
13285,66123,"70,742","3,821,471,000","3,821,471",1.689381186,-0.730848632,70.6,38.9,58,-0.189969239,2.240690357,274.6599597,57793.33333,0,0,0.228859374,0.017563883,0.290824508,0.001169015,0.1169015
13287,36156,"8,909","189,217,000","189,217",1.572397724,0.191164589,99.4,28.9,56,-0.148589678,1.065840509,113.18564,5233.333333,0,0,0.219855941,0.007478878,0.305155872,0.00050176,0.050176
13289,51732,"7,691","266,852,000","266,852",1.709713474,0.316650066,105.3,36.7,57.3,-0.105766398,0.817578487,73.17112125,5158.333333,0,0,0.264973089,0.005681275,0.295770011,0.000445248,0.0445248
13291,49833,"27,124","868,898,000","868,898",1.563595778,0.299911584,86.8,41.7,49.8,-0.111327179,2.235452672,319.9045575,17436.33333,0,0,0.231945288,0.0163508,0.293805658,0.001114255,0.1114255
13293,56977,"28,263","695,893,000","695,893",1.861824247,-0.679952156,101.9,34.8,59.8,-0.236724475,1.511632472,165.7285993,12213.66667,0,0,0.253891214,0.010885098,0.301526963,0.000833309,0.0833309
13295,39274,"69,489","1,615,845,000","1,615,845",1.447800553,0.66458152,88.9,46,47.8,-0.081486215,2.426204622,317.7333472,41143,0,0,0.234820104,0.018409858,0.306810061,0.001326341,0.1326341
13297,20944,"106,702","2,821,174,000","2,821,174",1.598076027,0.425207007,95.5,37.3,46.6,-0.045101123,4.443094989,560.2026623,134700.6667,0,0,0.222087179,0.035763352,0.302344016,0.002401392,0.2401392
13299,62648,"36,243","1,338,301,000","1,338,301",1.585563169,0.044694581,95.1,42.3,67.7,-0.131861655,0.950695389,171.0536076,21362.33333,0,0,0.283997558,0.00728921,0.299405067,0.000619804,0.0619804
13301,31790,"5,106","161,534,000","161,534",1.586053453,0.288689411,100,39,48.4,-0.062171398,0.908263549,87.08277989,5081.333333,0,0,0.227682778,0.006333357,0.290018638,0.000418206,0.0418206
13303,67726,"19,820","685,386,000","685,386",1.550887786,0.326683514,106.8,38.8,47.1,-0.071011626,0.923997801,86.90903068,10120,0,0,0.222694041,0.006599427,0.294845714,0.000433321,0.0433321
13305,49115,"31,373","1,174,205,000","1,174,205",1.529903056,0.468795492,125.5,45.3,62.5,-0.103986372,1.043266368,100.0614562,23907.33333,0,0.001471135,0.292154205,0.008546257,0.30913473,0.000771855,0.0771855
13307,21157,"2,337","57,116,000","57,116",1.553172146,0.385674271,113.4,34.6,56.7,-0.164215122,0.662801153,46.4248873,2699.666667,0,0,0.244475643,0.004482014,0.281906224,0.000308897,0.0308897
13309,21452,"7,081","109,193,000","109,193",1.470165654,0.29969115,93.9,50.7,54.4,-0.106194036,0.769814642,56.24617031,5090,0,0,0.260017687,0.005316888,0.317724317,0.000439249,0.0439249
13311,32655,"29,026","979,976,000","979,976",1.801672879,0.440645487,92.7,38.7,50.4,-0.07243102,2.503384697,354.6226264,30010.33333,0,0,0.259041648,0.018665229,0.308975842,0.00149392,0.149392
13313,36900,"103,687","5,842,191,000","5,842,191",1.599468943,0.824178827,91.6,45.7,47.9,-0.058254044,5.823489035,845.8645844,158325,0,0,0.258027338,0.046598099,0.304805027,0.003664849,0.3664849
13315,27389,"8,779","146,958,000","146,958",1.587307441,0.393532851,107.5,36.2,57.3,-0.130903044,0.811475484,69.2748386,5365.666667,0,0,0.252583425,0.00563829,0.316813281,0.000451186,0.0451186
13317,78054,"9,518","352,415,000","352,415",1.598064386,0.303390869,100.6,48.4,49.1,-0.071049894,0.755749164,64.32660444,4515,0,0,0.255540471,0.005216139,0.30012403,0.000400046,0.0400046
13319,114570,"8,725","577,164,000","577,164",1.730014146,0.354453837,103.4,41.1,55.1,-0.08741071,0.803042076,68.21781407,5037.666667,0,0,0.272358007,0.005567622,0.295249256,0.000447712,0.0447712
13321,19690,"20,273","303,988,000","303,988",1.601612294,0.305008615,99.6,29.8,58.5,-0.158005663,0.989953445,95.39902602,15438.66667,0,0,0.236339587,0.007238441,0.312521335,0.00053464,0.053464
16001,55264,"524,673","33,232,323,000","33,232,323",2.39620755,-1.182816015,15.4,70.8,38.9,-0.238948219,3.99479294,1445.40527,601338.6667,0,0,0.298920846,0.048833359,0.31435716,0.004588769,0.4588769
16003,38814,"4,903","146,458,000","146,458",2.495105091,0.209362609,75.1,69.1,39.8,-0.309861953,0.1921738,23.75176692,3773.333333,0,0,0.3738098,0.001209435,0.265685894,0.000120116,0.0120116
16005,38222,"90,400","3,109,157,000","3,109,157",2.332697049,0.175496678,72.6,69,32.7,-0.099294246,0.748294066,213.6259854,81344,0,0,0.333818869,0.007834824,0.304685684,0.000796879,0.0796879
16007,42424,"6,766","197,754,000","197,754",2.127544526,0.189533092,71.6,93.7,41,-0.108254651,0.228537799,43.57020121,4661.333333,0,0,0.396970306,0.001525609,0.290966647,0.000176216,0.0176216
16009,79022,"10,369","388,366,000","388,366",1.63678906,-0.905789334,9.9,109.9,32.2,-0.260831872,0.375302202,25.53618101,4914.666667,0,0,0.300288364,0.002518642,0.295255198,0.000223307,0.0223307
16011,39503,"50,395","1,592,950,000","1,592,950",2.185723121,-1.669946013,12.5,71.9,36.2,-0.289527556,0.336656105,69.180454,40325,0,0,0.251715552,0.003435357,0.345866,0.000299082,0.0299082
16013,67979,"25,041","1,870,040,000","1,870,040",2.551420535,0.193113221,89.4,60.1,38.1,-0.146567212,0.306611423,189.2401471,27509,0,0,0.358447466,0.003046365,0.201386831,0.000219907,0.0219907
16015,30646,"8,517","192,322,000","192,322",2.827905341,0.210206901,91.3,57.2,43.4,-0.297002599,0.271627401,63.66296037,6275.666667,0,0,0.397564971,0.001911606,0.284631044,0.000216316,0.0216316
16017,60919,"52,547","1,814,132,000","1,814,132",2.101132655,-0.975745902,7.7,107.9,30.5,-0.253429932,0.608672796,99.64630814,29779.33333,0,0,0.341619438,0.005048856,0.302270504,0.000521352,0.0521352
16019,65897,"131,366","6,954,453,000","6,954,453",2.404099339,-1.248778119,10.9,62.9,40.1,-0.243610902,0.646435734,180.7844123,105535.6667,0,0,0.278482921,0.007823192,0.319307776,0.000695652,0.0695652
16021,78688,"13,557","396,956,000","396,956",2.373433562,1.443544154,276,99.2,34,0.029395085,0.228631498,43.39852256,5044.666667,0,0,0.545769162,0.001537908,0.314957128,0.000264357,0.0264357
16023,396906,"2,758","1,366,945,000","1,366,945",2.231353306,0.178561907,62.8,66,32.7,-0.076891892,0.430705406,30.60329894,3444,0,0,0.313017218,0.002866327,0.298140243,0.000267494,0.0267494
16025,62906,"1,232","80,604,000","80,604",2.472262043,0.189636295,85.7,49.9,41.1,-0.207554451,0.101697005,9.828782365,1281.333333,0,0,0.329856473,0.000478606,0.288694931,4.56E-05,0.00456
16027,26380,"257,674","7,957,058,000","7,957,058",2.077532878,0.248386128,98.5,61.4,36.6,-0.095422137,4.212215889,617.1559842,301637,0,0,0.312892304,0.039475429,0.382021347,0.004718559,0.4718559
16029,147418,"7,219","656,500,000","656,500",2.293606072,0.012977658,67.7,72.5,36.4,-0.14651299,0.144321361,26.14020238,4453.333333,0,0,0.339407946,0.000903076,0.289882782,8.89E-05,0.00889
16031,117482,"25,696","1,528,835,000","1,528,835",2.408921054,0.117373258,64.5,77.4,36.4,-0.084097995,0.253204064,39.02126446,13013.33333,0,0,0.369759561,0.001949044,0.322748979,0.000232598,0.0232598
16033,22024,801,"45,721,000","45,721",2.308277683,-1.54712851,18.8,59.1,33.7,-0.388471504,0.192609471,18.76939837,2076,0,0,0.225194086,0.001150385,0.287223406,7.44E-05,0.00744
16035,75773,"9,214","395,209,000","395,209",1.91691585,0.187024598,103.4,109.9,36.1,-0.362597546,0.136731207,41.190224,5215.666667,0,0,0.407015352,0.000901714,0.259683833,9.53E-05,0.00953
16037,43228,"4,523","180,174,000","180,174",2.647869172,0.238165262,61.7,51.5,33.6,-0.112390076,0.177724736,42.56752914,4168,0,0,0.327512761,0.001155901,0.279318686,0.000105742,0.0105742
16039,47335,"29,724","1,262,974,000","1,262,974",2.323088763,0.188195958,90.5,66.8,42.7,-0.229174031,0.295489905,116.2003586,26681.33333,0,0,0.362288582,0.002809931,0.301142429,0.000306565,0.0306565
16041,73065,"15,494","436,587,000","436,587",2.276469761,0.059099471,65.2,75.3,40.7,-0.14833818,0.342331221,37.99299291,5975.333333,0,0,0.358470401,0.002345789,0.316643753,0.000266264,0.0266264
16043,88967,"14,196","432,084,000","432,084",1.892595357,0.267709675,75.3,73.7,40.4,-0.135173405,0.288592489,52.96458973,4856.666667,0,0,0.322561808,0.001965459,0.313408205,0.000198695,0.0198695
16045,66886,"21,071","480,823,000","480,823",2.735179059,0.257317678,38.3,54.6,39.8,-0.167649589,0.468891762,88.06474406,7188.666667,0,0,0.355222119,0.003353072,0.304305852,0.000362454,0.0362454
16047,147176,"16,061","1,152,730,000","1,152,730",2.484142043,-1.588330991,10.1,61.4,39.7,-0.260195591,0.417513812,64.47671137,7832.333333,0,0,0.275173831,0.002973659,0.327291484,0.000267814,0.0267814
16049,101785,"17,890","489,859,000","489,859",1.912232893,0.142746821,102,82.8,37,-0.318083156,0.09801901,24.65674575,4812.666667,0,0,0.339619598,0.000590388,0.299899529,6.01E-05,0.00601
16051,73484,"34,198","972,435,000","972,435",1.9074332,-2.891758065,0.8,82.1,40.5,-0.330412845,0.414888909,57.15900885,13233.33333,0,0,0.226283274,0.003110629,0.341257632,0.000240206,0.0240206
16053,93451,"25,479","1,258,129,000","1,258,129",2.370781363,-1.833443683,11.5,70.6,41,-0.297047528,0.54722401,64.59047802,13463,0,0,0.281098105,0.004049359,0.333801354,0.000379955,0.0379955
16055,45295,"185,010","7,948,925,000","7,948,925",1.924744528,1.909045567,397.3,112.1,32.2,0.326067542,1.852492945,328.965026,175492.3333,0,0,0.610877589,0.018643283,0.320542336,0.003650581,0.3650581
16057,58828,"41,301","1,563,812,000","1,563,812",1.528980143,1.263836462,220.9,99.3,30.2,-0.009480493,0.517356922,60.59463038,26583,0,0,0.415343121,0.004244311,0.301163041,0.000530904,0.0530904
16059,58360,"8,441","292,814,000","292,814",2.444094201,-1.612467543,3.3,84.8,44.8,-0.257849966,0.16125783,49.438141,5017.333333,0,0,0.341991717,0.001080732,0.28783732,1.06E-04,0.0106
16061,44922,"3,739","169,761,000","169,761",1.90954913,0.050827967,78.9,84.6,33.4,-0.182383082,0.254322733,17.94850112,3779,0,0,0.322287791,0.001630124,0.279130595,0.000146647,0.0146647
16063,52710,"5,450","256,926,000","256,926",2.399090103,-1.453638046,27.9,62.5,38.7,-0.443943394,0.173942934,36.43036388,4874.333333,0,0,0.260413469,0.001140496,0.310363353,9.22E-05,0.00922
16065,38369,"54,547","1,493,557,000","1,493,557",2.159739092,-2.378058937,8.4,72.4,42.3,-0.363009406,0.707216973,176.3649665,38926,0,0,0.246783056,0.006158058,0.341444908,0.000518895,0.0518895
16067,122723,"22,480","933,430,000","933,430",2.370323857,-1.337694757,23.8,66.4,34.7,-0.398016924,0.404335989,75.53385033,7606,0,0,0.25821503,0.002895387,0.332445728,0.000248547,0.0248547
16069,97757,"42,987","2,294,946,000","2,294,946",1.873061048,0.150804146,86.4,84.8,30.7,-0.157983013,0.68360684,85.50314912,23476,0,0,0.318334328,0.005346109,0.287345647,0.000489019,0.0489019
16071,26995,"4,953","134,309,000","134,309",2.535438,-2.329309568,1,77.3,35.4,-0.29743152,0.157790951,19.95722533,4975.333333,0,0,0.286022189,0.001001505,0.299369866,8.58E-05,0.00858
16073,86165,"12,722","409,456,000","409,456",2.422214475,-0.000261634,52.9,73.5,40.1,-0.182689719,0.123649342,35.1335943,4752,0,0,0.362313942,0.000785431,0.313557871,8.92E-05,0.00892
16075,59155,"27,279","890,696,000","890,696",2.397815585,-2.712446504,4.5,58.7,41.3,-0.340110876,0.682918709,129.7790219,15057,0,0,0.232685885,0.005159505,0.300045394,0.000360218,0.0360218
16077,84854,"8,253","440,674,000","440,674",2.41571549,0.185855803,72.6,70.2,34.2,-0.082111533,0.150207179,28.89980252,5193.333333,0,0,0.351946206,0.00097204,0.315587043,0.000107964,0.0107964
16079,130161,"14,026","589,501,000","589,501",2.256292058,-0.016751869,85,104.7,36,-0.364460654,0.187475216,109.9697749,4529,0,0,0.41929302,0.00135796,0.266026292,0.000151471,0.0151471
16081,80862,"12,549","471,613,000","471,613",2.227205434,1.067881558,186.9,66,44.4,0.314936631,0.425411777,35.27257691,5832.333333,0,0,0.442134838,0.002912671,0.305374403,0.000393259,0.0393259
16083,66823,"95,156","4,189,779,000","4,189,779",2.15749123,0.035418701,57.1,80.5,37.2,-0.140806517,0.526869872,139.8179495,62699.33333,0,0,0.344461166,0.005582139,0.3458222,0.000664957,0.0664957
16085,119216,"12,644","600,570,000","600,570",2.40163417,1.280820007,265.7,55.1,42,-0.138688989,0.159853943,91.72698375,5037.666667,0,0,0.452999872,0.001148898,0.256888434,0.000133698,0.0133698
16087,88427,"11,425","457,962,000","457,962",2.303980876,0.296849848,108.9,72.8,38,-0.268551487,0.176631083,32.41740953,5179,0,0,0.371975127,0.001161318,0.300139964,0.000129655,0.0129655
17001,66802,"64,441","3,548,749,000","3,548,749",1.845533444,2.074612351,387,48.8,28.8,0.148759159,1.026089246,119.9699776,53123.66667,0,0,0.424737442,0.00871004,0.298410686,0.001103964,0.1103964
17003,29256,"4,695","134,667,000","134,667",1.72061694,0.12188701,97.4,46.2,35.7,-0.124939508,0.902409278,126.3852639,4603,0,0,0.21788404,0.006349633,0.28963426,0.000400704,0.0400704
17005,85902,"16,450","571,306,000","571,306",1.513660001,0.378018405,102.5,49.8,31.2,-0.133723272,0.737924612,56.559095,6650.666667,0,0,0.200081639,0.005144948,0.301672951,0.000310545,0.0310545
17007,27642,"53,202","1,702,331,000","1,702,331",2.016427294,1.371843639,254,59,25.7,-0.040458379,2.122084783,243.4186603,61585,0,0,0.366966302,0.01680238,0.303931796,0.001874015,0.1874015
17009,81042,"6,294","429,955,000","429,955",1.722363735,1.043295336,115.9,51.8,25.5,-0.090998227,0.48772206,29.04692913,5305.333333,0,0,0.239268913,0.003317084,0.286593004,0.000227462,0.0227462
17011,81032,"32,729","1,215,053,000","1,215,053",1.853015372,1.529177277,315,54.1,27.2,0.006484764,0.726740028,60.94383958,14994.66667,0,0,0.373226891,0.005335765,0.300862721,0.000599153,0.0599153
17013,19469,"4,317","96,003,000","96,003",1.769718838,0.32031096,111.4,49.6,29.8,-0.153460397,0.575055374,48.28215187,4931,0,0,0.225942483,0.003946364,0.292292813,0.000260623,0.0260623
17015,120088,"15,526","595,358,000","595,358",1.812582862,0.024289418,72.7,56.4,26.6,-0.213603286,0.863018846,61.12374644,4957.666667,0,0,0.21649811,0.005968211,0.29108901,0.000376118,0.0376118
17017,141423,"12,596","693,635,000","693,635",1.658935166,0.20126442,86,53.7,25.2,-0.186863855,0.646838577,57.51453383,4904.666667,0,0,0.197827718,0.004460359,0.278810978,0.000246018,0.0246018
17019,49989,"205,644","11,570,401,000","11,570,401",1.801105098,0.278944588,92.5,52.7,28.1,-0.149726878,2.068512863,311.2513504,231457.3333,0,0,0.224906496,0.021855907,0.30997317,0.001523684,0.1523684
17021,92389,"33,228","1,477,293,000","1,477,293",1.711559384,1.315046078,279,53.8,31.8,0.002525642,0.778335707,75.42718008,15990,0,0,0.339337465,0.0057512,0.298990267,0.000583509,0.0583509
17023,126832,"15,088","505,932,000","505,932",1.659098366,1.507889205,211.1,51.8,32.3,0.077959726,0.684979263,53.88379384,3989,0,0,0.30619628,0.004689725,0.297224653,0.000426808,0.0426808
17025,135990,"12,999","595,365,000","595,365",1.852745795,0.044981285,84.4,46.8,35.2,-0.129702315,0.629270097,50.93297056,4378,0,0,0.226597193,0.004310028,0.298045807,0.000291084,0.0291084
17027,44663,"36,785","1,074,062,000","1,074,062",1.51877741,0.247280545,85.3,50,29.8,-0.142853224,1.070976531,102.1345332,24048.33333,0,0,0.187207376,0.008081473,0.298566635,0.000451705,0.0451705
17029,64556,"46,060","2,644,117,000","2,644,117",1.683357231,-0.073697498,74.6,53,32.5,-0.163033136,1.270815532,161.5625332,40958.66667,0,0,0.20814604,0.010104026,0.300808916,0.000632635,0.0632635
17031,72516,"5,087,072","417,565,020,000","417,565,020",1.944690425,0.172349757,98.2,62.6,23.4,-0.175668612,32.45752135,11041.42318,5758228.333,0,0,0.250809379,0.424738878,0.55961582,0.059615031,5.9615031
17033,203886,"18,300","933,459,000","933,459",1.698471007,0.427902394,97.8,48.2,33.3,-0.094342706,0.775097041,68.28776431,4578.333333,0,0,0.223502849,0.005359566,0.283902846,0.000340081,0.0340081
17035,172229,"10,261","780,256,000","780,256",1.557452824,2.277162676,419.9,54,30,0.467726431,0.739810187,51.45989349,4530.333333,0,0,0.434233507,0.005082541,0.304828133,0.000672759,0.0672759
17037,35343,"100,288","4,201,740,000","4,201,740",2.023991261,-0.398052395,58.5,54.5,27,-0.253293742,1.798049149,208.4845279,118886,0,0,0.219284338,0.016278963,0.309593406,0.001105162,0.1105162
17039,301733,"15,365","1,200,997,000","1,200,997",1.905186132,0.067580742,93.2,53.3,28.7,-0.182241048,0.730851933,68.49573154,3980.333333,0,0,0.233280301,0.005034363,0.289809938,0.000340358,0.0340358
17041,199333,"19,629","1,088,491,000","1,088,491",1.888268111,2.281576139,399,51.9,33.5,0.457872835,0.738604233,71.0890043,5460.666667,0,0,0.46878041,0.005139075,0.299276477,0.000720986,0.0720986
17043,71620,"921,213","97,328,213,000","97,328,213",2.074518411,0.144497088,89.1,61.6,26.4,-0.179199289,27.32842918,6505.889307,1358955.667,0,0,0.26805324,0.243583987,0.288538086,0.018839655,1.8839655
17045,193887,"16,334","880,569,000","880,569",1.635972506,0.387812545,92.8,53,27.6,-0.113046642,0.606671754,51.95699229,4541.666667,0,0,0.208812554,0.004160246,0.29695134,0.000257965,0.0257965
17047,67151,"5,968","297,680,000","297,680",1.979865589,0.120717278,90.2,43.1,33.7,-0.13109688,0.653166335,50.39497552,4433,0,0,0.23155728,0.004476525,0.293764367,0.000304508,0.0304508
17049,104464,"34,331","2,172,571,000","2,172,571",1.592698989,-0.495024189,51.2,52.1,31.7,-0.174449417,1.007871679,95.53925433,20797.33333,0,0,0.173839803,0.007530221,0.297673488,0.00038967,0.038967
17051,77900,"21,164","574,094,000","574,094",1.566152162,0.627434524,148.7,51.9,31.4,-0.104853805,0.631239148,45.94879925,7369.666667,0,0,0.236188193,0.004407941,0.318832462,0.000331938,0.0331938
17053,164331,"13,250","759,702,000","759,702",2.015067525,-0.239479985,71,51.8,29.5,-0.213664497,0.60801173,50.155839,4623,0,0,0.227568137,0.004168788,0.286848367,0.000272128,0.0272128
17055,51508,"37,138","983,088,000","983,088",1.55936555,0.25289208,99.7,49.4,32.3,-0.105650256,1.295180539,157.0745027,19086,0,0,0.202347754,0.009582262,0.308931168,0.000599002,0.0599002
17057,53421,"32,541","833,905,000","833,905",1.781826203,0.375485868,110.4,52,26.4,-0.184511464,0.708038226,68.23414466,15610,0,0,0.22469834,0.005238558,0.30668429,0.000360997,0.0360997
17059,31785,"4,670","151,517,000","151,517",1.66103115,0.925780531,120.7,43.6,33.8,-0.044703112,0.509345425,44.36599824,4767,0,0,0.232894892,0.003478273,0.283850573,0.000229939,0.0229939
17061,78609,"11,543","333,484,000","333,484",1.655047746,0.169190227,97.4,51.1,28,-0.173405402,0.558197787,42.36873663,4242.333333,0,0,0.201745056,0.00379713,0.315487011,0.00024168,0.024168
17063,114666,"53,578","4,192,401,000","4,192,401",1.837700115,-0.656112817,47.5,56.5,26.4,-0.246110288,1.388319095,129.1824072,36562,0,0,0.190133242,0.010722756,0.293469792,0.000598312,0.0598312
17065,67704,"7,911","347,321,000","347,321",1.627009658,0.71344409,117.1,45.8,33.2,-0.036944611,0.530345389,35.00025279,5130,0,0,0.224633221,0.003618161,0.297960786,0.00024217,0.024217
17067,113474,"17,186","579,286,000","579,286",1.861023121,-0.152028875,120.3,50,29.8,-0.31191761,0.598443101,40.41831904,5105,0,0,0.224220884,0.004099662,0.31481613,0.000289388,0.0289388
17069,17263,"3,569","82,234,000","82,234",1.646687097,-0.479049416,53.2,42.4,32.4,-0.176658895,0.743526835,61.17861848,4763.666667,0,0,0.158769695,0.005133363,0.291179001,0.000237317,0.0237317
17071,34894,"6,088","179,226,000","179,226",1.658842967,0.134202767,90.9,54.6,27.8,-0.224473427,0.689091312,40.91728707,5136.333333,0,0,0.207156228,0.004730362,0.30107668,0.000295032,0.0295032
17073,58477,"48,448","1,486,658,000","1,486,658",1.871412411,0.34447678,96.2,56.4,28.2,-0.188470689,0.897473714,88.9008232,25423,0,0,0.246036084,0.006896634,0.301362499,0.000511358,0.0511358
17075,130624,"26,136","1,037,936,000","1,037,936",1.838411682,0.028674226,142.7,52.9,26.6,-0.258414267,0.591277956,42.73788515,7946,0,0,0.232663688,0.004142856,0.307478682,0.000296376,0.0296376
17077,46737,"52,141","2,555,973,000","2,555,973",1.479900651,0.750658195,135.2,51.2,32.5,-0.045540032,1.345318158,198.8517273,54688.66667,0,0,0.226866162,0.011117444,0.297480466,0.000750297,0.0750297
17079,123966,"9,144","478,963,000","478,963",1.485688588,-0.263994965,75,53.1,30.7,-0.17136136,0.570109013,33.41537677,3863.666667,0,0,0.174800587,0.00385158,0.297313281,0.000200169,0.0200169
17081,61838,"36,320","1,724,710,000","1,724,710",1.567065601,0.540088293,123.9,48.9,32.1,-0.103040603,1.017978035,102.5873565,27891,0,0,0.218974223,0.007834577,0.298348537,0.000511838,0.0511838
17083,45853,"21,091","518,929,000","518,929",1.619063134,-0.167216439,68.5,52,29.4,-0.179770846,0.910592263,88.90531676,11317.33333,0,0,0.184429527,0.006547448,0.285553808,0.000344818,0.0344818
17085,121983,"21,756","839,608,000","839,608",1.898402159,-0.378761208,55.7,56,26.5,-0.254403056,0.869871322,67.97822843,6883,0,0,0.207206951,0.006088354,0.272559285,0.000343847,0.0343847
17087,37519,"13,326","221,112,000","221,112",1.758187967,0.579285195,108.6,45.9,34.4,-0.083468002,0.735305648,60.45346356,5893.333333,0,0,0.235797423,0.005110262,0.323647916,0.000389991,0.0389991
17089,27613,"514,982","27,266,038,000","27,266,038",1.917720921,-0.761633959,42.5,56.7,24.3,-0.257307714,11.91437802,2037.717434,987451.6667,0,0,0.189382228,0.116901779,0.340395941,0.007536066,0.7536066
17091,69423,"105,940","6,876,837,000","6,876,837",1.912245995,-0.042008689,76.7,57.4,25.9,-0.198883588,1.757963139,209.1250211,99057.33333,0,0,0.227426553,0.015383271,0.315593415,0.001104124,0.1104124
17093,28108,"139,976","3,594,250,000","3,594,250",1.835091578,-0.408037618,61.7,61.7,27.1,-0.24937249,3.482679014,430.3107143,127873.3333,0,0,0.216778236,0.028650722,0.320331474,0.001989532,0.1989532
17095,59041,"48,411","1,727,430,000","1,727,430",1.823658616,0.219932023,88,50.1,27.9,-0.205050684,1.063448548,118.3655466,29258,0,0,0.216974032,0.008221487,0.301046716,0.000537022,0.0537022
17097,43236,"708,760","64,003,388,000","64,003,388",1.719072493,0.17174434,86.7,67.3,21.2,-0.176181762,21.30059538,4220.179778,1480309.333,0,0,0.226742049,0.201380648,0.287840909,0.013143236,1.3143236
17099,58596,"108,309","5,681,661,000","5,681,661",1.919885332,0.414669298,119.7,53.1,25.2,-0.176060647,1.231800702,139.8103373,96963.33333,0,0,0.245202135,0.011541379,0.309842928,0.000876846,0.0876846
17101,144734,"14,813","503,335,000","503,335",1.545247957,0.70898376,121.2,49.4,31.6,-0.052732847,0.816495772,71.56038578,3477.666667,0,0,0.220821192,0.005618372,0.294112323,0.000364892,0.0364892
17103,93528,"33,654","1,580,756,000","1,580,756",1.771856529,-0.595081989,46.1,55.4,23.8,-0.244937922,0.770032181,66.82576383,16901.33333,0,0,0.174030316,0.005706324,0.305137194,0.000303024,0.0303024
17105,118159,"35,320","2,084,917,000","2,084,917",2.018294652,-0.185688879,60.7,50.8,26.8,-0.202369149,0.638430683,51.65955775,17645,0,0,0.216026503,0.004788924,0.299534998,0.000309879,0.0309879
17107,77560,"27,590","1,065,928,000","1,065,928",1.773966804,0.02026701,79.7,53.9,29.9,-0.190556586,0.735328639,66.58320495,13743.33333,0,0,0.217566564,0.005366597,0.299879634,0.000350137,0.0350137
17109,44657,"26,839","1,074,902,000","1,074,902",1.738032394,0.154957714,89.8,51.6,26.5,-0.214767742,0.848907757,80.1433213,24070,0,0,0.205169569,0.006501516,0.307851863,0.000410648,0.0410648
17111,16338,"312,800","11,736,282,000","11,736,282",1.937144364,-0.875590475,48.2,59.5,24.2,-0.270175522,8.634682017,1307.29788,718353.3333,0,0,0.196390254,0.084418758,0.323706269,0.005366733,0.5366733
17113,46285,"170,441","12,402,490,000","12,402,490",2.133623375,-0.196269574,58,48.9,28.4,-0.186132575,1.970777407,269.0279963,267957.6667,0,0,0.228234532,0.022239849,0.308935289,0.001568125,0.1568125
17115,81575,"100,591","7,020,859,000","7,020,859",1.856866744,-0.718721114,124.3,56.1,31.9,-0.350950636,2.115069995,304.3192682,86066.66667,0,0,0.22639213,0.017628995,0.26967302,0.001076283,0.1076283
17117,40256,"44,018","1,146,944,000","1,146,944",1.681014572,0.441784227,112.6,50.9,31.2,-0.136517262,0.868252186,80.9081421,28491.33333,0,0,0.227662897,0.006775078,0.301720504,0.000465384,0.0465384
17119,35724,"262,752","11,434,900,000","11,434,900",1.723037436,-0.468073074,53.4,48.5,32,-0.18485138,4.451227769,612.5085411,320089,0,0,0.181948786,0.041700751,0.312632515,0.002372068,0.2372068
17121,67000,"36,673","1,306,920,000","1,306,920",1.876043036,-0.260294481,78.7,46.8,34.3,-0.177948009,1.087211128,117.514967,19506.33333,0,0,0.215572947,0.00808045,0.293461937,0.000511189,0.0511189
17123,110442,"11,683","458,259,000","458,259",2.011116192,0.002334179,83.4,52.1,27.8,-0.205324114,0.693020937,53.79535973,4149.333333,0,0,0.234550121,0.00475035,0.27525886,0.000306692,0.0306692
17125,90050,"12,523","458,176,000","458,176",1.823151239,0.169200615,93.8,57.6,28.9,-0.190860197,0.628577403,50.84154911,5088,0,0,0.238891054,0.004327213,0.2898817,0.00029966,0.029966
17127,114476,"13,661","572,417,000","572,417",1.742565474,0.962258865,140.7,44.5,37.2,-0.037731681,0.957934178,109.5289159,5000.333333,0,0,0.262414302,0.006716399,0.290555281,0.000512098,0.0512098
17129,50347,"11,954","258,983,000","258,983",1.808602627,0.132985824,87.6,54.7,30.4,-0.181143014,0.772736771,58.75291977,5144,0,0,0.231189407,0.005343424,0.288424159,0.000356303,0.0356303
17131,87394,"15,487","425,436,000","425,436",1.71172023,0.906220268,146.5,55.5,28.8,-0.150664539,0.626272825,44.56045001,4868,0,0,0.265051462,0.004292884,0.299117862,0.000340347,0.0340347
17133,27546,"34,957","910,027,000","910,027",1.623852872,0.015698999,61.6,49.3,32,-0.144477986,1.223157911,121.0874356,33036.66667,0,0,0.189253538,0.009452257,0.289265977,0.00051746,0.051746
17135,83441,"27,663","1,017,393,000","1,017,393",1.644562192,-0.638506978,66.2,53.5,33.6,-0.234890652,0.743828605,61.34260921,12193,0,0,0.188387795,0.005367603,0.30458964,0.000307998,0.0307998
17137,79984,"32,140","1,470,724,000","1,470,724",1.633752252,-0.176269406,84.3,51.3,26.9,-0.240070935,0.905928182,89.61547705,18387.66667,0,0,0.181279413,0.006737035,0.299147224,0.000365344,0.0365344
17139,174568,"14,342","731,264,000","731,264",1.779406971,0.013200563,82.1,54.7,32.1,-0.176644893,0.804010839,62.65860936,4189,0,0,0.22725602,0.0055377,0.291654917,0.000367041,0.0367041
17141,58216,"51,265","2,807,275,000","2,807,275",1.904596973,0.127742393,80.9,55.4,24.8,-0.21076456,1.036988099,91.41749499,48221.66667,0,0,0.225235021,0.008580496,0.313045326,0.000605,0.0605
17143,67920,"177,513","13,244,738,000","13,244,738",1.758275369,0.033254365,86.3,53,26.5,-0.215281794,3.175273061,463.5310238,195005.3333,0,0,0.205966598,0.02867399,0.270770247,0.001599138,0.1599138
17145,60731,"20,503","605,326,000","605,326",1.59554413,-0.711559105,53.5,48.2,32.6,-0.20831964,0.835946158,81.18167105,9967.333333,0,0,0.161277675,0.005973399,0.311997462,0.000300571,0.0300571
17147,113471,"16,714","514,555,000","514,555",1.8207571,0.117677118,98.2,55.9,29.5,-0.167574741,0.701923188,59.57706406,4534.666667,0,0,0.23576832,0.004834693,0.283293171,0.000322917,0.0322917
17149,115930,"14,342","567,866,000","567,866",1.75322527,-0.203263761,77.7,48.2,27.1,-0.227724876,0.53050395,33.58846874,4898.333333,0,0,0.184869029,0.003609451,0.309066913,0.000206233,0.0206233
17151,13645,"3,707","57,348,000","57,348",1.834184019,0.820935214,119.2,41.7,34.8,-0.058175111,0.558330669,34.4806347,4203,0,0,0.246531108,0.003782411,0.301187229,0.000280852,0.0280852
17153,31871,"4,911","156,085,000","156,085",1.796146536,0.192221451,99.7,45,36.2,-0.120631424,0.824475883,71.46536896,4897.333333,0,0,0.22783955,0.005717859,0.282485467,0.000368009,0.0368009
17155,65531,"5,561","287,264,000","287,264",1.911200682,-1.2496222,36.3,53.4,27.7,-0.291599905,0.749485509,73.08593947,4383.666667,0,0,0.174768758,0.005184595,0.284693326,0.000257962,0.0257962
17157,96948,"29,815","1,493,323,000","1,493,323",1.581750397,0.120703559,89,50,33.2,-0.154932913,0.827233188,85.67711278,15403.33333,0,0,0.201559872,0.006090814,0.301339704,0.000369944,0.0369944
17159,121980,"15,488","568,427,000","568,427",1.631404194,0.605786621,109.7,49.4,31.4,-0.069686528,0.814262022,74.74606074,4660,0,0,0.222772583,0.005645595,0.294094192,0.000369877,0.0369877
17161,67332,"141,236","9,816,801,000","9,816,801",1.934474871,0.015793179,148.7,54.5,29,-0.322909138,3.847843698,533.6967802,145797,0,0,0.256152312,0.031932053,0.27567273,0.002254857,0.2254857
17163,38896,"251,018","11,950,816,000","11,950,816",1.712101842,0.515132467,111.1,46.7,33.5,-0.121647867,4.550891216,661.6605074,307251.3333,0,0,0.229257257,0.042081284,0.280617706,0.002707242,0.2707242
17165,79891,"22,873","757,207,000","757,207",1.684559772,-0.097111299,81.6,43.8,34,-0.152240483,1.025766937,123.7131217,9478,0,0,0.191100739,0.007352594,0.287120251,0.000403429,0.0403429
17167,54016,"193,491","11,483,920,000","11,483,920",1.868844064,-0.251923263,72.9,51.7,31.7,-0.209460489,2.566160709,372.2106087,212603.6667,0,0,0.217508906,0.024831018,0.297010498,0.001604144,0.1604144
17169,49326,"6,733","234,924,000","234,924",1.676949543,-0.273867479,81,53,25.1,-0.257132322,0.474584484,27.13889394,4762.666667,0,0,0.181150304,0.00320553,0.282798851,0.000164216,0.0164216
17171,30857,"4,710","156,566,000","156,566",1.694962313,-1.167925193,32.8,50.9,26.8,-0.252047911,0.538172217,36.95900453,5074,0,0,0.14361021,0.003674286,0.297038088,0.000156737,0.0156737
17173,125916,"20,568","768,804,000","768,804",1.673897475,2.119991567,279,54.6,31.2,0.253295371,0.646263445,46.79239577,6105.666667,0,0,0.370951118,0.004474258,0.31978007,0.000530749,0.0530749
17175,53459,"5,218","260,987,000","260,987",1.764348707,0.177328936,91.9,54.5,26.9,-0.198793157,0.545225554,34.5646386,4882,0,0,0.218149949,0.003712847,0.280948549,0.000227556,0.0227556
17177,72160,"43,105","1,832,315,000","1,832,315",1.940069256,1.962705078,402.6,56.2,24.4,0.187968013,1.156502641,121.9380273,25392.33333,0,0,0.451353858,0.008752879,0.300171868,0.001185873,0.1185873
17179,53635,"129,541","6,030,735,000","6,030,735",1.96806193,-0.136431128,95.1,52.4,28.5,-0.23028892,2.118743152,282.3379784,112439.6667,0,0,0.231491275,0.018437333,0.278662352,0.001189354,0.1189354
17181,61355,"16,667","388,703,000","388,703",1.710492123,0.861795523,140.4,46.9,34.1,-0.042614068,0.763640084,83.90632512,6335.333333,0,0,0.252291568,0.005363459,0.303288626,0.000410397,0.0410397
17183,66221,"71,652","3,225,783,000","3,225,783",1.707619453,0.3500337,92.8,53.1,27.2,-0.137992388,1.235307953,148.3329381,48712.33333,0,0,0.215009036,0.010075512,0.312511085,0.000677001,0.0677001
17185,70975,"10,942","322,343,000","322,343",1.765124501,0.138421496,88.4,44.8,32.5,-0.116526169,0.911666904,94.93027652,4541.666667,0,0,0.207715442,0.006354463,0.28198786,0.000372201,0.0372201
17187,185201,"16,185","847,234,000","847,234",1.817999448,-0.067777385,91.9,51.4,28.8,-0.25721041,0.646774663,50.11534575,4574.666667,0,0,0.213933695,0.004436098,0.296867722,0.000281737,0.0281737
17189,219333,"13,536","1,103,392,000","1,103,392",1.727540632,0.196894436,86.8,46.7,32.9,-0.149189846,0.597506901,39.22219525,5030.666667,0,0,0.210805112,0.004088662,0.28759013,0.000247877,0.0247877
17191,85536,"15,761","461,894,000","461,894",1.7643926,0.275476723,101.2,45.3,31.9,-0.109299457,0.558799639,42.12890868,5400,0,0,0.215503726,0.003836994,0.305542722,0.000252649,0.0252649
17193,90011,"13,401","465,597,000","465,597",1.648070184,0.990430385,144.2,45.7,32.4,-0.004333207,0.618874343,61.43474129,5172.666667,0,0,0.243167816,0.004281902,0.278044181,0.000289505,0.0289505
17195,59032,"54,498","2,162,699,000","2,162,699",1.842298548,-0.462637425,105.6,54.8,25.5,-0.331688991,1.18514728,124.5039418,36636.33333,0,0,0.206156807,0.009307161,0.302267247,0.000579971,0.0579971
17197,28315,"700,728","35,885,479,000","35,885,479",1.961610829,-0.302403898,65.3,61.8,26.8,-0.224928436,10.32269877,1803.023682,1267359.667,0,0,0.235108229,0.114166842,0.367435457,0.009862542,0.9862542
17199,54711,"66,706","2,997,474,000","2,997,474",1.323384795,0.86631741,141.2,54,30.9,-0.040051143,1.940900659,250.2447813,54787.66667,0,0,0.216814362,0.015345887,0.282398363,0.000939598,0.0939598
17201,36641,"280,922","13,663,162,000","13,663,162",1.953346502,-0.764317576,42.8,56.9,24.9,-0.27231223,6.231710005,963.2197179,372893.6667,0,0,0.195696702,0.056340325,0.315335106,0.003476764,0.3476764
17203,51574,"38,285","1,217,623,000","1,217,623",1.89938344,0.15864944,86.3,54.1,27.6,-0.179164305,0.986137977,85.99233728,23609.33333,0,0,0.232268261,0.007449768,0.297424806,0.000514647,0.0514647
18001,95016,"36,288","1,805,835,000","1,805,835",1.881186043,-0.578015121,47.9,59.3,28.2,-0.181860028,1.220147606,116.5026642,19005.66667,0,0,0.210473365,0.008985132,0.314061785,0.000593932,0.0593932
18003,50500,"394,545","22,287,820,000","22,287,820",1.874484148,0.03568776,96.8,58.7,27.4,-0.152253206,5.567592267,875.5268532,441346.6667,0,0,0.239688978,0.05370944,0.330154746,0.004250267,0.4250267
18005,122919,"84,003","6,996,930,000","6,996,930",1.884695519,0.619077947,127.4,51.7,36.1,-0.04908787,2.04471041,237.1292057,56923,0,0,0.278506756,0.016108669,0.279330242,0.00125318,0.125318
18007,119349,"8,729","482,808,000","482,808",2.012242058,0.20520008,79.5,52.5,30.3,-0.153989913,0.550695355,35.88866364,4045.333333,0,0,0.248525127,0.003727099,0.285012284,0.000264001,0.0264001
18009,82068,"11,893","326,574,000","326,574",1.735048655,0.142010051,76.3,60,23.7,-0.129362409,1.240721738,131.4756687,3979.333333,0,0,0.213193102,0.008686283,0.295642784,0.000547488,0.0547488
18011,104405,"76,120","4,229,012,000","4,229,012",1.940266502,1.444003281,167.5,51.2,33.2,0.088343479,1.405651281,149.0297288,40505.66667,0,0,0.32077104,0.011002321,0.243621734,0.000859796,0.0859796
18013,73289,"15,653","306,714,000","306,714",1.859611564,0.408251954,118.9,50.4,32.2,-0.097131475,0.94165366,113.7830709,4185,0,0,0.250543454,0.006585793,0.268289858,0.000442686,0.0442686
18015,147605,"20,525","692,020,000","692,020",1.856219123,-0.258170869,66.9,57.6,29.1,-0.180284498,0.936970917,73.86674002,4688.333333,0,0,0.221190465,0.006496082,0.292984248,0.000420981,0.0420981
18017,81835,"37,666","1,503,337,000","1,503,337",1.775889697,0.061988061,89,58.9,28.3,-0.166328544,1.222475705,128.8198083,18370.33333,0,0,0.229948713,0.009003961,0.302635538,0.000626592,0.0626592
18019,66376,"125,467","5,807,794,000","5,807,794",1.835062186,-3.211201374,27.5,49.5,34.7,-0.380317096,2.873500521,385.7793552,87499,0,0,0.121918402,0.023083633,0.294236383,0.000828075,0.0828075
18021,70430,"26,460","848,658,000","848,658",1.746529482,0.33784624,106.8,49.7,32,-0.113084839,1.021901729,107.8816577,12049.66667,0,0,0.229008024,0.007377108,0.298616267,0.000504487,0.0504487
18023,97458,"32,730","1,532,955,000","1,532,955",2.032123268,0.271530707,85.6,51.1,29.7,-0.127117371,1.044467751,104.5214323,15729.33333,0,0,0.249606873,0.007642336,0.303350091,0.000578664,0.0578664
18025,50137,"10,438","193,997,000","193,997",1.523290661,1.014165878,133.9,50.1,37.3,-0.007171157,0.83509991,68.01991996,3869.333333,0,0,0.251470878,0.005753179,0.300475737,0.000434715,0.0434715
18027,87844,"33,656","1,530,527,000","1,530,527",1.743111627,0.128207066,83.9,48.8,34.2,-0.114756445,0.933280233,95.48876416,17423.33333,0,0,0.218558234,0.006907409,0.302022832,0.000455955,0.0455955
18029,41562,"51,215","1,865,874,000","1,865,874",1.895572916,-0.170437779,77.4,53.5,34.5,-0.125912206,1.788649519,195.4566598,44893.66667,0,0,0.237350793,0.013880878,0.282950735,0.00093222,0.093222
18031,304203,"26,399","1,625,762,000","1,625,762",1.988283255,0.045138307,73,51.5,35.3,-0.127425582,0.937631933,84.28401882,5344.333333,0,0,0.250689121,0.006540174,0.294338652,0.000482583,0.0482583
18033,105340,"44,198","2,794,775,000","2,794,775",1.981615643,-0.268706307,80.5,57.9,29.7,-0.192713939,1.358924098,144.6521219,26531,0,0,0.241378665,0.010234077,0.307473278,0.000759548,0.0759548
18035,47587,"112,321","4,319,738,000","4,319,738",1.951940121,-0.274678624,64,53.6,28.1,-0.170428301,3.045642834,421.9988721,90774.66667,0,0,0.217568641,0.024446157,0.299563824,0.001593295,0.1593295
18037,93914,"43,546","2,788,243,000","2,788,243",1.683748764,0.863298083,143,48.5,34.9,-0.033786999,1.203263997,119.2579731,29689.33333,0,0,0.256808054,0.009206453,0.276417663,0.000653532,0.0653532
18039,67277,"206,409","20,013,141,000","20,013,141",1.97633098,-0.003949887,76.2,63.6,28.5,-0.158848511,5.251025379,729.4115516,297475,0,0,0.259160354,0.046756692,0.321890656,0.003900504,0.3900504
18041,109708,"23,362","558,488,000","558,488",1.710242489,-0.264060277,57.7,51.7,33,-0.151137134,1.553659512,165.347871,5090.666667,0,0,0.198316526,0.010953649,0.304510343,0.000661485,0.0661485
18043,52205,"80,809","3,060,618,000","3,060,618",2.082379486,2.237767712,322.5,42.9,35.4,0.370600714,4.596234749,652.1851781,58627.33333,0,0,0.420756728,0.034619706,0.272227457,0.003965394,0.3965394
18045,119494,"16,731","557,160,000","557,160",1.666286455,-0.772837801,38.6,54.1,28.3,-0.20088828,0.809421447,65.80982342,4662.666667,0,0,0.165203379,0.005595772,0.288072557,0.000266306,0.0266306
18047,98334,"23,096","534,641,000","534,641",1.857260677,0.506647976,91.8,53.4,37.3,-0.057264477,0.90629767,72.45774722,5437,0,0,0.267388948,0.006304096,0.286273527,0.000482556,0.0482556
18049,142507,"20,358","699,900,000","699,900",1.781407905,0.870487725,215.2,60.2,29.8,-0.072974736,1.00041745,80.92397105,4911.333333,0,0,0.312291017,0.006956053,0.295464653,0.000641842,0.0641842
18051,255173,"32,904","3,893,862,000","3,893,862",1.558112807,0.110055908,92.8,50.5,32.7,-0.113928211,0.94456633,114.1287963,15259.66667,0,0,0.199495988,0.006952236,0.288050984,0.00039951,0.039951
18053,71863,"66,200","2,545,605,000","2,545,605",1.88736534,0.104639262,89.4,56.4,25.5,-0.13549545,1.893538104,235.1169042,35423,0,0,0.229710795,0.014385387,0.29673534,0.000980556,0.0980556
18055,39975,"31,196","648,567,000","648,567",1.924597919,-0.696099832,32.3,47.5,34.5,-0.178914577,0.964737865,95.87681899,16224.33333,0,0,0.197246716,0.007088917,0.306536739,0.00042862,0.042862
18057,32224,"371,645","22,860,477,000","22,860,477",1.762414659,-0.251648464,64.1,57,30.3,-0.166441879,11.73789715,2050.050472,709428.3333,0,0,0.21187876,0.107023829,0.276601107,0.006272228,0.6272228
18059,64997,"86,166","3,499,659,000","3,499,659",1.856569135,-0.136951169,70.4,54.1,32.9,-0.144144974,2.2362932,250.8738996,53843.33333,0,0,0.2285676,0.017366651,0.276883765,0.001099077,0.1099077
18061,43763,"40,006","1,209,168,000","1,209,168",1.703048772,0.109909733,95.1,48.4,36.8,-0.121605041,1.063185109,98.71503642,27629.66667,0,0,0.223645704,0.008132939,0.311542162,0.000566663,0.0566663
18063,40553,"186,387","7,691,416,000","7,691,416",1.868145148,1.283359047,153.4,50.3,33.4,0.056983512,4.076396578,543.4470728,189662.3333,0,0,0.299961267,0.034904204,0.295697428,0.003095925,0.3095925
18065,116410,"48,929","1,510,075,000","1,510,075",1.737564902,-0.483748295,49.4,53,30.9,-0.171268678,1.450623467,167.9466188,12972,0,0,0.189538125,0.010489607,0.299079849,0.000594625,0.0594625
18067,87229,"83,831","4,951,309,000","4,951,309",1.973965819,-0.055233792,77.7,54.9,28.5,-0.160316647,3.021061823,411.5719243,56762.33333,0,0,0.235752221,0.023195168,0.294111622,0.001608294,0.1608294
18069,82416,"36,781","1,560,928,000","1,560,928",1.920828682,0.172460054,94.2,57.7,29,-0.141724644,1.243663765,131.1323258,18939.66667,0,0,0.250988252,0.009172931,0.292806468,0.000674128,0.0674128
18071,104404,"46,460","2,867,098,000","2,867,098",1.688066708,0.154571109,82.4,52.3,34.6,-0.094214982,1.16409415,126.3572238,27461.66667,0,0,0.222642465,0.008878192,0.307163497,0.000607159,0.0607159
18073,87579,"33,535","1,429,935,000","1,429,935",1.799981718,0.238684361,88.8,58.5,27.8,-0.161138899,0.825420698,65.28632992,16327.33333,0,0,0.236092357,0.006069818,0.297982876,0.000427021,0.0427021
18075,236768,"20,032","1,087,318,000","1,087,318",1.755166539,-0.21272703,71.3,59.1,28.1,-0.173759231,0.865521056,74.06965749,4592.333333,0,0,0.213050096,0.005997822,0.30631646,0.000391422,0.0391422
18077,118704,"33,056","1,742,294,000","1,742,294",1.949872675,-0.029951607,55.1,50,35.3,-0.100329223,1.184678588,128.4215504,14677.66667,0,0,0.234661552,0.008625804,0.30170532,0.000610695,0.0610695
18079,46903,"27,622","750,258,000","750,258",1.978318501,1.684925805,178.5,50.6,36,0.142121471,1.094549561,108.1694698,15996,0,0,0.344391031,0.008004732,0.306277438,0.000844333,0.0844333
18081,29805,"167,819","6,117,373,000","6,117,373",1.636995771,0.238884116,101.4,56.5,33.5,-0.109022698,4.930497365,769.7081194,205249,0,0,0.233049818,0.041728782,0.298706869,0.00290489,0.290489
18083,104566,"36,070","1,926,136,000","1,926,136",1.496674533,0.155949433,88.4,51.5,31.1,-0.117905422,1.047435314,121.0641055,18420.33333,0,0,0.190315941,0.007777126,0.284681708,0.000421361,0.0421361
18085,73062,"80,364","6,265,837,000","6,265,837",1.893532493,-0.312710782,59.4,60.8,29,-0.200672163,2.231402166,206.0066149,85760,0,0,0.229013029,0.018246765,0.300737839,0.001256707,0.1256707
18087,52789,"40,907","2,084,499,000","2,084,499",1.790155639,-0.036864274,84.9,66.4,26.6,-0.173858771,1.311454498,123.3871657,39487.33333,0,0,0.240885837,0.010270262,0.329390289,0.000814899,0.0814899
18089,36155,"500,598","22,771,391,000","22,771,391",1.75253928,0.575088508,130.5,65.7,26,-0.123101451,11.94910861,1786.250812,629832.3333,0,0,0.26937161,0.105523002,0.318118945,0.009042499,0.9042499
18091,47227,"111,706","4,177,727,000","4,177,727",1.80266643,0.48924114,95.8,62.2,26.5,-0.117328168,2.068337951,265.7665643,88461,0,0,0.252541119,0.0173091,0.303797378,0.001327977,0.1327977
18093,57875,"45,084","1,515,658,000","1,515,658",1.860769555,0.791283734,129.6,46.5,34.4,-0.024838795,1.447938592,156.549879,26188.33333,0,0,0.263870285,0.0108626,0.305260689,0.000874974,0.0874974
18095,42596,"132,504","3,878,811,000","3,878,811",1.844904064,0.144539648,91,57,27.5,-0.125565029,2.974938627,399.5507541,91061.33333,0,0,0.234087631,0.023923623,0.307377999,0.001721386,0.1721386
18097,83277,"968,460","102,844,605,000","102,844,605",1.795652406,-0.265670639,74.4,53.7,30.6,-0.164362759,23.03223623,4969.560806,1234976.667,0,0,0.210979042,0.207105897,0.32903119,0.014377019,1.4377019
18099,41097,"46,352","1,676,921,000","1,676,921",2.100442244,-0.022114067,78.4,59.5,36.3,-0.163823411,1.343902054,127.9451983,40803.66667,0,0,0.286168932,0.010544752,0.305234011,0.000921068,0.0921068
18101,296169,"9,897","1,215,082,000","1,215,082",1.74043284,0.3947281,102.7,48.2,34.8,-0.08240274,0.77294612,78.77282396,4102.666667,0,0,0.233085858,0.005348959,0.304025613,0.000379049,0.0379049
18103,96641,"35,402","880,371,000","880,371",1.823294531,0.070135613,94.9,58.8,28.2,-0.16279243,1.246302085,130.6425793,9109.666667,0,0,0.236963187,0.008883573,0.300400253,0.000632367,0.0632367
18105,30920,"139,342","7,171,059,000","7,171,059",2.034371173,0.597715167,112,45.2,32.2,-0.073364679,4.856265662,954.6872348,231921.3333,0,0,0.261654697,0.042384205,0.293094085,0.003250421,0.3250421
18107,91789,"38,573","1,864,021,000","1,864,021",1.599117104,0.073650101,87.4,53.5,31.7,-0.147291682,1.062920816,99.87804161,20307.66667,0,0,0.206017981,0.007904734,0.299992407,0.000488543,0.0488543
18109,26806,"73,227","1,919,517,000","1,919,517",1.692172,-0.079626087,70.2,53.9,32.2,-0.138412557,1.977170493,232.2751365,71607.33333,0,0,0.208921952,0.016089541,0.293250964,0.000985751,0.0985751
18111,86903,"13,960","365,223,000","365,223",1.861480249,-0.272338517,68.4,58.5,27.7,-0.206291011,0.706116823,63.30902247,4202.666667,0,0,0.219868208,0.004860242,0.299075589,0.000319596,0.0319596
18113,35631,"47,430","2,074,984,000","2,074,984",1.937328347,-0.013721112,75.4,59.5,28.7,-0.160585419,1.617499413,171.1058643,58235.66667,0,0,0.244392462,0.01306551,0.31822697,0.001016134,0.1016134
18115,38734,"6,004","122,541,000","122,541",1.698420476,-0.03852615,74.1,57.3,32.7,-0.104322903,1.042170952,108.4187023,3163.666667,0,0,0.222223777,0.007241388,0.226341618,0.000364231,0.0364231
18117,141837,"19,638","709,279,000","709,279",1.577640666,0.821649102,142.7,49.7,34.2,-0.03687742,0.854110818,81.41640128,5000.666667,0,0,0.244316508,0.005944838,0.305114951,0.000443156,0.0443156
18119,39289,"21,532","613,681,000","613,681",1.789601664,0.590143548,110,49.4,32.6,-0.08017268,1.0148522,85.48837307,15619.66667,0,0,0.24429964,0.007398699,0.308565977,0.000557733,0.0557733
18121,87675,"16,484","406,171,000","406,171",1.864634353,-0.175978838,71.5,52.6,33.2,-0.161579935,0.799165127,58.17914895,4632.666667,0,0,0.225782737,0.005509747,0.303636819,0.000377726,0.0377726
18123,206946,"19,209","910,838,000","910,838",1.854699627,0.141787307,85.1,43.7,34.9,-0.117136714,0.853567641,95.31015253,4401.333333,0,0,0.221358854,0.005947753,0.294543719,0.000387793,0.0387793
18125,203138,"12,106","693,715,000","693,715",1.528174607,0.147101658,86.5,52.4,35.1,-0.112574321,0.733568531,67.21276363,3415,0,0,0.207089994,0.005033221,0.289463483,0.000301716,0.0301716
18127,32905,"175,335","7,839,876,000","7,839,876",1.788247937,-0.358952328,62.7,61.9,27.3,-0.214607449,5.094315358,706.1876364,238261.3333,0,0,0.214454264,0.043779309,0.285875212,0.002683985,0.2683985
18129,290375,"25,040","3,570,645,000","3,570,645",1.591087283,-0.538544931,41.3,45.3,33.3,-0.152758763,0.997157726,104.500065,12296.66667,0,0,0.157284134,0.007206993,0.280899281,0.000318412,0.0318412
18131,153588,"12,385","712,036,000","712,036",1.66917996,0.095171924,86.1,60,28,-0.155623909,0.700759179,52.92799427,4636,0,0,0.219790635,0.004817632,0.298443904,0.000316013,0.0316013
18133,39502,"37,567","1,104,042,000","1,104,042",1.785264924,0.373669353,101.7,47.6,32,-0.104948807,1.023700939,93.64768201,27948.66667,0,0,0.227779732,0.007859741,0.307019331,0.000549654,0.0549654
18135,204160,"24,216","922,462,000","922,462",1.89219363,0.153903988,70.8,52.9,27.9,-0.134906156,0.92953683,81.1452456,4518.333333,0,0,0.22423016,0.006452507,0.307979812,0.0004456,0.04456
18137,146106,"29,227","1,102,178,000","1,102,178",1.93059899,0.51558049,106.6,53.3,36.1,-0.045501138,0.897568374,85.24362029,7543.666667,0,0,0.276872722,0.006332648,0.291558443,0.0005112,0.05112
18139,139910,"16,847","631,322,000","631,322",1.891114565,0.069558401,80.9,50.8,34.2,-0.11653253,0.785762434,60.8351388,4512.333333,0,0,0.23782056,0.005417872,0.28593196,0.000368418,0.0368418
18141,41537,"272,848","14,862,458,000","14,862,458",1.969480637,-0.149456686,34.6,61.4,26.3,-0.13996952,6.355297188,1010.208337,357811.3333,0,0,0.229051091,0.05681281,0.298528318,0.00388476,0.388476
18143,65894,"24,657","717,758,000","717,758",1.600675569,1.282068394,145.6,55.2,34.5,0.049338533,1.575230696,177.6233989,10892.66667,0,0,0.27772614,0.011306777,0.302109557,0.000948681,0.0948681
18145,87415,"45,231","2,087,349,000","2,087,349",1.828630084,-0.044530496,72.8,57.9,36.2,-0.128838382,1.290476027,135.7917013,23878.66667,0,0,0.248342289,0.009660304,0.292161275,0.000700913,0.0700913
18147,148149,"19,910","1,006,524,000","1,006,524",1.584985013,0.491707112,114.7,48.5,35.6,-0.083958225,0.829217272,73.58001554,6794,0,0,0.225527722,0.005813802,0.291425013,0.000382109,0.0382109
18149,97200,"23,206","522,124,000","522,124",1.670050424,-0.060367983,72,64.8,30.9,-0.181756385,1.203208145,109.5857588,5371.666667,0,0,0.23109939,0.008429512,0.311513521,0.000606845,0.0606845
18151,51184,"34,917","1,509,266,000","1,509,266",1.817222832,0.045246166,66.6,62.6,24.5,-0.152978645,2.066758287,182.7510551,29487,0,0,0.225264099,0.015306057,0.297812054,0.001026828,0.1026828
18153,152480,"20,757","979,275,000","979,275",1.65859434,0.472054991,110.8,51.1,32.7,-0.090896926,0.818453768,74.16528465,6422.333333,0,0,0.230125333,0.005728608,0.302590059,0.000398904,0.0398904
18155,54111,"10,019","235,889,000","235,889",1.812568577,1.259504247,219.4,54.1,35.7,0.095681451,0.902591939,73.30820725,4359.333333,0,0,0.33305662,0.006246314,0.286361902,0.00059574,0.059574
18157,41062,"188,792","10,641,227,000","10,641,227",1.7047002,-0.533729228,57.6,56.2,26.7,-0.212675965,3.941263758,614.3611728,259150,0,0,0.181927376,0.036264886,0.309031845,0.002038861,0.2038861
18159,160327,"15,256","669,417,000","669,417",1.915500272,0.148731963,92.7,55.2,28.7,-0.136716305,1.009972703,101.1186677,4175.333333,0,0,0.241762636,0.007036268,0.280691156,0.000477486,0.0477486
18161,33826,"6,973","139,803,000","139,803",1.688647072,0.091917224,81.7,52.8,32.2,-0.128358638,0.882982452,74.07518939,4133,0,0,0.214810706,0.006104624,0.273250441,0.000358324,0.0358324
18163,64876,"179,810","11,537,474,000","11,537,474",1.608373715,1.102414655,107.4,46.3,34.4,0.013225766,7.03623688,1174.721057,177840,0,0,0.236061811,0.0562206,0.272429355,0.003615556,0.3615556
18165,233356,"15,417","908,455,000","908,455",1.521258129,-0.450015815,104.3,56,27.2,-0.247848636,1.070233738,107.0419099,3893,0,0,0.177789532,0.0074563,0.282814868,0.000374914,0.0374914
18167,57375,"106,153","4,903,773,000","4,903,773",1.625007721,0.410800535,117.1,53.8,31.1,-0.110118463,2.684976889,390.4402555,85469,0,0,0.228814719,0.021721045,0.294491939,0.001463653,0.1463653
18169,135986,"30,670","1,270,836,000","1,270,836",1.803346243,0.110758526,79.7,60.9,29,-0.142036959,1.102282696,108.8279603,9345.333333,0,0,0.238874051,0.007852032,0.295566798,0.000554379,0.0554379
18171,67636,"8,518","284,793,000","284,793",1.747796856,0.379548806,76.4,54.5,27,-0.121405512,0.57049559,36.5821038,4210.666667,0,0,0.21805717,0.003870876,0.299477301,0.00025278,0.025278
18173,45892,"65,867","2,584,353,000","2,584,353",1.519605178,0.725966061,110.8,50.1,35.6,-0.04658078,1.616428453,190.768714,56314.33333,0,0,0.228099056,0.01303405,0.282978308,0.00084131,0.084131
18175,45530,"28,205","739,281,000","739,281",1.591487082,0.116693422,85.7,52.5,33.6,-0.116655276,0.863512478,72.7402096,16237.33333,0,0,0.208977171,0.006344865,0.312154504,0.000413896,0.0413896
18177,93452,"66,127","2,894,783,000","2,894,783",1.753618497,0.445197794,87.5,50.4,29,-0.088446521,1.84911628,237.649118,30976,0,0,0.220276183,0.01394309,0.292954012,0.000899759,0.0899759
18179,142703,"28,555","1,185,146,000","1,185,146",1.714778416,0.165004448,95.5,61.3,26.4,-0.133041887,1.041988154,91.40164814,8305,0,0,0.229011041,0.007369473,0.30222076,0.000510055,0.0510055
18181,167940,"24,917","1,139,697,000","1,139,697",1.794665087,-0.440606866,66.7,57.3,27.4,-0.214262913,0.923317577,79.70909759,6786.333333,0,0,0.202457978,0.006477519,0.302690472,0.000396956,0.0396956
18183,118099,"34,742","2,007,715,000","2,007,715",1.867109319,-0.5527969,49.8,59.5,28.5,-0.200525253,1.236265901,119.4776619,17000.33333,0,0,0.211128183,0.009039797,0.297506846,0.000567808,0.0567808
19001,94724,"7,389","501,881,000","501,881",2.178247573,-0.226560995,90.5,46.7,37.6,-0.310233977,0.707114306,62.20700779,5298.333333,0,0,0.263560845,0.00489934,0.291981302,0.000377028,0.0377028
19003,51957,"3,544","215,986,000","215,986",1.802940955,-0.109430697,97.7,51.4,33.6,-0.315508553,0.631127433,53.73469146,4157,0,0,0.226772074,0.004321135,0.280824671,0.000275184,0.0275184
19005,103794,"14,074","553,363,000","553,363",1.797896,0.231151796,100.7,53.9,29.3,-0.255270011,0.897336992,76.12494432,5331.333333,0,0,0.23235301,0.006245341,0.309298059,0.00044883,0.044883
19007,84499,"12,119","421,282,000","421,282",1.835361098,0.096205647,83.3,50.6,30,-0.265653749,1.051500227,111.9953533,4985.666667,0,0,0.220126797,0.007369498,0.296577332,0.000481115,0.0481115
19009,62030,"5,534","304,548,000","304,548",2.263234422,-0.23595518,99.2,50.2,44.1,-0.317014887,0.723312219,64.93769757,4909.666667,0,0,0.303532529,0.005004562,0.28158648,0.000427743,0.0427743
19011,58323,"25,796","894,924,000","894,924",1.90079678,-0.528682759,54.8,53.3,31.9,-0.285410327,1.077474513,111.7444549,15344.33333,0,0,0.211968715,0.007872482,0.295033128,0.000492328,0.0492328
19013,63978,"130,471","8,149,083,000","8,149,083",1.669516908,0.098739272,79.8,58,30.5,-0.260297489,3.00966097,475.930034,127372.3333,0,0,0.220350768,0.025437202,0.297131068,0.001665451,0.1665451
19015,78328,"26,590","1,042,577,000","1,042,577",2.000528332,0.027670828,85.8,52.7,34.5,-0.264114218,1.179965048,138.9686174,13310.33333,0,0,0.256187613,0.008569709,0.270253721,0.000593329,0.0593329
19017,114455,"25,307","1,177,966,000","1,177,966",1.729303981,-0.178458097,65.6,58,29.9,-0.263637222,1.285922109,151.342587,10292,0,0,0.212087506,0.00923313,0.28142927,0.000551104,0.0551104
19019,92189,"20,691","786,929,000","786,929",1.706431608,0.068920485,91.6,55.5,30.1,-0.278615454,1.099713656,116.5632773,8536,0,0,0.219829348,0.007823088,0.293259684,0.000504332,0.0504332
19021,112184,"20,567","1,452,784,000","1,452,784",1.800467977,0.069267658,82.7,58.7,36.5,-0.273695461,1.037697356,109.4535002,12950,0,0,0.254787925,0.007517649,0.29451469,0.000564115,0.0564115
19023,105567,"14,172","546,275,000","546,275",1.930798354,-0.261177557,92,55.9,34.8,-0.334496824,0.969723996,98.60432809,5174.666667,0,0,0.249319022,0.006783662,0.293008555,0.000495564,0.0495564
19025,87251,"9,763","426,539,000","426,539",1.85719042,0.188048601,82.7,58.5,36,-0.256610583,0.785997325,82.48987092,4888.666667,0,0,0.263331476,0.005470813,0.281502829,0.000405543,0.0405543
19027,165972,"20,522","1,329,933,000","1,329,933",1.924659366,0.123248414,85.8,55.8,41.5,-0.258535121,1.02171679,116.2532439,8013,0,0,0.279224625,0.00726515,0.287152896,0.000582521,0.0582521
19029,139597,"13,130","677,604,000","677,604",1.928840656,0.042478097,82.4,51.4,36.7,-0.258437211,0.872616784,93.23553423,4854,0,0,0.250666583,0.006090229,0.28201741,0.000430533,0.0430533
19031,117533,"18,302","643,612,000","643,612",1.759923641,-0.156182773,89.3,57.6,29.3,-0.295664828,0.996255447,100.652266,5476,0,0,0.22063769,0.006980851,0.27721163,0.000426972,0.0426972
19033,98549,"42,406","2,573,895,000","2,573,895",1.898515556,1.720137716,267.9,58.9,34.1,-0.046487428,1.736935811,216.9858308,26118,0,0,0.402656686,0.012975555,0.285037774,0.001489235,0.1489235
19035,151238,"11,605","777,263,000","777,263",1.741245985,-0.152263845,71.2,59.5,38.7,-0.288096379,0.861981991,81.4396871,5139.333333,0,0,0.245506176,0.006003809,0.284687952,0.000419622,0.0419622
19037,159101,"11,658","758,966,000","758,966",1.798049487,0.051930759,77.2,57.9,30.6,-0.27476187,0.986075858,100.2924396,4770.333333,0,0,0.232743747,0.006887558,0.294440355,0.000471998,0.0471998
19039,92599,"9,588","469,695,000","469,695",1.902604662,0.167093815,93.4,48,35.6,-0.271837228,0.814470505,76.17173903,5072.333333,0,0,0.243398598,0.005662514,0.300765879,0.00041453,0.041453
19041,190179,"16,511","1,068,362,000","1,068,362",1.831839442,0.012617907,73.6,57.3,37.7,-0.276334563,0.981154425,102.8126783,5617.666667,0,0,0.253649838,0.006884466,0.278584131,0.000486476,0.0486476
19043,147642,"16,969","825,616,000","825,616",1.83607225,-0.01242337,68.5,54.4,31.6,-0.249171833,0.918641929,80.07533369,5592,0,0,0.226404866,0.006408482,0.305342006,0.000443024,0.0443024
19045,89471,"46,158","2,311,645,000","2,311,645",2.001562578,0.192959601,90.2,55.2,27.6,-0.226195583,1.401223075,175.4223039,25836.66667,0,0,0.249214677,0.010562052,0.284799771,0.000749655,0.0749655
19047,127433,"16,013","791,528,000","791,528",1.894887968,-1.132269186,53.5,54.5,38.2,-0.371631927,0.827521799,81.24152074,6211.333333,0,0,0.213121168,0.005797857,0.292504388,0.000361432,0.0361432
19049,101142,"111,092","6,601,785,000","6,601,785",1.83181907,0.349862705,101.2,54.3,33.2,-0.238668925,1.799780901,218.719298,65272.66667,0,0,0.253195903,0.014636566,0.277942413,0.001030032,0.1030032
19051,56744,"9,169","286,898,000","286,898",1.848782575,0.97069646,154,49.6,30.5,-0.182729596,0.727200759,64.89952476,5056,0,0,0.275647218,0.005036033,0.30668848,0.000425735,0.0425735
19053,46246,"7,665","234,236,000","234,236",1.916150549,0.241434034,98.7,45.8,34.2,-0.266856348,0.757425944,77.01846624,5065,0,0,0.239372026,0.005268124,0.311677153,0.000393038,0.0393038
19055,145029,"17,600","899,084,000","899,084",1.80050209,-0.108456822,67.4,56.1,29.2,-0.269727557,1.088113998,106.6635268,6199.333333,0,0,0.21610634,0.007651614,0.290001621,0.000479536,0.0479536
19057,98353,"38,253","2,205,134,000","2,205,134",1.741136046,-0.43211763,66.7,52,26.5,-0.273538689,2.082987854,279.0771174,22420.66667,0,0,0.18088386,0.015374126,0.280048981,0.000778797,0.0778797
19059,148663,"18,056","1,051,094,000","1,051,094",1.850675009,0.021445006,79.5,56.7,34.8,-0.282442741,1.805041688,176.6953029,7070.333333,0,0,0.247888053,0.012779955,0.263710117,0.000835433,0.0835433
19061,91803,"98,887","6,866,230,000","6,866,230",2.090851862,-0.054938371,85.7,52.5,27.5,-0.271657448,1.917530298,277.1278292,74793.33333,0,0,0.242584386,0.015857208,0.301202168,0.001158638,0.1158638
19063,77942,"9,229","392,492,000","392,492",1.845536263,-0.41384482,57.7,58.4,37.6,-0.305671687,0.885285864,93.15485833,5035.666667,0,0,0.238862807,0.006183634,0.27938373,0.000412661,0.0412661
19065,118499,"19,210","743,855,000","743,855",1.63766801,0.078232957,77.8,56.8,28.4,-0.252457616,1.002142289,102.8854776,6277.333333,0,0,0.206152414,0.007050775,0.311287168,0.000452467,0.0452467
19067,163367,"15,326","820,321,000","820,321",1.822828328,-0.605420112,51.6,58.1,32.6,-0.315329016,1.10573911,119.8769,5021.333333,0,0,0.21339096,0.007761258,0.293434833,0.000485982,0.0485982
19069,136183,"9,875","640,149,000","640,149",1.83280266,-0.172512915,83.5,57.2,32.7,-0.2976621,0.801723059,81.21844172,4700.666667,0,0,0.235689188,0.00557171,0.283444884,0.000372217,0.0372217
19071,68425,"6,458","322,055,000","322,055",1.917705971,0.391460971,127.7,51.5,34.9,-0.283996128,0.74469056,76.86143713,4706.666667,0,0,0.271500875,0.005168312,0.274684384,0.000385437,0.0385437
19073,110888,"8,584","537,587,000","537,587",2.062922469,0.072792966,84.4,53.4,36.7,-0.251837627,0.771074727,79.48478336,4848,0,0,0.272659497,0.005360538,0.270862296,0.000395893,0.0395893
19075,124301,"12,384","584,214,000","584,214",1.701800943,0.004584705,83.7,59.3,30.3,-0.274292797,0.883521812,89.279559,4700,0,0,0.224809714,0.006153841,0.285892082,0.000395515,0.0395515
19077,103625,"10,722","506,797,000","506,797",1.922910494,-0.272754044,84.1,53.9,37.7,-0.313204239,0.874523607,84.2678152,4890.666667,0,0,0.249254495,0.006088215,0.286803672,0.000435229,0.0435229
19079,164283,"14,729","804,219,000","804,219",1.794904358,0.064964008,80.9,53.1,33.9,-0.26234405,0.916075576,92.47567399,4895.333333,0,0,0.231601153,0.006391597,0.283060593,0.000419015,0.0419015
19081,185865,"10,615","942,274,000","942,274",1.890722717,-0.01217831,76.5,62.4,33.7,-0.280548134,0.836695483,84.08356146,5069.666667,0,0,0.261471825,0.005831058,0.294473194,0.000448971,0.0448971
19083,182315,"16,463","906,654,000","906,654",1.819661163,-0.812207083,53.9,56.3,33.7,-0.342437018,1.045764088,118.1906957,4973,0,0,0.205930314,0.007340633,0.280425547,0.000423908,0.0423908
19085,92591,"14,670","516,351,000","516,351",1.822065735,-0.174900055,79.9,54.7,37,-0.297833729,0.805314182,85.73431916,5576.666667,0,0,0.239588939,0.00563221,0.292681843,0.000394949,0.0394949
19087,98824,"19,547","935,338,000","935,338",1.550154144,0.525278465,110.8,52.8,27.7,-0.193333178,1.204309564,132.421869,9464.666667,0,0,0.209579825,0.008606608,0.294768206,0.000531694,0.0531694
19089,98660,"9,376","509,743,000","509,743",1.779466042,0.072118269,73,56.4,29.8,-0.252905696,0.8263759,75.63974733,5166.666667,0,0,0.223786565,0.005747071,0.290779914,0.000373977,0.0373977
19091,93915,"9,500","458,871,000","458,871",1.882987059,0.004716911,85.3,54.7,32.4,-0.281273048,0.940172953,98.3173514,4886,0,0,0.240649557,0.006569138,0.276967194,0.000437846,0.0437846
19093,110487,"6,833","583,481,000","583,481",1.835090723,-0.0242354,124.5,58.4,40.1,-0.36156156,0.746237323,68.74212496,5281,0,0,0.278332002,0.005182129,0.274943919,0.000396566,0.0396566
19095,189055,"16,381","990,773,000","990,773",1.921889334,0.180552335,88.6,51,31,-0.247584243,0.88730498,93.20689177,5240.666667,0,0,0.238425649,0.006204133,0.280359229,0.000414714,0.0414714
19097,126574,"19,342","639,197,000","639,197",2.030920429,0.050963896,80.4,55.3,27.2,-0.232807162,0.974885829,101.5167867,5050,0,0,0.243750374,0.006820899,0.29921677,0.000497477,0.0497477
19099,53653,"37,919","1,159,073,000","1,159,073",1.910895347,0.374260867,95.3,55.2,33.1,-0.231805348,1.207345957,143.5603547,21603,0,0,0.262698372,0.009026824,0.305158249,0.000723632,0.0723632
19101,136840,"15,440","738,526,000","738,526",1.831248791,0.284946722,95.4,49.9,30.1,-0.232820877,1.057223561,111.3506757,5397,0,0,0.228414827,0.007420859,0.272869021,0.000462522,0.0462522
19103,45986,"157,528","9,492,245,000","9,492,245",2.095244164,0.255119054,93.1,50.5,32.1,-0.248912142,3.16903817,513.4075568,206414.3333,0,0,0.264270411,0.029077914,0.301141479,0.002314101,0.2314101
19105,98007,"20,900","637,340,000","637,340",1.999031095,0.094826371,85.5,55.6,32.1,-0.24922275,0.983211188,103.9819148,6503,0,0,0.258414187,0.006928499,0.299711257,0.00053661,0.053661
19107,63722,"9,914","319,652,000","319,652",1.986231215,0.14545466,95,49.2,31.7,-0.25877354,0.882649158,85.06305914,5016.333333,0,0,0.244262614,0.006149956,0.292472437,0.000439353,0.0439353
19109,200993,"14,396","984,733,000","984,733",1.839957574,-0.23789907,79.4,59.2,36.2,-0.315063577,0.770616458,70.06662978,4899.333333,0,0,0.248243203,0.005341752,0.282894371,0.000375133,0.0375133
19111,94630,"32,565","1,771,261,000","1,771,261",1.748384181,0.232795312,104.2,52.3,28,-0.229362005,1.512469058,188.6918028,18717.66667,0,0,0.219604007,0.011135829,0.298072907,0.000728929,0.0728929
19113,69212,"228,972","17,321,866,000","17,321,866",2.050392332,0.110129737,110.9,52,31.4,-0.293961454,3.752186849,613.8760311,250273.6667,0,0,0.261709087,0.034675403,0.296721888,0.002692712,0.2692712
19115,185547,"10,513","932,744,000","932,744",1.78525012,-0.111352959,73.3,53.2,28.2,-0.243657918,1.023105399,104.6872712,5027,0,0,0.205925672,0.007160465,0.282584078,0.000416677,0.0416677
19117,56994,"8,747","298,611,000","298,611",1.867340092,0.165759693,109.5,49.7,33.8,-0.296690886,0.880786838,85.741505,5239.333333,0,0,0.243462252,0.006145236,0.298651776,0.000446823,0.0446823
19119,183869,"12,324","912,971,000","912,971",1.859840606,1.162490975,192.5,59.5,40.3,-0.152655968,0.846054785,76.80954935,4965.333333,0,0,0.361991561,0.005879435,0.297474156,0.000633116,0.0633116
19121,76811,"16,971","451,547,000","451,547",1.898346259,-0.449733261,48.3,49.9,34,-0.268497949,0.882520594,85.0098552,5878.666667,0,0,0.209746271,0.006175877,0.300529418,0.000389296,0.0389296
19123,77685,"21,874","858,109,000","858,109",1.951434637,0.198435878,91.3,51,32.5,-0.255154485,1.041896287,120.3473733,11046,0,0,0.247790781,0.007507263,0.294479746,0.0005478,0.05478
19125,89374,"33,770","2,112,895,000","2,112,895",1.946404562,1.039906572,138,51.7,34,-0.171833312,1.255451824,153.0774619,23641,0,0,0.29984223,0.009441515,0.294770451,0.000834485,0.0834485
19127,56124,"40,014","1,766,947,000","1,766,947",1.868495831,-0.091391194,79.3,54.1,31.5,-0.270285728,1.374071343,174.5544834,31482.66667,0,0,0.229891129,0.010548315,0.293135837,0.000710844,0.0710844
19129,76719,"14,633","552,579,000","552,579",1.896826891,-1.406277502,65.2,56.8,36.2,-0.397256354,0.973112782,104.5997349,7202.666667,0,0,0.209063584,0.006881411,0.272739061,0.000392377,0.0392377
19131,125418,"10,518","633,568,000","633,568",2.046582412,-0.082378856,67.4,54.3,32.4,-0.273499157,0.942688696,97.36074645,5051.666667,0,0,0.24993098,0.006590012,0.294442983,0.000484962,0.0484962
19133,67158,"8,493","342,642,000","342,642",2.016277203,-1.318642511,35.3,54,40,-0.347344804,0.671846456,67.297691,5102,0,0,0.22143944,0.004657868,0.288963572,0.000298047,0.0298047
19135,100346,"7,504","496,812,000","496,812",1.90180704,0.323502391,96.3,47.3,31.1,-0.243688163,0.821238076,72.48977723,4951,0,0,0.23440356,0.005698945,0.260645155,0.000348184,0.0348184
19137,86816,"10,139","443,513,000","443,513",2.024187783,0.086849482,82.3,49.7,38.6,-0.256750638,0.903535448,111.1869577,5108.666667,0,0,0.264326603,0.006345455,0.284663188,0.000477458,0.0477458
19139,67391,"42,218","2,578,843,000","2,578,843",1.867132395,0.254598281,87.7,53.3,29.8,-0.219425494,1.716443647,211.1301533,38266.66667,0,0,0.236506137,0.013201828,0.273308632,0.000853355,0.0853355
19141,184871,"14,012","883,743,000","883,743",1.913225682,-0.539700307,60.6,57.6,38.8,-0.311913572,0.885359458,88.12446546,4780.333333,0,0,0.245044733,0.006166985,0.282651627,0.00042714,0.042714
19143,77399,"5,978","407,093,000","407,093",1.622625994,-0.003496319,77.3,61.8,33.2,-0.281955949,0.802697203,76.59397692,5259.666667,0,0,0.228382819,0.005587462,0.294013586,0.000375185,0.0375185
19145,127906,"15,014","621,580,000","621,580",1.815482899,0.486398328,104.8,51.9,33.8,-0.232253435,0.938346189,109.8305881,4859.666667,0,0,0.252743179,0.006576682,0.289117794,0.000480575,0.0480575
19147,114547,"8,810","577,658,000","577,658",1.941109449,-0.311248521,68.9,54.9,39,-0.305659497,0.772240493,88.79210167,5043,0,0,0.251754377,0.005391716,0.285626273,0.000387706,0.0387706
19149,100499,"25,722","1,526,073,000","1,526,073",1.698491916,0.621694946,127.8,60.3,38.5,-0.223161299,0.870667845,84.7953249,15185,0,0,0.288919015,0.006383687,0.296806129,0.00054742,0.054742
19151,109673,"6,976","517,436,000","517,436",1.813272602,-0.986435173,47.8,60.1,36.7,-0.350274928,0.718896514,70.38560658,4718,0,0,0.216632846,0.004977904,0.280016559,0.000301964,0.0301964
19153,68975,"505,255","47,683,356,000","47,683,356",1.964014691,-0.606549519,88.7,53.5,32.5,-0.383164992,9.193694622,1841.081807,691315.3333,0,0,0.227701796,0.088428078,0.304026464,0.006121643,0.6121643
19155,53371,"93,179","4,349,226,000","4,349,226",1.752121963,-0.114335047,68.5,56.1,36.2,-0.26881128,1.619688682,198.3237383,81491,0,0,0.231364062,0.013856158,0.290995866,0.000932879,0.0932879
19157,152184,"18,453","1,222,295,000","1,222,295",1.661011439,1.259266858,217,57.2,30.7,-0.167925448,0.996718138,106.9894954,8031.666667,0,0,0.313252922,0.007075395,0.284034239,0.00062953,0.062953
19159,34390,"4,642","165,129,000","165,129",1.862338345,0.608314472,152.2,45.5,31.9,-0.293920174,0.652776436,58.32045769,4801.666667,0,0,0.257767641,0.004499807,0.299550269,0.00034745,0.034745
19161,117872,"9,686","571,402,000","571,402",1.830466924,-0.159033886,71.3,58.1,40.4,-0.283773944,0.883019932,85.26603259,4847.666667,0,0,0.257123648,0.006147635,0.287311046,0.000454153,0.0454153
19163,54213,"174,270","9,868,941,000","9,868,941",2.095992441,0.118655025,95.9,52.3,30.2,-0.236851094,4.263344533,670.6849093,182039.6667,0,0,0.25960431,0.036195635,0.277474337,0.0026073,0.26073
19165,157412,"11,806","768,800,000","768,800",1.898448583,0.113365076,86.3,52.3,36.4,-0.261037745,0.851659778,84.10313718,4884,0,0,0.252194992,0.005929104,0.275286264,0.000411633,0.0411633
19167,89141,"36,246","2,587,382,000","2,587,382",1.882955937,-1.661045357,34.2,57.4,39.2,-0.395953651,1.054947521,110.8480668,29025.66667,0,0,0.20095557,0.008141531,0.32013969,0.000523776,0.0523776
19169,53904,"98,566","5,782,585,000","5,782,585",1.849023948,-0.590923959,46.1,53,31.7,-0.304057732,2.237046963,318.4637545,107274.6667,0,0,0.199925167,0.01916281,0.292058889,0.001118915,0.1118915
19171,117719,"16,833","684,535,000","684,535",1.772498094,0.357590118,91.1,54.9,31.4,-0.233797142,0.915937477,94.36644855,5815,0,0,0.239256944,0.006422794,0.304156086,0.000467396,0.0467396
19173,61722,"5,924","293,879,000","293,879",1.876966889,0.152976432,82.7,48.1,33.3,-0.26581093,0.698431265,67.94764481,4761.333333,0,0,0.230079517,0.004832838,0.295560127,0.000328644,0.0328644
19175,179253,"11,906","839,681,000","839,681",1.947686431,0.290134668,93.7,45.8,35.4,-0.256170666,0.931296021,114.0975915,4684.333333,0,0,0.246723759,0.006530101,0.284076836,0.000457685,0.0457685
19177,47615,"7,266","232,442,000","232,442",1.766632072,0.197696905,131.4,50.1,30.2,-0.266978697,0.858941509,73.77089653,4881.666667,0,0,0.230337463,0.005960664,0.304957702,0.000418696,0.0418696
19179,89493,"35,166","1,723,775,000","1,723,775",1.920424476,0.453560511,105.7,47.3,28.7,-0.224898724,1.614237844,209.6999269,19261.66667,0,0,0.236934497,0.011897143,0.288568996,0.000813431,0.0813431
19181,39273,"55,205","1,368,732,000","1,368,732",1.875760631,0.167920799,91.1,51.3,32.7,-0.265444738,1.398770696,153.4410485,34851.66667,0,0,0.239483608,0.010786208,0.300670163,0.000776667,0.0776667
19183,125032,"22,560","1,270,872,000","1,270,872",1.93071593,0.205462957,86.8,50,31.1,-0.226901328,1.05596947,117.0942363,10164.33333,0,0,0.237492814,0.007571428,0.288859343,0.000519415,0.0519415
19185,52122,"6,557","248,624,000","248,624",1.828694969,-0.47473162,62.3,48.2,31.3,-0.296147341,0.756244628,70.70014987,4770,0,0,0.193110127,0.005239179,0.298910826,0.00030242,0.030242
19187,102925,"36,485","2,105,636,000","2,105,636",1.881564831,-0.304196436,65.9,57.1,34.9,-0.283754587,1.227980355,145.6406619,20458,0,0,0.2380598,0.00913803,0.286177427,0.00062255,0.062255
19189,104154,"10,571","507,405,000","507,405",1.883115893,0.110474512,79.4,62,33.9,-0.281031935,1.009422178,112.2022343,4871.666667,0,0,0.265231626,0.007074431,0.285812363,0.000536288,0.0536288
19191,91488,"19,815","986,693,000","986,693",1.956679606,-0.39592641,57.4,52.7,30.8,-0.286656419,0.992609558,91.82704327,10785,0,0,0.218082351,0.007105113,0.304482894,0.000471796,0.0471796
19193,44377,"105,951","5,217,724,000","5,217,724",1.893772506,-0.435829059,68.7,56,38.3,-0.314000066,1.827658525,287.1912388,117577.6667,0,0,0.242884096,0.016587341,0.311113513,0.001253415,0.1253415
19195,75953,"7,297","351,158,000","351,158",1.972659009,0.111530109,87,59,34.4,-0.276270185,0.898165737,89.30821809,4623.333333,0,0,0.271770938,0.006253084,0.283613725,0.000481975,0.0481975
19197,182666,"12,656","877,648,000","877,648",1.739820766,-0.156762818,76.9,58.6,32.5,-0.299511487,0.850064355,104.8512392,4804.666667,0,0,0.226431826,0.005953472,0.274996876,0.000370711,0.0370711
20001,111999,"12,412","556,971,000","556,971",2.001358892,0.230829705,80.9,42.9,33.2,-0.210354118,0.997310594,123.3789161,4973,0,0,0.232279706,0.007013999,0.284211465,0.00046304,0.046304
20003,55881,"7,838","299,113,000","299,113",1.960424329,0.687060347,126.6,48.2,34.3,-0.204586888,0.660769561,65.33921047,5352.666667,0,0,0.274402465,0.004585274,0.30353719,0.000381914,0.0381914
20005,94843,"16,016","628,585,000","628,585",1.838501806,0.65552629,121.2,50.7,33.9,-0.21582468,1.00992284,118.2288115,6627.666667,0,0,0.263738131,0.007143715,0.291518296,0.000549241,0.0549241
20007,38660,"4,071","194,639,000","194,639",1.596924161,-0.346529982,71.7,60.6,32.2,-0.277141238,0.272686297,47.74663864,5034.666667,0,0,0.206477349,0.001851141,0.272004191,1.04E-04,0.0104
20009,76161,"24,899","1,187,074,000","1,187,074",2.100789514,0.080444885,65.2,56.2,38.3,-0.228701414,0.814516079,124.7958669,15586.33333,0,0,0.283080543,0.006079786,0.266062468,0.000457912,0.0457912
20011,122461,"14,408","609,572,000","609,572",1.951493861,0.772729761,119.1,44.5,34.7,-0.172076572,0.847279978,91.14733616,4977.666667,0,0,0.265183836,0.005914516,0.297568783,0.000466717,0.0466717
20013,110254,"9,250","567,476,000","567,476",1.81532136,0.152136604,95.1,53.6,33.3,-0.274656986,0.804898708,95.82324425,5147,0,0,0.240811731,0.005634353,0.286852436,0.000389207,0.0389207
20015,31585,"68,632","2,359,250,000","2,359,250",1.707542785,0.691695925,131.1,51.8,29.4,-0.224662353,1.002729609,145.4648823,74694.33333,0,0,0.242671575,0.009267738,0.296582978,0.00066702,0.066702
20017,34896,"2,579","118,310,000","118,310",1.877068876,0.827115973,121.7,51.1,30.9,-0.191707371,0.312117915,27.60913237,3390.333333,0,0,0.26651753,0.002036561,0.26506739,0.000143873,0.0143873
20019,15765,"3,347","65,838,000","65,838",1.7024602,0.185039166,116.3,46.9,29.9,-0.260584821,0.462073715,40.34219225,4176.333333,0,0,0.208549566,0.003124572,0.271791048,0.000177107,0.0177107
20021,93506,"19,054","872,820,000","872,820",1.800841767,0.834862921,112.6,40.9,31.3,-0.148224767,1.182567883,156.4177069,9334.333333,0,0,0.228145462,0.008495568,0.307468147,0.000595943,0.0595943
20023,42628,"2,636","117,938,000","117,938",2.058497558,0.097865536,72.1,71.4,35.3,-0.231379352,0.276778805,24.11397684,2766.666667,0,0,0.311129623,0.001765571,0.298222447,0.00016382,0.016382
20025,85919,"1,847","204,115,000","204,115",1.669565603,-1.370426248,28.1,71,37.2,-0.300889295,0.151516938,33.0172891,2375.666667,0,0,0.212995884,0.000900719,0.281738996,5.41E-05,0.00541
20027,45356,"8,007","224,404,000","224,404",1.917162934,-0.151684122,83.4,51.5,30.9,-0.292584943,0.623603479,61.60781148,4947.666667,0,0,0.226313003,0.004308002,0.267462635,0.000260765,0.0260765
20029,76433,"8,854","385,451,000","385,451",1.755650805,0.676247474,111.5,53.9,29.7,-0.194864294,0.527701947,70.03894992,5043,0,0,0.249359129,0.003661131,0.299525734,0.000273448,0.0273448
20031,130496,"8,251","645,388,000","645,388",1.598019963,-0.290874306,76.2,55.2,30.4,-0.277925123,0.680377331,79.74446061,4945.666667,0,0,0.191703626,0.004734909,0.262441632,0.000238218,0.0238218
20033,37096,"1,655","69,926,000","69,926",1.769737741,-0.810374915,43.5,61.9,34.8,-0.274174556,0.234578322,27.02767666,1885,0,0,0.215077236,0.001450644,0.290558834,9.07E-05,0.00907
20035,53960,"34,157","1,279,251,000","1,279,251",1.822159159,0.394946263,109.4,46.3,28.8,-0.228248831,0.83986988,124.3168183,23707.33333,0,0,0.22219468,0.006508217,0.28885349,0.000417708,0.0417708
20037,62653,"38,764","1,682,766,000","1,682,766",1.969736911,1.730337927,166.6,43.7,33.8,-0.050921235,1.440363997,198.9438687,26858.33333,0,0,0.312402804,0.010908427,0.293913958,0.001001607,0.1001607
20039,69785,"2,712","193,559,000","193,559",2.122481584,-0.732520123,44.2,63.9,38.6,-0.300112865,0.254424201,33.5391389,2773.666667,0,0,0.272224603,0.001627942,0.285615137,0.000126575,0.0126575
20041,85790,"18,445","620,230,000","620,230",1.773396615,-1.822624922,29.3,52.9,32.8,-0.368149681,0.781683244,89.87291877,7229.666667,0,0,0.155123799,0.005527433,0.296284669,0.000254045,0.0254045
20043,44855,"7,493","225,663,000","225,663",1.888935791,1.332395731,177.6,49.8,33.3,-0.153282291,0.863153116,91.99330022,5031,0,0,0.313831582,0.006027836,0.294748247,0.000557583,0.0557583
20045,24418,"120,553","5,219,845,000","5,219,845",1.557101314,0.913393496,135.2,57.3,29.3,-0.18888977,3.845055809,671.2927517,213767.3333,0,0,0.248710029,0.034285277,0.299435111,0.002553311,0.2553311
20047,39956,"2,733","145,252,000","145,252",1.769546356,0.262474014,75.7,65.2,35.9,-0.211232523,0.350195034,46.65865385,3635.333333,0,0,0.270530281,0.002343148,0.282811056,0.000179272,0.0179272
20049,27292,"2,467","86,517,000","86,517",1.877385363,-0.056615596,71.5,47.3,30.7,-0.246718732,0.417568311,44.98171214,3170,0,0,0.210255776,0.002792919,0.291922793,0.000171425,0.0171425
20051,92260,"28,810","1,772,342,000","1,772,342",1.721874491,-1.406782711,27.2,62.3,32.9,-0.3146728,0.631651068,110.4590728,19210.33333,0,0,0.182914706,0.004898182,0.277850459,0.00024894,0.024894
20053,45939,"6,357","247,611,000","247,611",1.782377921,-0.539811875,81.2,59.1,33.3,-0.345151333,0.452805734,57.60204745,5390,0,0,0.22339397,0.003129694,0.287241254,0.000200826,0.0200826
20055,31724,"37,466","2,287,775,000","2,287,775",1.922737391,-1.59974668,33,70.9,38.8,-0.394485787,0.567839033,157.2014663,72115.33333,0,0,0.236583839,0.006191942,0.318255267,0.000466216,0.0466216
20057,57151,"33,980","2,444,691,000","2,444,691",1.988502747,-0.194131376,65.6,63.8,38.9,-0.251905499,0.604870143,112.8779869,42775.66667,0,0,0.281919872,0.005452231,0.30647617,0.000471082,0.0471082
20059,48555,"26,125","828,942,000","828,942",1.67134171,1.643051081,197.4,54.9,31.1,-0.069723943,1.104972896,124.0049055,17072.33333,0,0,0.313447988,0.008139561,0.310437718,0.000792029,0.0792029
20061,151246,"35,047","2,885,327,000","2,885,327",1.960171469,0.437155692,95.7,52,34.6,-0.237797705,1.171842107,174.8212024,19077,0,0,0.267089196,0.008758831,0.252555951,0.000590827,0.0590827
20063,64830,"2,735","170,892,000","170,892",1.784407443,-1.211025187,28.2,68.8,34,-0.30539315,0.194717146,26.44330425,2636,0,0,0.214538372,0.001196503,0.286252098,7.35E-05,0.00735
20065,49060,"2,376","119,266,000","119,266",1.971220513,0.226862478,81.4,62,36.6,-0.219102055,0.214484817,33.00560248,2431,0,0,0.288681617,0.001339221,0.262697426,1.02E-04,0.0102
20067,80998,"7,147","413,414,000","413,414",1.979775915,-1.005099455,41.6,68.3,39,-0.310345757,0.431963798,73.22092926,5104,0,0,0.258653273,0.003004731,0.285499502,0.000221885,0.0221885
20069,121649,"5,743","615,705,000","615,705",1.981527774,0.266684428,87.6,68.9,41.7,-0.204651139,0.345693469,31.96620747,5061.333333,0,0,0.326078949,0.002329577,0.296887105,0.000225523,0.0225523
20071,121233,"1,181","180,961,000","180,961",1.772543454,-0.204280173,54.6,75.4,34.6,-0.246173466,0.124785598,32.414572,1492.666667,0,0,0.269330819,0.000686631,0.286142961,5.29E-05,0.00529
20073,28645,"5,870","144,373,000","144,373",1.907875739,1.505784025,183.7,48.8,31.2,-0.118974981,0.446679315,59.38023008,5040,0,0,0.314310426,0.003079523,0.291350343,0.000282006,0.0282006
20075,47444,"2,437","157,072,000","157,072",1.93369795,-1.391363195,19.2,73.7,38.6,-0.291666885,0.14939143,40.33200061,3310.666667,0,0,0.249328779,0.000928518,0.300143878,6.95E-05,0.00695
20077,49757,"5,435","258,604,000","258,604",1.603379831,1.265277907,187.1,53.8,30.1,-0.100884565,0.417366988,56.42730833,5197.333333,0,0,0.283754736,0.002875703,0.28347825,0.000231317,0.0231317
20079,56923,"33,504","1,308,772,000","1,308,772",1.863028045,-0.702845514,81.5,52.3,31.1,-0.352217887,1.286776001,164.045894,22992,0,0,0.204793149,0.009658593,0.287768373,0.00056921,0.056921
20081,44580,"3,630","224,265,000","224,265",2.10598902,0.207153516,83.1,65.9,42.8,-0.208635461,0.319628962,49.94319072,5030.666667,0,0,0.332530812,0.002180663,0.278267876,0.000201782,0.0201782
20083,40400,"1,655","94,995,000","94,995",2.093790688,-0.926705625,36.3,65.2,40.9,-0.284563172,0.207787692,23.37004336,2351.333333,0,0,0.272124374,0.001272672,0.291128071,1.01E-04,0.0101
20085,65673,"13,368","396,755,000","396,755",1.772876097,1.48884437,216.1,52.9,31.6,-0.117260148,0.746161775,67.2211116,6041.333333,0,0,0.325839872,0.005202554,0.286863289,0.00048629,0.048629
20087,30739,"18,327","372,532,000","372,532",1.792612764,0.243327905,83.1,52.4,32.6,-0.233790503,1.200611976,113.4310908,12119,0,0,0.232026388,0.008629093,0.306869945,0.000614408,0.0614408
20089,23001,"2,847","64,249,000","64,249",1.683721226,-0.212429645,54.7,59.9,30.1,-0.249354274,0.3539535,35.70015793,2793.333333,0,0,0.207664122,0.002322921,0.30166707,0.00014552,0.014552
20091,59843,"622,237","53,507,243,000","53,507,243",1.681796232,0.433870957,162.3,52.2,29.6,-0.28649968,12.85696296,2612.082529,894127.3333,0,0,0.24260338,0.121577424,0.293306229,0.008651095,0.8651095
20093,35154,"3,823","203,626,000","203,626",2.034309088,0.180529409,83.2,66.1,38.7,-0.206063264,0.216842086,42.00683347,5792.333333,0,0,0.311778936,0.001476917,0.299603837,0.000137959,0.0137959
20095,52712,"7,066","282,518,000","282,518",1.789658161,-0.493563978,60.3,57.7,32.1,-0.284864545,0.564518032,50.66929201,5359.666667,0,0,0.213430007,0.003891008,0.280493953,0.000232938,0.0232938
20097,29380,"2,374","93,673,000","93,673",1.71792054,-0.845851162,38.5,63.3,34.7,-0.274072028,0.263378494,40.38242574,3188.333333,0,0,0.210162854,0.0017155,0.274539022,9.90E-05,0.0099
20099,95312,"19,728","814,188,000","814,188",1.754719071,1.161283844,125.1,47.2,31.8,-0.130364427,1.048419438,133.6068422,8542.333333,0,0,0.25576682,0.007498609,0.292319302,0.000560638,0.0560638
20101,63380,"1,529","113,134,000","113,134",1.926709125,0.179153921,77.6,71.7,38.8,-0.215711333,0.209461462,30.9192498,1785,0,0,0.311829085,0.001280403,0.283214836,0.000113078,0.0113078
20103,34927,"83,518","2,947,593,000","2,947,593",1.881042836,0.662821575,154.2,49.5,32.5,-0.244092943,2.265133534,284.2409181,84393,0,0,0.273200816,0.018581042,0.308024101,0.00156364,0.156364
20105,30897,"2,920","106,295,000","106,295",1.722680634,-0.93793459,34.9,58.4,33.6,-0.288785388,0.381844763,34.90777435,3440.333333,0,0,0.191409952,0.00253514,0.301477413,0.000146292,0.0146292
20107,87388,"9,860","451,765,000","451,765",1.805577492,1.69501034,185.6,47.1,32.9,-0.044193724,0.859772713,81.83976248,5169.666667,0,0,0.308813403,0.005990161,0.300595166,0.000556054,0.0556054
20109,48336,"2,665","140,303,000","140,303",1.932519626,-1.339908108,26.8,72.4,37,-0.327147795,0.123343368,50.87624408,2902.666667,0,0,0.243970063,0.000754361,0.27984464,5.15E-05,0.00515
20111,41662,"32,172","1,488,309,000","1,488,309",1.646979205,1.502356036,190.1,52.9,27.5,-0.1078031,0.911513799,124.6879718,35723,0,0,0.287974369,0.007380849,0.310228428,0.000659389,0.0659389
20113,93985,"30,091","1,892,051,000","1,892,051",1.80619255,-1.26052266,42.1,53.5,31.2,-0.32537606,0.876527971,103.3461421,20131.33333,0,0,0.175176302,0.006612594,0.286390982,0.000331747,0.0331747
20115,62560,"11,690","329,419,000","329,419",1.798845701,1.42014274,185.1,52.7,31.5,-0.125923092,0.592795465,66.0825265,5265.666667,0,0,0.312909443,0.004112393,0.305059876,0.000392553,0.0392553
20117,134024,"9,933","629,467,000","629,467",1.762312392,-1.633104137,32.4,54.2,30.2,-0.348334543,0.59743367,70.2507386,4696.666667,0,0,0.155970411,0.004134426,0.274011121,0.000176696,0.0176696
20119,51327,"3,911","248,353,000","248,353",2.031654581,-0.663662574,88.7,67.9,42.9,-0.388743195,0.265294316,37.93548007,4838.666667,0,0,0.297171592,0.001775821,0.289479103,0.000152765,0.0152765
20121,35496,"35,320","1,036,518,000","1,036,518",1.598469883,-0.310857904,85.3,52.1,30.3,-0.281588678,1.248596904,133.9958018,29201.33333,0,0,0.185732171,0.009532619,0.297578311,0.000526867,0.0526867
20123,92733,"5,719","465,766,000","465,766",1.705074529,0.144875183,84.4,58.4,33.9,-0.236401416,0.445837994,68.54450323,5022.666667,0,0,0.238715981,0.00308989,0.289020627,0.000213183,0.0213183
20125,101080,"30,568","1,679,946,000","1,679,946",1.602047751,0.952391025,134.7,52.2,29.3,-0.161013784,1.42546868,199.3518581,16620,0,0,0.23937278,0.010486339,0.289961845,0.000727846,0.0727846
20127,34848,"5,334","180,290,000","180,290",1.812033433,0.206745462,96.3,53.9,29.8,-0.2561484,0.55264281,52.8072253,5173.666667,0,0,0.232919739,0.003806733,0.289711184,0.000256876,0.0256876
20129,17768,"2,580","88,545,000","88,545",1.996012892,0.219032914,79.5,69.2,37.3,-0.192502152,0.309670196,47.89451161,4983.333333,0,0,0.311536273,0.00210636,0.269819875,0.000177058,0.0177058
20131,106290,"10,114","545,268,000","545,268",1.887559134,-1.576716127,32.9,49.8,32.6,-0.346263815,0.650945775,70.66628089,5130,0,0,0.168074859,0.004519913,0.28944009,0.000219883,0.0219883
20133,104019,"15,420","554,631,000","554,631",1.826600468,0.800666382,180.9,45.1,31.7,-0.223202238,0.946970839,120.4144829,5332,0,0,0.266153164,0.006670588,0.29223392,0.000518832,0.0518832
20135,58612,"2,618","155,108,000","155,108",1.934169425,-0.712631708,40.6,67.5,37.2,-0.278524181,0.239229945,29.34592121,2646.333333,0,0,0.255867828,0.001510906,0.263430939,1.02E-04,0.0102
20137,54165,"5,330","277,846,000","277,846",1.895366483,-1.340656209,26.9,64,34.5,-0.308692189,0.27948664,46.24483533,5129.666667,0,0,0.213288892,0.001898535,0.290058907,0.000117455,0.0117455
20139,32014,"15,824","267,672,000","267,672",1.730470852,0.559594577,97.9,55.3,29.5,-0.208848487,0.932501395,104.6468521,8361,0,0,0.238375821,0.006635932,0.308707342,0.000488327,0.0488327
20141,38814,"3,427","146,770,000","146,770",1.841022261,-0.828416057,75.9,62.3,35.3,-0.383919305,0.303610474,37.49192864,3781.333333,0,0,0.23186305,0.002007807,0.291064089,0.000135501,0.0135501
20143,20810,"5,818","105,775,000","105,775",1.793160905,-0.091550815,69.2,55.1,33.2,-0.261037787,0.455750367,48.95827043,5083,0,0,0.225616272,0.003124746,0.300839657,0.00021209,0.021209
20145,41562,"6,126","207,240,000","207,240",1.838306677,0.468611004,103.6,64.6,35.4,-0.209977727,0.369225085,56.50720174,4986.333333,0,0,0.29278033,0.002535312,0.282154583,0.00020944,0.020944
20147,64299,"4,761","314,766,000","314,766",1.853159853,0.186375902,79.8,62.4,34.3,-0.237560087,0.358700727,48.50310361,4895.333333,0,0,0.267245416,0.002444842,0.279053766,0.000182326,0.0182326
20149,84479,"26,382","1,295,230,000","1,295,230",1.736198473,0.112584661,76.7,54.8,29.9,-0.258838795,0.790724861,72.50736427,15332,0,0,0.217555676,0.005811272,0.290659919,0.000367474,0.0367474
20151,102500,"9,082","539,015,000","539,015",1.79482445,0.414093218,99.7,60.5,35.8,-0.215221867,0.482417952,75.26720944,5258.666667,0,0,0.274513289,0.003363287,0.266650305,0.000246189,0.0246189
20153,79122,"2,463","182,086,000","182,086",2.019089787,-0.171640866,53.2,68.1,36.3,-0.23708394,0.248567289,20.9266126,2301.333333,0,0,0.285289966,0.001549528,0.274900649,0.000121524,0.0121524
20155,48948,"61,497","2,611,622,000","2,611,622",1.709176875,-0.980511699,52.5,57.5,32.5,-0.329180946,1.044143346,151.9410863,53355,0,0,0.187924164,0.008900914,0.310568705,0.000519487,0.0519487
20157,31964,"4,627","142,944,000","142,944",1.690829335,0.272858994,75.5,55.6,30.8,-0.226395812,0.483322045,45.97913671,4472,0,0,0.222187403,0.003291495,0.297978352,0.00021792,0.021792
20159,112756,"9,260","573,778,000","573,778",1.850022338,-0.984156594,64.9,56.5,34.1,-0.374501552,0.53984502,75.76671125,5088.666667,0,0,0.208244087,0.003757256,0.295627173,0.000231307,0.0231307
20161,32926,"71,402","2,900,047,000","2,900,047",1.795817659,0.118973985,83.7,54.7,30.5,-0.264319214,1.38993197,282.8291818,88077.66667,0,0,0.228361759,0.012622335,0.286031318,0.000824473,0.0824473
20163,38208,"4,778","192,187,000","192,187",1.788205927,-0.117476762,62.5,62.8,33.2,-0.248538111,0.323333473,59.70684663,5030,0,0,0.241323074,0.002224179,0.292357746,0.000156922,0.0156922
20165,39186,"2,830","126,374,000","126,374",1.721956774,-0.819217494,42.8,67.1,37.8,-0.288260513,0.3079295,40.14210468,3225,0,0,0.230535773,0.002025248,0.283370907,0.000132304,0.0132304
20167,54972,"6,723","264,048,000","264,048",1.848538721,0.088353611,78.9,57,33.3,-0.247368179,0.345109003,66.37093542,4803.333333,0,0,0.24612632,0.002380335,0.280782779,0.0001645,0.01645
20169,57725,"53,098","2,976,053,000","2,976,053",1.558264102,0.665135003,112.7,57,29.5,-0.201530315,1.173951123,183.7599318,51555.33333,0,0,0.232874007,0.009803344,0.288129529,0.000657784,0.0657784
20171,63778,"4,922","315,023,000","315,023",1.834011876,-0.342916848,50.5,75.9,37.4,-0.24601309,0.280709939,52.20579489,4939.333333,0,0,0.280297056,0.001911972,0.287252938,0.000153945,0.0153945
20173,44065,"528,469","32,861,513,000","32,861,513",1.622989184,0.440110944,109.6,54.8,29.2,-0.226759048,6.419643986,1140.936151,745755,0,0,0.224170513,0.069604588,0.317108341,0.004947935,0.4947935
20175,32992,"21,067","1,283,372,000","1,283,372",2.096855912,-1.633217591,32.2,65.2,41,-0.361756297,0.681595217,119.9591209,38900,0,0,0.248820885,0.005876449,0.292524412,0.000427724,0.0427724
20177,53964,"177,746","11,120,208,000","11,120,208",1.790512321,1.064263675,147.7,54,28.7,-0.163445591,4.091682953,636.619832,206069,0,0,0.27616357,0.03569249,0.293337271,0.002891415,0.2891415
20179,37113,"2,423","98,424,000","98,424",2.190545744,-0.434283529,48.2,63.3,38.7,-0.273309563,0.209554086,25.88317023,2652,0,0,0.289580837,0.0012989,0.281442584,0.000105861,0.0105861
20181,66480,"5,844","312,125,000","312,125",1.971383379,-1.169445036,28.1,71,36.5,-0.32070591,0.282597255,46.54281441,4695,0,0,0.248326896,0.001907092,0.289412275,0.000137061,0.0137061
20183,35571,"3,590","125,507,000","125,507",2.061965271,0.626342086,105.5,57.3,34.2,-0.185996883,0.316865892,36.41758803,3528.333333,0,0,0.303548168,0.002089899,0.291470077,0.000184904,0.0184904
20185,24346,"3,909","121,139,000","121,139",1.960327562,0.178512355,74.3,58,37.6,-0.221785667,0.373737679,50.28498685,4975.666667,0,0,0.275738067,0.002554913,0.282725353,0.000199176,0.0199176
20187,60105,"1,901","202,953,000","202,953",2.072177375,0.150110396,71.8,67.2,38.6,-0.203179928,0.224995241,36.772078,3376.666667,0,0,0.313890848,0.001448523,0.278344656,0.000126557,0.0126557
20189,51157,"5,077","278,293,000","278,293",1.995901743,-1.396681743,21.1,66.4,37.6,-0.281674134,0.313900361,49.56150358,5440,0,0,0.236687196,0.002153001,0.278508895,0.000141925,0.0141925
20191,47613,"22,334","672,118,000","672,118",1.523850231,1.395395946,204.5,55.7,29.1,-0.099119633,0.699487951,94.15877976,14116.33333,0,0,0.288295942,0.005180002,0.299421641,0.000447148,0.0447148
20193,121936,"7,865","602,163,000","602,163",1.987313077,-0.204633784,55.1,69.4,36.4,-0.259773203,0.288690487,49.86809413,4938.333333,0,0,0.284427946,0.001963029,0.283738962,0.000158423,0.0158423
20195,51198,"2,731","145,488,000","145,488",1.852126353,-0.695017673,37.5,63,33,-0.275167649,0.254864117,25.82329879,2841.666667,0,0,0.222490322,0.001619017,0.290484729,1.05E-04,0.0105
20197,26090,"7,057","140,492,000","140,492",1.793250815,-1.453694159,35,54.3,30.4,-0.330040953,0.518512755,43.49835549,5385,0,0,0.166559303,0.003559565,0.299193461,0.000177385,0.0177385
20199,46612,"1,509","81,758,000","81,758",2.145444477,0.203526527,76.9,72.7,38.7,-0.209700873,0.159654225,26.72088253,1754,0,0,0.340115482,0.00092626,0.289973728,9.14E-05,0.00914
20201,35354,"5,504","181,214,000","181,214",1.929907278,1.028211337,147.5,53.8,33.6,-0.175013954,0.44080663,42.02548431,5125.666667,0,0,0.307393229,0.003009748,0.300648712,0.000278153,0.0278153
20203,70454,"2,082","200,653,000","200,653",1.824211499,0.139775005,76.1,73.7,36.4,-0.220450597,0.238289042,30.26540575,2848,0,0,0.296324288,0.001512353,0.284340492,0.000127426,0.0127426
20205,59742,"8,382","300,004,000","300,004",1.750222163,0.874383936,116.1,50.6,32.4,-0.179342604,0.795341215,87.65765748,5021.666667,0,0,0.253294008,0.005549223,0.283836937,0.000398957,0.0398957
20207,19968,"3,115","71,600,000","71,600",1.828447736,1.950848598,222.9,47.6,31,-0.04850853,0.513811407,55.20485058,3585.666667,0,0,0.335589045,0.003492191,0.304937622,0.000357369,0.0357369
20209,63512,"165,281","11,381,425,000","11,381,425",1.938800475,-0.106181559,64.9,49.3,30.8,-0.233436114,13.70200516,2186.09625,179202,0,0,0.219068251,0.104350309,0.307389951,0.007026885,0.7026885
21001,72181,"19,264","387,875,000","387,875",1.841710189,1.868164311,159.8,42,39.5,0.091990754,1.024386836,93.22044954,5373.666667,0,0,0.313016126,0.007159221,0.326519456,0.000731714,0.0731714
21003,51795,"21,788","501,379,000","501,379",1.550393402,0.208550627,88.7,39.5,33.7,-0.133433226,1.143698268,105.0657476,9680,0,0,0.175493254,0.008142894,0.315491061,0.000450844,0.0450844
21005,33261,"24,613","592,452,000","592,452",1.615330404,0.209506972,100.8,52.2,32.8,-0.110124807,1.452410534,166.2249937,17812.33333,0,0,0.216352655,0.01064991,0.305052711,0.000702883,0.0702883
21007,49815,"7,582","241,204,000","241,204",1.780209579,0.141983461,102.6,43.9,36.6,-0.129373944,0.985299028,107.0278558,4842,0,0,0.223789493,0.006896713,0.296294137,0.000457304,0.0457304
21009,54111,"45,008","1,373,614,000","1,373,614",1.591774049,1.437915231,135.2,41.3,36.9,0.00956107,1.432857246,152.9161786,25385,0,0,0.249058741,0.010726275,0.342368173,0.000914627,0.0914627
21011,46579,"12,975","191,114,000","191,114",1.950673635,0.011298593,87.5,49.4,33.9,-0.1467885,0.992051652,94.18665093,4103,0,0,0.240461698,0.006897029,0.317848637,0.000527143,0.0527143
21013,127947,"23,317","736,844,000","736,844",1.8541715,2.672645896,259.1,59.3,48.8,0.308170776,1.634249463,206.978485,5759,0,0,0.460906936,0.01160961,0.300430269,0.001607587,0.1607587
21015,44578,"140,496","12,487,129,000","12,487,129",1.725282205,0.584650462,102.9,57.5,31.1,-0.026765028,8.509033822,1385.646658,280116.6667,0,0,0.250843407,0.070014274,0.297774649,0.005229703,0.5229703
21017,184269,"20,134","888,977,000","888,977",1.864579198,0.10302313,96,51.1,30.7,-0.138813837,1.242794559,136.0075486,4824.333333,0,0,0.23101741,0.008735313,0.302678813,0.000610809,0.0610809
21019,128941,"47,826","2,677,107,000","2,677,107",2.038296603,0.316618717,107.5,53.1,40.6,-0.093209904,4.187018211,582.1540973,20762.33333,0,0,0.296429031,0.030471432,0.278119411,0.002512146,0.2512146
21021,103589,"30,988","1,259,016,000","1,259,016",1.579433964,0.089933433,67.5,51.9,35.3,-0.117027565,2.193175946,262.9661937,12154,0,0,0.204556978,0.015788651,0.301470312,0.000973652,0.0973652
21023,35388,"8,426","158,892,000","158,892",1.740931917,0.39247894,136.3,56.4,29.5,-0.089625082,1.083542017,93.43609746,4490,0,0,0.249670956,0.007542387,0.245009248,0.000461381,0.0461381
21025,49442,"12,953","208,347,000","208,347",2.061249671,0.132784208,100.5,54.8,44.3,-0.13701715,0.789518596,65.87757462,4214,0,0,0.30554356,0.005443832,0.298984674,0.000497309,0.0497309
21027,52968,"21,124","389,720,000","389,720",1.727697708,0.198643573,90.7,43.1,33.9,-0.11771413,0.932787245,73.04109051,7357.666667,0,0,0.20589005,0.006548854,0.30379589,0.000409621,0.0409621
21029,31674,"84,863","2,835,527,000","2,835,527",1.702263762,0.205133208,101.3,46.6,36,-0.118552844,3.265090306,511.0811912,89523,0,0,0.221622111,0.026092134,0.286441137,0.001656373,0.1656373
21031,72354,"12,375","300,968,000","300,968",1.405719387,0.255756025,88.3,46.5,33.1,-0.118282288,0.847789161,75.95513716,4159.666667,0,0,0.176091677,0.005864762,0.321136045,0.000331649,0.0331649
21033,102425,"12,551","423,288,000","423,288",1.629797324,0.085006891,94,41.9,34.2,-0.129612616,1.015466281,97.55326376,4132.666667,0,0,0.190045592,0.007066529,0.299555597,0.000402292,0.0402292
21035,48371,"38,280","1,395,496,000","1,395,496",1.82848145,0.983541515,100.9,40.1,38.8,-0.041779013,1.826818003,213.4587653,28849.66667,0,0,0.250807215,0.013677854,0.307342334,0.001054339,0.1054339
21037,47692,"93,702","3,574,511,000","3,574,511",1.888821126,0.598467086,101.7,57.5,31.9,-0.026888622,5.877939949,923.4071515,74949.33333,0,0,0.271533483,0.044515598,0.200849421,0.002427762,0.2427762
21039,34589,"4,704","179,930,000","179,930",1.655191028,0.656951788,145.8,47.3,38.3,-0.075275961,0.849626533,84.00769963,5202,0,0,0.253751805,0.005924749,0.304312305,0.000457508,0.0457508
21041,454988,"10,987","1,959,178,000","1,959,178",1.90088137,-2.893486145,28.4,53.1,35.1,-0.355460886,1.601554512,165.4882943,4306,0,0,0.147694569,0.011261657,0.258418917,0.000429824,0.0429824
21043,38335,"26,366","496,913,000","496,913",1.571868428,-0.162591411,75.3,65.1,41.6,-0.144764498,1.25392857,123.2771347,12962.33333,0,0,0.250086298,0.009043249,0.313945745,0.000710017,0.0710017
21045,67602,"15,918","333,480,000","333,480",1.722375877,2.451197243,270.7,45.6,40.6,0.290154174,0.899691762,75.10547667,4933,0,0,0.380160154,0.006247382,0.328964094,0.000781292,0.0781292
21047,87879,"72,032","5,863,865,000","5,863,865",1.589579058,-0.119320837,88.1,41.8,34.4,-0.148051564,1.480286981,156.4892498,66726.66667,0,0,0.177891174,0.012351964,0.342231361,0.000751987,0.0751987
21049,79815,"37,304","1,554,628,000","1,554,628",1.869214768,0.114488499,90.3,51.9,33.6,-0.143684266,1.805979711,231.2106537,19478,0,0,0.240729271,0.013273277,0.301157201,0.000962277,0.0962277
21051,54823,"19,648","348,105,000","348,105",1.623243003,0.015595525,83.9,61.9,43.7,-0.152756869,1.112154024,112.9584775,6349.666667,0,0,0.262486946,0.007834569,0.318408297,0.000654798,0.0654798
21053,82916,"9,148","349,851,000","349,851",1.683921687,0.643777122,136,44.1,39.8,-0.106921752,1.261772935,129.2055377,4219.333333,0,0,0.250239933,0.008835653,0.309262714,0.00068379,0.068379
21055,35032,"8,974","175,006,000","175,006",1.548766881,0.091124572,86.1,43,32,-0.129298792,0.806021035,72.84609222,4995.666667,0,0,0.17477086,0.005595432,0.307355304,0.000300568,0.0300568
21057,39606,"6,000","163,099,000","163,099",1.562004505,0.130018707,80.5,45.2,40.9,-0.13440269,0.793517378,67.32887152,4118,0,0,0.207564287,0.005471226,0.308573974,0.000350426,0.0350426
21059,53254,"103,458","4,529,411,000","4,529,411",1.48181925,0.192972567,92.9,48,33.8,-0.114627178,2.560976357,365.8172506,85052.66667,0,0,0.190346899,0.020802892,0.305765395,0.001210759,0.1210759
21061,42963,"12,448","185,100,000","185,100",1.378722129,0.814657257,139.8,48.2,36.6,-0.078314243,1.1110602,117.9141432,4308.333333,0,0,0.222868355,0.007772332,0.312680024,0.000541626,0.0541626
21063,19042,"7,245","80,294,000","80,294",1.529483022,-0.135813749,79.2,65.1,42.1,-0.145710039,0.803882558,63.36673729,4216.666667,0,0,0.248780568,0.005538967,0.312276952,0.000430314,0.0430314
21065,46910,"13,936","212,300,000","212,300",1.480081534,-0.024529687,87.2,60.9,38.1,-0.14804436,1.275918944,132.3025702,4525.666667,0,0,0.226798951,0.008949,0.312762274,0.00063479,0.063479
21067,55652,"320,154","21,209,754,000","21,209,754",1.854049124,1.150310074,120.1,48.4,30.7,0.006978611,9.76777566,2068.903827,381114,0,0,0.26664352,0.083146201,0.332031301,0.007361265,0.7361265
21069,67478,"15,442","312,849,000","312,849",1.989094119,-0.042444256,87.1,49,29.7,-0.148537967,1.009488796,92.02501315,4636.333333,0,0,0.229598183,0.007030681,0.296757855,0.000479036,0.0479036
21071,64334,"34,423","1,115,923,000","1,115,923",2.024506127,-0.061468447,87.5,63,50.2,-0.147801925,1.826307136,210.0304101,17345.66667,0,0,0.328953503,0.013309041,0.293148225,0.001283419,0.1283419
21073,104434,"51,644","3,337,094,000","3,337,094",1.590610035,0.129026598,99,55.8,32.8,-0.120640887,3.093818046,428.2485026,31954,0,0,0.219478763,0.022956143,0.296739126,0.001495086,0.1495086
21075,38517,"6,338","201,766,000","201,766",1.646226228,1.227422827,173.1,45,38.9,0.003280391,0.941687989,142.2500673,5238.333333,0,0,0.277661809,0.006670917,0.295349724,0.000547064,0.0547064
21077,74507,"8,792","358,902,000","358,902",1.564508792,0.335062917,59.1,59.2,32.7,-0.061595271,1.77507013,173.5719441,4817,0,0,0.218398355,0.012496021,0.264815619,0.000722711,0.0722711
21079,29429,"17,829","258,783,000","258,783",1.612624536,0.268934728,94.1,51.4,36.3,-0.110397866,1.278985988,129.1673915,8793.333333,0,0,0.224146301,0.009097728,0.319044677,0.000650603,0.0650603
21081,18136,"25,619","563,507,000","563,507",1.791318338,0.112430731,93.5,57.7,30.6,-0.108048552,1.850740254,188.4319259,31070.33333,0,0,0.238515612,0.01386737,0.274036289,0.000906398,0.0906398
21083,55401,"36,461","1,324,617,000","1,324,617",1.753736455,0.050305695,87,43.3,40,-0.132498073,1.385020295,145.5081555,23909.66667,0,0,0.221645217,0.010334862,0.326294405,0.000747434,0.0747434
21085,56605,"26,825","730,243,000","730,243",1.412418513,0.259889139,95.6,45.6,34.3,-0.118368553,1.231074686,111.4412485,12900.66667,0,0,0.180585711,0.008861165,0.33441519,0.000535131,0.0535131
21087,44133,"11,468","159,719,000","159,719",1.810526819,0.638112549,120.3,42.5,39.4,-0.098972545,1.00619093,94.52033536,3619,0,0,0.253351587,0.006980616,0.29443009,0.000520714,0.0520714
21089,48663,"35,221","768,065,000","768,065",1.944498068,-0.064985026,84.3,54.7,41.4,-0.13763323,2.167890722,228.3867293,15783.33333,0,0,0.27177163,0.015663329,0.297864157,0.001267963,0.1267963
21091,195059,"8,920","827,180,000","827,180",1.643122707,0.939593412,148,44.8,33.7,-0.02453855,1.151642267,108.4312856,4240.666667,0,0,0.243498875,0.008034404,0.305390369,0.000597456,0.0597456
21093,65299,"112,273","5,566,918,000","5,566,918",1.645988203,0.24097514,99.1,43.9,36.8,-0.125858505,2.428727565,275.4264329,85252.33333,0,0,0.21113522,0.019726576,0.302676673,0.001260641,0.1260641
21095,104136,"25,324","557,542,000","557,542",2.313843656,-0.238938642,74.3,49.4,56.1,-0.186552298,1.461611764,170.1827984,5354,0,0,0.335841577,0.010332182,0.297554655,0.001032508,0.1032508
21097,103505,"19,415","528,599,000","528,599",1.671439359,0.140678947,90.7,57.6,31.1,-0.11077945,1.069898248,106.05306,5107,0,0,0.226090872,0.007490051,0.31335752,0.00053065,0.053065
21099,116203,"19,724","559,944,000","559,944",1.674681462,0.198988983,95.7,42.2,37.4,-0.14378659,1.126204145,92.05230352,4818.666667,0,0,0.209417085,0.007846055,0.333851056,0.00054855,0.054855
21101,61257,"44,119","1,994,337,000","1,994,337",1.567585046,0.059221638,109.9,45.5,34.2,-0.132540611,1.578047806,236.3229743,32556.66667,0,0,0.19622947,0.012109642,0.299207784,0.000710998,0.0710998
21103,68595,"15,973","324,432,000","324,432",1.716230093,0.681759607,160.4,55.6,33.9,-0.058821872,1.122338165,103.8748688,4729.666667,0,0,0.275814159,0.007838062,0.282301187,0.000610292,0.0610292
21105,38657,"4,447","183,015,000","183,015",1.653371519,2.382067716,393.9,45.9,39.9,0.411496415,0.727711732,76.72210775,4734.333333,0,0,0.427583851,0.005051142,0.279132427,0.000602866,0.0602866
21107,74771,"44,929","1,902,259,000","1,902,259",1.619254505,0.209807203,91.2,44.6,35.7,-0.114480948,1.558579859,191.8197995,25441,0,0,0.203016497,0.011671222,0.292591972,0.000693282,0.0693282
21109,35235,"13,104","164,146,000","164,146",0.846240786,0.007619543,86,70.9,37.2,-0.134680323,1.088207752,109.7371959,4658.666667,0,0,0.177465454,0.007609801,0.325603237,0.00043972,0.043972
21111,66194,"772,144","59,529,847,000","59,529,847",1.762538347,0.299040222,130,47.3,30.9,-0.117994946,19.22913078,4070.748868,899323,0,0,0.227759141,0.168607403,0.301292406,0.011570194,1.1570194
21113,34785,"55,017","2,047,343,000","2,047,343",1.829177724,1.011330955,81.6,49.5,32.1,-0.014818331,3.315244257,467.168602,58856.66667,0,0,0.250875658,0.025402802,0.310910946,0.001981418,0.1981418
21115,50968,"22,116","431,715,000","431,715",1.634355965,0.130149294,94.2,69.1,46.3,-0.105713954,1.52703001,165.6461378,8470.333333,0,0,0.296570969,0.010874939,0.29935083,0.000965464,0.0965464
21117,54155,"171,321","9,574,067,000","9,574,067",1.862026186,2.277045424,324.2,56,31.7,0.472866028,9.525072782,1670.805842,176789.6667,0,0,0.423128076,0.074358869,0.172088074,0.005414463,0.5414463
21119,44727,"13,659","198,290,000","198,290",1.981243299,-0.118662612,83.9,62.7,50.6,-0.149946402,1.019137997,93.81823912,4433.333333,0,0,0.321471277,0.007094558,0.295207926,0.00067328,0.067328
21121,50759,"29,794","618,978,000","618,978",1.751289369,0.063460156,88.8,61,47.6,-0.168426915,1.444030856,148.9324495,12194.33333,0,0,0.289421341,0.010384864,0.300936906,0.000904496,0.0904496
21123,49157,"15,303","215,651,000","215,651",1.92991695,0.190949775,92.5,41.9,37.8,-0.126943354,1.120758774,104.3182447,4387,0,0,0.237789869,0.007817222,0.284797682,0.000529398,0.0529398
21125,35961,"63,296","2,215,698,000","2,215,698",1.721033178,0.121535004,85.2,54.3,42.5,-0.137159074,2.25376668,294.7016169,61613.66667,0,0,0.254754174,0.017810432,0.321783635,0.001460023,0.1460023
21127,74780,"16,000","338,728,000","338,728",1.468650387,-0.084399776,81.7,71.5,42.4,-0.145942977,0.912774869,77.3114917,4529.666667,0,0,0.261180415,0.006329581,0.303739541,0.000502131,0.0502131
21129,38184,"7,293","118,993,000","118,993",1.445392017,1.362375021,113.2,62.7,40.6,0.045972411,0.905756759,83.4706026,3116.333333,0,0,0.289340646,0.006248046,0.304074157,0.000549709,0.0549709
21131,40140,"9,864","143,755,000","143,755",1.80474224,-0.200918516,76.2,63.8,47,-0.174460431,0.948374026,89.33973333,3581.333333,0,0,0.288606264,0.006568909,0.298200043,0.000565336,0.0565336
21133,81252,"20,423","389,631,000","389,631",2.053938871,-0.190339594,81.3,61.7,52.6,-0.166877423,1.492712639,146.8583991,4795.333333,0,0,0.330085633,0.010487871,0.292550287,0.001012779,0.1012779
21135,52158,"12,973","186,308,000","186,308",2.048753988,-0.113671753,81.4,52.8,37.8,-0.158061569,0.82630737,61.95933809,3572,0,0,0.265829647,0.005671835,0.289564121,0.000436588,0.0436588
21137,32224,"24,776","415,937,000","415,937",1.611542456,0.534638517,113.5,48.4,38,-0.08308384,1.433205281,140.4398426,12907.66667,0,0,0.23652585,0.010316513,0.330322656,0.000806028,0.0806028
21139,72598,"8,892","307,430,000","307,430",1.561131653,-0.37790592,90.3,44.4,34.4,-0.194932622,0.868042666,74.87503633,4234.666667,0,0,0.173760595,0.006005624,0.295760741,0.000308638,0.0308638
21141,81921,"28,283","1,064,153,000","1,064,153",1.475394114,0.301335165,112.3,43.6,34.6,-0.134296625,1.113022122,110.3453705,12990,0,0,0.190275019,0.008043041,0.323924778,0.000495731,0.0495731
21143,44560,"9,187","223,901,000","223,901",1.667835501,0.12768235,94.9,42.6,36.1,-0.133859619,1.036443289,141.1342043,5024.666667,0,0,0.203383002,0.00731951,0.301858075,0.000449365,0.0449365
21145,91820,"67,428","4,733,470,000","4,733,470",1.67002186,1.162597634,154.1,45.6,37.8,-0.005474024,4.212718724,608.4161629,51551.66667,0,0,0.269604921,0.03165854,0.274379805,0.002341913,0.2341913
21147,51434,"17,050","250,844,000","250,844",1.649664211,0.061342986,77.2,49.9,47.3,-0.155607612,1.381888692,206.0427565,4877,0,0,0.245244564,0.009829795,0.311127898,0.000750037,0.0750037
21149,61550,"9,054","257,976,000","257,976",1.593952495,1.749541329,171.7,45.4,33.9,0.100104822,1.049127075,109.8576581,4191.333333,0,0,0.277357451,0.007324341,0.306951308,0.00062356,0.062356
21151,29748,"96,735","3,106,363,000","3,106,363",1.604084974,0.199131867,90.8,54.7,36,-0.120244162,2.732114782,372.1398785,104424.3333,0,0,0.22741574,0.022606132,0.328555175,0.001689099,0.1689099
21153,33032,"11,228","143,688,000","143,688",2.021198795,0.042364137,92.6,57.7,46.7,-0.124179846,0.892843801,73.8006121,4350,0,0,0.309883937,0.006179301,0.306457572,0.000586825,0.0586825
21155,190754,"19,834","923,442,000","923,442",1.762973783,0.17780641,86.7,48.3,39.4,-0.126542125,1.041092896,101.2808532,4841,0,0,0.237358372,0.007273212,0.305918598,0.000528125,0.0528125
21157,86936,"31,744","1,657,667,000","1,657,667",1.939451499,0.584996919,117.8,41.3,41,-0.086796829,2.11463807,257.4422669,19067.66667,0,0,0.267048573,0.015449509,0.302756747,0.001249105,0.1249105
21159,46291,"10,928","184,594,000","184,594",1.724053604,0.008437459,91.1,67.5,45.6,-0.134453188,1.142417297,113.476377,3987.666667,0,0,0.295752373,0.007971735,0.292640991,0.000689948,0.0689948
21161,257222,"16,841","1,171,645,000","1,171,645",1.981909494,-0.397046924,54.4,51.1,29.8,-0.156071853,1.47419926,155.4835541,4555,0,0,0.213651151,0.010367707,0.249454707,0.00055256,0.055256
21163,30947,"30,131","629,559,000","629,559",1.758332093,0.482677607,110.8,45.3,36.9,-0.085948369,1.423723184,130.3140511,20343,0,0,0.239460502,0.01046427,0.266578788,0.000667988,0.0667988
21165,25218,"6,286","85,749,000","85,749",2.080045248,0.038709167,85.8,50.4,37.8,-0.145774369,1.191089766,123.6658006,3400.333333,0,0,0.269629591,0.008309656,0.315025416,0.000705824,0.0705824
21167,177460,"23,097","863,461,000","863,461",1.755412887,0.317768391,94,49.3,34,-0.101949652,1.541690193,168.5196991,4865.666667,0,0,0.229858343,0.010869393,0.312943982,0.000781866,0.0781866
21169,41638,"10,482","188,163,000","188,163",1.75414024,0.586843697,119.6,39.8,36.5,-0.112539704,0.876977445,76.35005292,4519,0,0,0.229815169,0.006079171,0.327160307,0.000457071,0.0457071
21171,73464,"11,306","326,476,000","326,476",1.613943925,0.655713393,120.7,41.9,38.4,-0.081472458,0.970853684,89.76784392,4444,0,0,0.227141895,0.00675255,0.320108304,0.000490978,0.0490978
21173,121939,"28,527","1,072,089,000","1,072,089",2.045185874,0.060274903,84.7,48.8,33.4,-0.149263028,1.895045636,215.7654469,8792,0,0,0.248965424,0.013529412,0.314102252,0.001058008,0.1058008
21175,79115,"14,283","253,485,000","253,485",1.611277213,0.010953322,87.5,65.4,42.8,-0.13141737,0.852046076,68.33004225,3204,0,0,0.268228999,0.005850536,0.322392459,0.000505925,0.0505925
21177,94880,"30,568","1,123,541,000","1,123,541",1.659633343,0.492553547,113,43.6,33.4,-0.10197177,1.386368812,181.9146629,11841.66667,0,0,0.2142197,0.010034132,0.306469266,0.000658758,0.0658758
21179,45901,"47,730","1,735,012,000","1,735,012",1.662480764,0.286872643,99.4,49.5,36.8,-0.114993591,1.543629795,165.7360302,37798.66667,0,0,0.228707425,0.011905501,0.283157361,0.000771003,0.0771003
21181,19729,"7,686","88,851,000","88,851",1.876290921,0.058188827,87,51.4,28.9,-0.134471211,0.982074061,102.7552215,4503.666667,0,0,0.223562628,0.006855976,0.306097763,0.000469168,0.0469168
21183,90338,"23,626","814,518,000","814,518",1.596405642,0.200622334,96.8,45.9,32.6,-0.120667883,0.932315954,88.21593332,9016.333333,0,0,0.195984135,0.006625074,0.309466343,0.000401814,0.0401814
21185,21290,"70,183","1,974,160,000","1,974,160",1.781214853,0.033876792,87.4,50.4,33,-0.123059111,4.568029139,608.3568726,92729,0,0,0.221563135,0.035408176,0.269824723,0.002116814,0.2116814
21187,40417,"11,313","176,607,000","176,607",1.799486473,0.146316918,94,53.7,31.9,-0.108957195,0.96304901,82.67450912,4369.666667,0,0,0.234406287,0.00668313,0.294321529,0.000461075,0.0461075
21189,11851,"4,001","49,626,000","49,626",1.433884011,-0.021217376,79.2,63.5,41,-0.144291254,0.697637389,60.76726797,4187.666667,0,0,0.234254351,0.004796309,0.299990949,0.000337057,0.0337057
21191,59913,"14,810","296,608,000","296,608",1.589976288,-0.17088602,76.4,61.6,30.2,-0.134945732,1.002876737,92.55669733,4950.666667,0,0,0.209787094,0.006995596,0.263419569,0.000386591,0.0386591
21193,101265,"27,133","948,549,000","948,549",1.82656935,-0.04610749,83.9,61.7,46.7,-0.152618169,1.578599032,171.3959963,9367,0,0,0.292131604,0.011271152,0.28768695,0.000947255,0.0947255
21195,60513,"55,973","1,924,074,000","1,924,074",2.105196941,-0.091253936,89.3,67,52.3,-0.1536166,1.562919995,165.4207768,31796,0,0,0.354043715,0.011851413,0.278922166,0.001170335,0.1170335
21197,48331,"12,972","225,448,000","225,448",1.793683363,0.006291855,86.1,54.3,37.3,-0.146475647,1.446504083,169.7923315,4664.666667,0,0,0.244303454,0.010205157,0.311642608,0.000776973,0.0776973
21199,45393,"66,191","2,207,694,000","2,207,694",1.698871525,0.395293926,144.5,49.7,41.2,-0.119608858,2.026356906,214.7892768,48635.33333,0,0,0.264984329,0.015681901,0.336930559,0.001400101,0.1400101
21201,11180,"2,313","27,790,000","27,790",1.776106566,0.563065505,155.1,55.9,29,-0.069144354,0.742223369,56.35192466,2485.666667,0,0,0.263426957,0.005044412,0.296683966,0.000394244,0.0394244
21203,72328,"16,190","348,474,000","348,474",1.638151069,0.224708779,90.9,53.8,40.7,-0.113051519,1.140230468,116.1811355,4818,0,0,0.243689747,0.00798742,0.320769942,0.000624363,0.0624363
21205,50858,"24,409","749,429,000","749,429",2.030078735,1.044942794,138.1,51.7,37.7,0.007495372,1.579808289,204.60257,14735.66667,0,0,0.318829687,0.011507755,0.30660955,0.001124955,0.1124955
21207,135395,"18,279","696,562,000","696,562",1.733831178,0.487112889,104.6,43.3,40.7,-0.09983425,1.627085385,181.1233496,5144.666667,0,0,0.240817558,0.011493501,0.314120052,0.000869433,0.0869433
21209,79078,"60,168","3,580,949,000","3,580,949",1.835114433,0.102429334,99.5,53.1,30.5,-0.115140783,1.912448905,235.0502982,45283.66667,0,0,0.233180163,0.014824168,0.320416823,0.001107585,0.1107585
21211,41948,"49,515","1,654,144,000","1,654,144",1.164756858,-0.133344641,76.3,62,34.3,-0.149955621,1.535276915,164.2433384,39433.33333,0,0,0.175549186,0.011895845,0.285845745,0.000596933,0.0596933
21213,187810,"20,195","949,882,000","949,882",1.61654584,0.396794308,117.7,37.8,34,-0.128659164,1.411169515,150.2854269,5057.666667,0,0,0.194945956,0.009936669,0.298495194,0.000578219,0.0578219
21215,10857,"20,531","313,513,000","313,513",1.412766972,0.537831698,167,55.2,33.1,-0.10672194,1.948035174,230.8471451,28876.33333,0,0,0.234776679,0.01455132,0.282145611,0.000963897,0.0963897
21217,81958,"26,443","821,633,000","821,633",2.021713257,0.420900612,89.7,40.9,39.9,-0.106100246,1.636887785,188.8522695,10025,0,0,0.25796384,0.011727921,0.290890903,0.000880055,0.0880055
21219,95603,"12,494","391,143,000","391,143",1.64311107,0.561359766,122.8,41.6,35.6,-0.109597552,0.845275065,75.58326293,4091.333333,0,0,0.219090213,0.00584451,0.322098725,0.000412439,0.0412439
21221,41636,"14,369","270,382,000","270,382",1.540225774,0.31794313,95.3,43.5,35.7,-0.113002037,0.894461845,107.2605054,6494,0,0,0.19579579,0.00631857,0.286934718,0.000354981,0.0354981
21223,142823,"8,607","637,372,000","637,372",1.983221017,0.732349824,121.5,49.3,34.4,-0.032227482,1.375422528,117.2117198,4462.666667,0,0,0.280268261,0.009609699,0.305423812,0.000822596,0.0822596
21225,177469,"13,106","799,913,000","799,913",1.633707186,1.07013605,133.3,42,33.1,-0.01068218,0.973402175,134.0752575,4507.333333,0,0,0.232613698,0.006853163,0.280621481,0.00044735,0.044735
21227,59216,"142,229","7,352,178,000","7,352,178",1.4783843,0.652141179,125.2,41.7,34.6,-0.098012574,2.661093113,351.8778658,124159.6667,0,0,0.201436449,0.022692325,0.328217576,0.001500303,0.1500303
21229,74663,"12,267","327,620,000","327,620",1.700400094,0.288658656,89.7,50.8,37.1,-0.102104153,0.947844327,82.73671606,4388,0,0,0.234179465,0.006578344,0.30537221,0.00047043,0.047043
21231,43932,"19,580","419,934,000","419,934",1.746126402,0.182852919,87.4,45.9,43.2,-0.146440967,1.151605416,99.44600915,9558.666667,0,0,0.241018564,0.008183689,0.325328267,0.000641684,0.0641684
21233,102821,"12,726","385,441,000","385,441",1.618706221,0.69152417,139,42.2,36.2,-0.061348689,1.067264921,116.5579485,3748.666667,0,0,0.230197229,0.007448589,0.297541118,0.000510177,0.0510177
21235,51792,"36,825","1,103,467,000","1,103,467",1.68180827,-0.015125966,81,52.9,48.4,-0.182437725,1.514116189,174.4476433,21305.66667,0,0,0.258538575,0.011201992,0.303729408,0.000879645,0.0879645
21237,24068,"6,282","111,185,000","111,185",1.935201312,0.132281848,94.6,54.4,40.5,-0.13546175,0.901634025,85.27178158,4619.666667,0,0,0.27688447,0.006269653,0.310560708,0.000539124,0.0539124
21239,80629,"27,268","1,170,602,000","1,170,602",1.704732692,0.237200094,95.3,52.1,32.1,-0.111321183,1.795066721,209.4534084,14518.33333,0,0,0.223479686,0.013003045,0.294775558,0.000856593,0.0856593
22001,26424,"56,489","1,470,411,000","1,470,411",1.306969776,0.357580397,83.5,41.9,59.1,-0.035425297,1.317863232,151.0761646,55646.33333,0.000242531,0.02936118,0.230800399,0.024255299,0.29605967,0.001657381,0.1657381
22003,39589,"22,112","702,344,000","702,344",1.374535053,1.371883877,149.6,50.4,57.4,0.068089935,0.745949781,65.36023699,17740.66667,0,0,0.307904975,0.005562784,0.310766454,0.000532284,0.0532284
22005,61086,"131,632","8,759,357,000","8,759,357",1.359693928,0.31434086,86.4,51.6,67.7,-0.110329644,4.780404242,673.049875,143393.3333,0.003880491,0.131634484,0.286230769,0.099855581,0.287536329,0.008218289,0.8218289
22007,27116,"20,160","457,269,000","457,269",1.39899419,1.319400708,163.3,53.2,72.3,-0.025746835,1.042155218,164.5589092,16863.66667,0.013791476,0.337499766,0.365104012,0.16661243,0.286496348,0.017427821,1.7427821
22009,24191,"38,408","827,300,000","827,300",1.301941446,0.405912279,85.3,43.1,57,-0.074800919,0.871679874,96.28002669,34199.33333,6.55E-06,0.001235753,0.228810359,0.007566799,0.314331813,0.000544222,0.0544222
22011,43279,"36,827","1,177,814,000","1,177,814",1.296230725,0.037071813,73.5,63,58.9,-0.062876606,0.659810611,69.24800134,27214.66667,6.55E-06,1.34E-05,0.270025578,0.005277022,0.300444711,0.000428113,0.0428113
22013,93445,"12,366","577,741,000","577,741",1.415095181,0.306124725,83.7,49.4,47,-0.09557716,0.634199766,51.78537071,6182.666667,0,0,0.225077398,0.0044021,0.291839609,0.000289159,0.0289159
22015,39883,"129,795","5,398,850,000","5,398,850",1.442379139,0.118335589,76.3,44.7,42.2,-0.093536456,2.201239461,253.1592538,135368.3333,0,0,0.194618298,0.019671815,0.297166312,0.0011377,0.11377
22017,43922,"226,386","13,128,753,000","13,128,753",1.504881056,0.174468355,79.2,41.3,41,-0.092622736,3.645794931,571.6928972,298913.6667,0,0,0.192234207,0.035378213,0.280704556,0.001909044,0.1909044
22019,56490,"203,761","12,477,178,000","12,477,178",1.292771916,1.688032251,237.3,51.5,55.7,0.155022145,2.308350097,389.4583553,220872.3333,0.010219064,0.165914605,0.341288743,0.102973383,0.287364616,0.010099043,1.0099043
22021,36294,"9,389","182,052,000","182,052",1.346282307,0.325600615,79.6,45.5,51.5,-0.108437539,0.636023136,53.13658295,5016,0,0,0.219800096,0.004380809,0.293391851,0.000282508,0.0282508
22023,146961,"4,768","805,003,000","805,003",1.201533172,0.103690797,66.3,54.3,53.7,-0.076203118,0.240699317,35.97592487,5477.666667,0.008141166,0.912170566,0.221497557,0.417752836,0.269365818,0.024924751,2.4924751
22025,30383,"8,414","161,120,000","161,120",1.367376873,0.401625781,84,38.7,53.9,-0.08256329,0.540706083,50.2446168,5303,0,0,0.215700764,0.003723284,0.304514502,0.00024456,0.024456
22027,58670,"13,670","389,024,000","389,024",1.597557757,1.156747397,197.6,43.2,44.2,-0.016105568,0.691923188,52.15281464,6630.666667,0,0,0.288061772,0.004817169,0.291213578,0.0004041,0.04041
22029,58935,"17,688","548,431,000","548,431",1.283771477,0.484916381,85.3,43.9,56.2,-0.078623719,0.635096131,83.34489556,9305.666667,0,0.000275503,0.228786991,0.004688015,0.291559165,0.000312714,0.0312714
22031,122934,"27,114","2,065,912,000","2,065,912",1.358331639,0.154189353,77.4,51.9,47.1,-0.089505658,0.691822455,59.18791281,16805,0,0,0.218952374,0.005146835,0.289635865,0.000326394,0.0326394
22033,58346,"448,467","33,011,806,000","33,011,806",1.379525437,0.311929021,79.9,45.8,65.5,-0.105993493,10.31232513,1825.651729,565791.6667,9.83E-05,0.011504276,0.265312337,0.097488678,0.302331988,0.007819801,0.7819801
22035,25025,"6,829","132,565,000","132,565",1.328319554,0.435879285,82,36.9,46.2,-0.078914017,0.469857487,44.52945546,5297.333333,0,0,0.184335627,0.003221201,0.295196089,0.000175282,0.0175282
22037,37546,"19,229","471,478,000","471,478",1.320010172,0.311573626,79.3,49.1,61.8,-0.115196081,0.846829411,75.68646954,12557.33333,6.55E-06,0.000104317,0.255651124,0.006169812,0.281557938,0.000444107,0.0444107
22039,27444,"31,754","837,348,000","837,348",1.442176118,0.264645711,86.1,39.6,57.5,-0.069251903,0.946455454,99.26221395,30511.33333,0,0,0.233866514,0.007414135,0.315409515,0.000546894,0.0546894
22041,39283,"19,285","423,767,000","423,767",1.362635284,0.356671062,83.9,32.1,49.8,-0.095901043,0.742833663,57.4214386,10787.66667,0,0,0.185118143,0.00530968,0.312564797,0.000307226,0.0307226
22043,32999,"21,911","437,946,000","437,946",1.470307458,0.268026564,87.2,50.3,53,-0.102558995,0.896975489,100.3835617,13271.33333,0,0,0.251294789,0.006534942,0.302642498,0.000496999,0.0496999
22045,28913,"67,659","2,633,763,000","2,633,763",1.24764435,0.279181985,89,53.6,63.1,-0.099837139,1.590641682,469.9177023,91094,0.002989027,0.27521726,0.264929504,0.140245294,0.276966275,0.010290714,1.0290714
22047,89494,"29,617","2,184,870,000","2,184,870",1.384982918,1.745148716,164.9,47.2,67.9,0.041777604,0.74568738,135.3069717,24413.66667,0.001383081,0.156151618,0.349972151,0.077128436,0.288536896,0.00778842,0.778842
22049,87891,"14,746","473,408,000","473,408",1.343807861,1.024343118,136.9,53.6,50.3,-0.057038249,0.737689259,71.36797813,5386.333333,0,0,0.27631828,0.005130918,0.29918146,0.000424169,0.0424169
22051,41739,"421,777","23,989,257,000","23,989,257",1.392389509,1.050280043,138,55.3,62.5,-0.065643149,8.163677311,3368.670442,574739.3333,1,0.253134186,0.323331806,0.647057635,0.288989307,0.060460699,6.0460699
22053,33755,"31,553","772,006,000","772,006",1.28727142,0.259131139,76.8,44.3,57.3,-0.05118462,0.860564861,91.50733183,22870.66667,0.000688263,0.074514325,0.224391647,0.040569572,0.28094785,0.002557601,0.2557601
22055,53491,"249,750","14,294,888,000","14,294,888",1.466142239,1.275030712,139,35.4,61.5,0.030159583,9.177374109,1421.065288,267237.3333,0.00026875,0.00089338,0.285693341,0.074838694,0.285564957,0.00610564,0.610564
22057,35828,"95,056","3,781,568,000","3,781,568",1.320047863,0.299943582,86.1,51.6,62.9,-0.101899306,1.055668481,273.1907688,105547.6667,0.086137731,1,0.267099245,0.501942894,0.282876939,0.037924906,3.7924906
22059,82379,"14,800","419,832,000","419,832",1.373413878,0.379421117,82.1,48,54.1,-0.076001546,0.567664088,70.48767192,5096.333333,0,2.67E-06,0.23913037,0.003942035,0.280551534,0.000264465,0.0264465
22061,46687,"47,962","1,990,618,000","1,990,618",1.63386868,0.715376484,152.2,43.6,47.9,-0.093041738,1.416107984,159.9511031,42637.66667,0,0,0.273402889,0.011161346,0.284291242,0.000867527,0.0867527
22063,17444,"150,145","3,136,007,000","3,136,007",1.170706873,0.416298152,86.9,57,65.7,-0.119110662,3.04078519,382.8353265,179777,0.006869518,0.186596088,0.275294203,0.114596458,0.305457286,0.009636487,0.9636487
22065,53328,"9,246","304,358,000","304,358",1.31837057,0.458342039,91.4,36.6,50.1,-0.095858653,0.479530032,57.47464531,5707.333333,0,0,0.197669765,0.003324746,0.305826323,0.00020099,0.020099
22067,27609,"23,955","524,454,000","524,454",1.49161431,1.035549021,209.5,35.8,44.1,-0.083056251,0.7314092,77.50695604,18996,0,0,0.256863197,0.005523288,0.307840583,0.000436742,0.0436742
22069,42524,"36,291","1,548,969,000","1,548,969",1.461880695,0.290802978,87.7,55.7,51.1,-0.100217402,0.691532592,75.22947036,36425.66667,0,0,0.259180093,0.005786437,0.302199513,0.000453217,0.0453217
22071,39825,"364,136","22,936,957,000","22,936,957",1.541371826,0.168533695,88.7,41.8,62,-0.132811562,10.65732929,8407.914215,575949.6667,0.92623789,0.163068627,0.262173496,0.599524202,0.273734778,0.043025456,4.3025456
22073,37907,"157,568","7,073,915,000","7,073,915",1.531143559,0.342433946,85.2,38.2,48.5,-0.116732573,3.412682704,507.0552065,186614.3333,0,0,0.216056607,0.030138527,0.289146313,0.001882813,0.1882813
22075,86530,"22,386","2,248,924,000","2,248,924",1.320805037,0.37500376,78.8,49.7,59.1,-0.072887622,0.53134816,82.56952375,25990,0.056267125,0.448626629,0.251043221,0.23265748,0.261111196,0.015250743,1.5250743
22077,61462,"20,000","788,377,000","788,377",1.262588761,0.325695215,84,45.8,59.7,-0.102711585,0.843255198,111.2689565,12827,1.31E-05,0.020229444,0.236525683,0.015321259,0.275968989,0.001000076,0.1000076
22079,42023,"126,260","5,578,425,000","5,578,425",1.37290322,0.31927315,88.7,50.4,54.3,-0.071765721,1.417139966,189.8449769,132745.6667,0,0,0.246082678,0.014035125,0.29932865,0.001033822,0.1033822
22081,121507,"7,356","621,549,000","621,549",1.133375731,0.143192716,72.8,60.4,45.8,-0.098213091,0.655428137,52.78187321,5115.333333,0,0,0.208985297,0.00451787,0.289868061,0.000273684,0.0273684
22083,54596,"19,712","644,102,000","644,102",1.417511441,0.714291934,129.2,33.4,48.2,-0.092128796,0.780410248,65.74778628,11797.66667,0,0,0.215770132,0.005617075,0.296428047,0.00035927,0.035927
22085,71135,"21,906","960,989,000","960,989",1.380425069,0.184624422,68.8,59.2,49.5,-0.091703295,0.845636628,75.04915196,13509.33333,0,0,0.245087407,0.00613995,0.307991464,0.000463473,0.0463473
22087,18036,"44,463","1,150,352,000","1,150,352",1.355314808,0.074477429,77.7,54,62.3,-0.11748821,1.043960146,932.3000304,63780.33333,0.069763631,0.071855583,0.266502079,0.074685873,0.308234304,0.006135077,0.6135077
22089,106764,"50,620","6,858,830,000","6,858,830",1.395153509,1.237682469,119.6,49.3,62.9,-0.049785087,1.891869108,334.6541384,64243,0.040882812,0.389214173,0.308395545,0.209929175,0.276156533,0.017878711,1.7878711
22091,36022,"10,774","190,146,000","190,146",1.268508094,1.225814834,110.6,57.2,68.3,-0.064105256,0.715383902,54.03136162,5278.666667,0,0,0.325596324,0.004941152,0.283365005,0.000455884,0.0455884
22093,138902,"19,191","1,980,326,000","1,980,326",1.342356748,0.801866678,96.5,53.7,68.5,-0.071852015,1.230834365,486.9369703,14257,0.002333539,0.214764311,0.308925735,0.107751625,0.279274404,0.009296277,0.9296277
22095,36213,"39,592","2,337,058,000","2,337,058",1.290089145,2.352111532,199.2,54.7,64.8,0.095273126,1.515417208,475.1120597,64536,0.00424101,0.256833422,0.380771896,0.131157774,0.274288229,0.013698282,1.3698282
22097,24192,"81,464","2,266,361,000","2,266,361",1.363794556,0.314871,91.5,38.6,60,-0.074514669,1.340592104,177.9437296,93682.33333,6.55E-06,0.003816927,0.232905041,0.01399217,0.309508993,0.001008642,0.1008642
22099,23520,"51,057","1,314,766,000","1,314,766",1.416818299,0.303078676,97.6,44.2,65.8,-0.106275735,1.137016074,151.548773,55900,0.005807627,0.350836273,0.271988702,0.170885173,0.307471978,0.01429094,1.429094
22101,60002,"47,055","2,603,126,000","2,603,126",1.210729823,0.38394669,95.9,55.7,60.8,-0.111202847,0.949800903,444.876193,43384.33333,0.055008587,0.757615798,0.264311978,0.375909562,0.264869421,0.026316737,2.6316737
22103,31407,"275,583","12,632,480,000","12,632,480",1.38640319,0.289155907,96.2,50.1,63.3,-0.148123233,3.722362409,714.1371345,402220,0.015371203,0.108427999,0.274963921,0.095370965,0.28150975,0.007382192,0.7382192
22105,30112,"138,064","4,299,158,000","4,299,158",1.294516136,0.432059744,90.7,52.2,65.2,-0.131806879,2.168265726,281.7181649,142773.3333,0.000839025,0.167629146,0.277640719,0.09590149,0.322720385,0.008592804,0.8592804
22107,20217,"3,764","106,087,000","106,087",1.493188803,0.298224194,91.5,34.4,56.8,-0.105288158,0.437255923,42.51777504,5247.333333,0,2.67E-06,0.227328874,0.002991023,0.290267601,0.000197366,0.0197366
22109,37648,"103,616","5,031,608,000","5,031,608",1.326467276,0.304261535,70.8,39.1,61.8,-0.105316008,0.950751533,359.1860398,133648,0.047673672,0.97952715,0.228328125,0.475600048,0.278750048,0.030270267,3.0270267
22111,32679,"20,650","517,397,000","517,397",1.846042627,0.944863614,136.5,35.5,46.3,-0.058290694,0.743795543,62.03438852,15832.66667,0,0,0.273544348,0.00548222,0.30338142,0.00045496,0.045496
22113,21742,"56,992","1,319,736,000","1,319,736",1.148218499,0.299402222,76.6,56.2,56.1,-0.053176121,0.761851343,130.6365777,60699,0.009694674,0.723744921,0.235957683,0.33876749,0.316355112,0.02528778,2.528778
22115,41725,"46,250","2,044,156,000","2,044,156",1.539501947,0.11995878,77.7,54,54.4,-0.081746583,1.123185425,89.1724224,48991.66667,0,0,0.265514359,0.009198358,0.241299656,0.000589325,0.0589325
22117,29607,"44,865","1,020,912,000","1,020,912",1.447249702,0.474378917,90.9,48.4,64.3,-0.121620265,1.157920528,130.9798655,34481.66667,0,0,0.283946571,0.009062886,0.300086266,0.000772235,0.0772235
22119,40127,"35,238","1,115,465,000","1,115,465",1.456983708,0.205248276,76.3,47.3,43.8,-0.095674525,1.348871082,139.8386184,27798.33333,0,0,0.210022203,0.010195096,0.279971333,0.000599474,0.0599474
22121,105810,"28,266","1,707,766,000","1,707,766",1.330227367,0.185434132,88,45.1,65.6,-0.114204986,1.328570911,291.8980072,16140,0.000111433,0.011493576,0.257281778,0.015215657,0.273951855,0.001072442,0.1072442
22123,31453,"9,323","167,866,000","167,866",1.488103943,0.35578233,79,34.9,46.8,-0.097395655,0.741708392,55.08688035,5337,0,0,0.196149285,0.00512751,0.312141724,0.000313939,0.0313939
22125,119621,"15,371","959,323,000","959,323",1.332495051,0.342414718,80.2,44.3,61.7,-0.109449167,0.504255868,44.08178708,8019.666667,6.55E-06,0.015583332,0.245808957,0.01059313,0.298747762,0.000777905,0.0777905
22127,81855,"13,216","531,077,000","531,077",1.374563428,0.359000432,83.7,54.2,48.9,-0.105237685,0.595554327,50.29219392,6488,6.55E-06,8.83E-05,0.239439728,0.004183699,0.299445198,0.000299967,0.0299967
23001,46944,"113,765","4,975,728,000","4,975,728",2.412643422,-0.382389077,75,31.1,48,-0.151084978,3.818010697,545.037208,105992.6667,0,0.00013374,0.273233224,0.030564127,0.287444547,0.002400488,0.2400488
23003,50495,"67,351","2,633,769,000","2,633,769",2.423024635,-0.429673162,138.7,30.8,44.2,-0.24143745,0.66490663,136.563344,52159.33333,0,0,0.277341126,0.006204806,0.311153172,0.000535447,0.0535447
23005,76687,"310,230","25,706,204,000","25,706,204",2.062347842,-0.383174384,106.4,42.1,44.6,-0.17801424,6.659096071,956.754688,335211.3333,0.001763264,0.006125271,0.260110321,0.061684167,0.281018186,0.004508849,0.4508849
23007,49461,"30,828","1,085,180,000","1,085,180",1.837015803,-0.267995466,112.7,39.1,35.1,-0.110403783,1.072976279,136.8362268,21940.33333,0,0,0.203461769,0.008092967,0.298331532,0.000491235,0.0491235
23009,57364,"56,526","2,694,161,000","2,694,161",2.010011249,0.548189281,145.1,45,44.7,-0.109656461,2.060083859,305.8624809,46966.33333,0.000727592,0.024760539,0.303991644,0.027554983,0.292164608,0.002447312,0.2447312
23011,53285,"127,259","6,281,131,000","6,281,131",2.351550323,-0.65063675,190.8,37,49.1,-0.312541437,3.447327714,395.2804164,117878,0.000150762,0.002872725,0.307090247,0.029396676,0.297344459,0.002684257,0.2684257
23013,62634,"40,977","2,010,661,000","2,010,661",1.869282456,-0.3664897,122,48.3,43.5,-0.24706379,3.706301976,441.5271885,32101.66667,0.00085869,0.009302923,0.255491414,0.031828414,0.285291262,0.002319956,0.2319956
23015,49890,"36,507","1,333,169,000","1,333,169",2.039225388,-0.427583282,104.9,41.9,48.3,-0.208679778,3.462184548,338.5657769,26722.33333,0.001016007,0.018814479,0.266018665,0.034150923,0.279568414,0.002539818,0.2539818
23017,40045,"59,905","1,800,279,000","1,800,279",2.075751019,-1.562530128,33.7,41.7,42.1,-0.166467802,1.507567351,183.4282289,44956.33333,0,0,0.199480252,0.011911039,0.304453056,0.000723386,0.0723386
23019,47098,"155,312","7,141,018,000","7,141,018",2.109731618,-0.783814048,71.8,39,37.8,-0.156408588,1.500128771,245.5555388,151621,0.000321189,0.035941165,0.214890904,0.031698148,0.313907431,0.002138226,0.2138226
23021,70505,"17,486","602,110,000","602,110",2.018912046,-1.117140558,34.9,33.3,35.3,-0.175215972,0.82325976,114.5822337,8540,0,0,0.163341182,0.005901882,0.291647181,0.000281154,0.0281154
23023,78275,"37,513","2,369,611,000","2,369,611",2.062682314,-0.337342317,107.3,46.2,47.2,-0.184154488,3.606455344,411.1829114,30273,0.000917684,0.011921543,0.279831826,0.032234003,0.275098048,0.002481412,0.2481412
23025,40741,"51,302","1,757,724,000","1,757,724",2.053845176,-0.408946154,129.5,35.6,40.5,-0.188537259,0.786128629,134.6076453,43143.33333,0,0,0.234809164,0.006760766,0.307682516,0.000488443,0.0488443
23027,43917,"40,620","1,536,413,000","1,536,413",2.314457962,-0.482210723,104.5,39.1,45.9,-0.209039136,2.07707928,208.7805775,34984.33333,0.000235976,0.004191397,0.281448429,0.017598664,0.297807957,0.001475077,0.1475077
23029,52918,"31,555","1,070,328,000","1,070,328",1.944697063,-0.900509096,65.7,48.2,50.9,-0.210022233,1.196249315,128.8397986,20226,0.000622714,0.012122152,0.254427786,0.014642741,0.327749649,0.001221038,0.1221038
23031,37728,"218,586","9,451,612,000","9,451,612",2.296851209,-0.403905509,106.7,39.2,49.1,-0.168801674,5.252370253,689.4705765,250517,0.004365553,0.006178767,0.292700943,0.049995379,0.30414005,0.004450693,0.4450693
24001,93242,"67,273","2,708,986,000","2,708,986",1.98116973,0.045723723,99.8,61.7,34.1,-0.08186941,2.999079517,481.1432198,29053.33333,0,0,0.280534172,0.022305087,0.289770479,0.001813192,0.1813192
24003,65619,"594,582","51,814,364,000","51,814,364",1.675250452,0.139558148,121.2,61.9,30.8,-0.047377913,15.70738077,2984.064313,789628,0.009065405,0.007845162,0.245791456,0.146415169,0.282346176,0.010160961,1.0160961
24005,53082,"844,703","54,869,055,000","54,869,055",1.82940717,0.220664749,121.9,58,32.7,-0.022118312,14.36278634,3306.935757,1033667.667,0,0.001128762,0.262015115,0.138157695,0.298877044,0.010819171,1.0819171
24009,15230,"94,728","4,172,196,000","4,172,196",1.536684999,0.141225176,121.6,57.1,33.4,-0.065155842,11.04872431,1690.610727,273948.3333,0.000478507,0.001126087,0.225620794,0.088721919,0.268271162,0.005370121,0.5370121
24011,49854,"33,593","1,247,049,000","1,247,049",1.424207258,0.20361014,122.2,55.5,36.1,-0.046105,2.160290591,245.1644525,25014,0.000596494,0.006935733,0.218843715,0.019335123,0.306982643,0.001298957,0.1298957
24013,23542,"176,639","6,285,057,000","6,285,057",1.624470925,0.115442249,116.5,63.4,34.8,-0.033179548,6.585607619,906.3583585,266967,0,0,0.253433876,0.055385701,0.296383125,0.004160215,0.4160215
24015,33323,"105,672","5,055,208,000","5,055,208",1.654256415,0.08384921,123.6,63.4,34.6,-0.039674271,5.916815215,771.7883513,151701.6667,0.001029117,0.006962481,0.257366082,0.050516948,0.299062723,0.003888219,0.3888219
24017,19591,"171,973","5,884,327,000","5,884,327",1.92242236,0.129264996,130.8,53.3,39.1,-0.063207272,6.659177633,918.9701815,300358,0.004640858,0.00760978,0.279636316,0.062500409,0.287591902,0.005026354,0.5026354
24019,100790,"32,879","1,392,173,000","1,392,173",1.634021716,-5.508040585,58.6,48.3,34.9,-0.578274984,1.476005288,199.1569509,13812.66667,0.010985986,0.158649873,0.040125626,0.087452061,0.292929935,0.001027911,0.1027911
24021,33465,"293,391","14,379,015,000","14,379,015",1.844203568,0.185326001,117.7,60.9,33.5,-0.037149726,6.730745801,972.6538925,429677,0,0,0.271167873,0.061591321,0.308126732,0.005146206,0.5146206
24023,214643,"28,423","1,244,145,000","1,244,145",1.652666268,-0.075252101,100.8,62.8,30.5,-0.110650751,1.663342597,185.3577027,5796.333333,0,0,0.231340706,0.011773084,0.294011195,0.000800767,0.0800767
24025,30600,"264,644","13,275,589,000","13,275,589",1.846661208,0.136463019,120.8,61.6,33.6,-0.034865837,9.323155219,1614.094901,433839.6667,0.000616159,0.002565124,0.272627455,0.082314796,0.291022221,0.006530909,0.6530909
24027,40227,"336,001","28,625,939,000","28,625,939",1.688683608,0.227337559,117.9,60.7,33.9,-0.034834335,18.49704445,3861.092886,711602,0,0,0.255225093,0.157287766,0.254772392,0.010227528,1.0227528
24029,173014,"19,303","896,847,000","896,847",1.579228008,0.126011655,171.8,56.7,33.1,-0.064896024,1.712566639,190.9678634,5183.666667,0.001160214,0.006660229,0.24417446,0.015641792,0.242333045,0.000925549,0.0925549
24031,67526,"1,058,474","93,746,007,000","93,746,007",1.786625359,0.11898675,116.6,60.1,32.7,-0.050007465,18.71071727,4469.655349,1388289.667,0,2.67E-06,0.257620488,0.181000524,0.262238036,0.012228014,1.2228014
24033,40997,"947,430","47,313,611,000","47,313,611",1.684476573,0.10880808,123.9,65.9,36.8,-0.057908112,17.52668703,3949.957665,1154088.667,0.00026875,0.003225798,0.274529422,0.166107724,0.325533721,0.014844812,1.4844812
24035,30462,"52,508","1,970,524,000","1,970,524",1.531206836,0.464539798,169.3,57.3,34.2,-0.012807092,2.795194199,321.4621175,64688.33333,0.00253674,0.004953713,0.254022612,0.025097973,0.26677087,0.001700785,0.1700785
24037,46450,"115,281","7,671,853,000","7,671,853",1.674015898,0.215134397,159.2,50.3,38.2,-0.069775271,6.093220774,717.1937211,165162,0.002864484,0.007912031,0.253028324,0.053320182,0.297607071,0.004015171,0.4015171
24039,39695,"24,910","981,077,000","981,077",1.591706288,0.161669778,116.8,46.5,36.6,-0.062591572,1.681142941,194.8815239,24715.33333,0.017534315,0.055103367,0.21381385,0.045348468,0.304039237,0.002948004,0.2948004
24041,70945,"37,823","1,993,065,000","1,993,065",1.623793664,0.173022359,117.1,50.1,30.7,-0.047099401,2.625118791,321.0042329,28093,0.001697715,0.008339998,0.20953507,0.023927101,0.204870658,0.001027133,0.1027133
24043,53182,"155,813","7,150,408,000","7,150,408",1.918922838,0.166330496,120.5,67,33.1,-0.048504864,4.301507388,622.8467489,134451,0,0,0.294304912,0.034887856,0.301019121,0.003090764,0.3090764
24045,45817,"104,800","5,439,581,000","5,439,581",1.623676906,0.042504291,154.6,49.9,40.3,-0.087709749,4.003388621,578.666072,118723,0.001782928,0.023586306,0.245123153,0.043719349,0.293718535,0.003147671,0.3147671
24047,53812,"54,171","2,994,254,000","2,994,254",1.729866285,0.124539197,125.5,45.9,39.2,-0.051036463,2.664183423,539.9176724,55642.66667,0.009838881,0.036021409,0.237342284,0.041655482,0.265364784,0.002623557,0.2623557
24510,80035,"565,239","51,194,064,000","51,194,064",2.18339735,-0.488132486,75,51.2,33.7,-0.108601435,40.03108036,16455.2061,639645,0.001245428,0.000460064,0.252418397,0.328202923,0.301727964,0.024996489,2.4996489
25001,45769,"231,735","13,771,725,000","13,771,725",2.059978449,-0.185349112,111.5,54.6,49.6,-0.168790439,16.69222754,3599.799551,300894.6667,0.013791476,0,0.313777573,0.137709708,0.261563889,0.011302233,1.1302233
25003,91220,"126,818","6,927,750,000","6,927,750",2.084679196,-0.185224881,86.4,44.7,39.1,-0.077057146,3.620342503,618.0298124,75945.33333,0,0,0.252950318,0.028328152,0.251866767,0.00180478,0.180478
25005,39914,"581,841","27,281,600,000","27,281,600",2.035496453,-0.082982156,118.5,41.9,43.3,-0.112187936,12.38317448,2567.398095,683517.3333,0.006725311,0,0.265810873,0.114677629,0.34478857,0.010510039,1.0510039
25007,106674,"20,819","1,453,109,000","1,453,109",2.016254877,-0.192759414,130.2,54.9,52.9,-0.143265413,8.093317668,1255.234696,13622,0.000943903,0,0.324870188,0.059002542,0.219095115,0.004199652,0.4199652
25009,50375,"810,089","47,094,918,000","47,094,918",2.016597995,1.280718593,163.3,41.9,28.1,0.045949655,16.82576243,4107.727358,934890.6667,0.014984465,0,0.279670054,0.159888624,0.303118245,0.013554254,1.3554254
25011,53052,"70,836","2,835,214,000","2,835,214",1.922103767,-0.170703804,95.8,51.2,36.2,-0.066833284,3.322279034,421.1510971,53441.66667,0,0,0.245497352,0.025198533,0.282160714,0.001745495,0.1745495
25013,41168,"460,291","23,213,480,000","23,213,480",2.115130694,0.986324457,171.2,49.1,41.3,0.099539929,10.0997282,2196.595566,563877,0,0,0.340731603,0.091385695,0.29055307,0.00904724,0.904724
25015,42813,"162,502","7,702,689,000","7,702,689",1.983680091,-0.098563385,94.7,48.7,35.9,-0.054872577,5.428529582,842.5610374,179914.6667,0,0,0.247245587,0.044526049,0.291732685,0.003211647,0.3211647
25017,119901,"1,623,952","190,978,324,000","190,978,324",2.121144582,-0.423406191,123.4,42.2,38.3,-0.134075986,17.73027709,4282.85734,1592793.667,0.019435231,0,0.25265268,0.189026715,0.318536623,0.015212706,1.5212706
25019,124390,"14,444","1,384,714,000","1,384,714",1.902291981,-0.697159228,114.1,58.3,52.5,-0.225529227,9.764060818,2253.965785,11132,0.001625611,0,0.298230511,0.072647595,0.21880472,0.004740564,0.4740564
25021,79064,"727,473","57,045,702,000","57,045,702",1.874295236,0.029643547,147.7,48.9,35.6,-0.092574764,18.59026503,4091.228802,721513,0.01072379,0,0.254881217,0.16351312,0.238801343,0.009952386,0.9952386
25023,41934,"535,308","26,619,904,000","26,619,904",1.990479585,0.313976288,132.6,48,38.2,-0.077266948,11.75040947,2050.66664,634803,0.014519068,0,0.277645975,0.11134791,0.308297765,0.009531118,0.9531118
25025,152079,"768,425","151,982,653,000","151,982,653",2.046512258,-0.172899856,115.6,41.6,30,-0.099565077,51.54734756,33058.33218,999363.6667,0.079477969,0,0.223397509,0.484817855,0.266744137,0.028890284,2.8890284
25027,47379,"866,866","46,308,136,000","46,308,136",1.949914675,0.27003103,118.7,47.7,39.3,-0.04116877,8.487590417,1512.677679,977395.3333,0,0,0.269851993,0.091857597,0.331739714,0.008223149,0.8223149
26001,44954,"10,489","233,463,000","233,463",2.137217155,-1.879616731,8.5,61.9,32,-0.283857276,0.854474102,76.04856157,5193.333333,0,0,0.208905169,0.005943563,0.299492086,0.000371862,0.0371862
26003,49825,"8,757","252,795,000","252,795",2.160610382,-0.595010478,22.1,72,36.1,-0.21035766,0.472159202,47.90564227,5073.666667,0,0,0.288562853,0.003236356,0.301254064,0.000281339,0.0281339
26005,33216,"121,939","4,923,836,000","4,923,836",1.34443834,-0.504674263,34.3,96,21.6,-0.214375429,2.177335553,245.5410978,148238.3333,0,0,0.219834211,0.019893712,0.343608458,0.001502709,0.1502709
26007,88105,"28,904","1,113,501,000","1,113,501",2.043364732,-1.186523659,25.6,63.4,31.1,-0.274243773,0.983800321,103.010988,12638.33333,0,0,0.221021047,0.007122277,0.290135572,0.000456724,0.0456724
26009,35514,"24,409","643,281,000","643,281",1.935731004,-0.058646985,66.7,73.5,32.7,-0.205909079,1.339309806,119.9056422,18113.33333,0,0,0.28697061,0.00979011,0.287874407,0.000808776,0.0808776
26011,65246,"15,145","438,604,000","438,604",1.663451983,-0.522544053,31.4,61.1,20.1,-0.203082486,1.000312187,96.57891784,6722.333333,0,0,0.162012382,0.007040443,0.301625885,0.000344046,0.0344046
26013,56653,"8,310","287,701,000","287,701",1.985236942,0.27219996,93.5,61.1,31.7,-0.175656294,0.31523532,40.79180092,5078.333333,0,0,0.279060808,0.002134951,0.30122037,0.000179461,0.0179461
26015,29677,"63,808","1,529,010,000","1,529,010",1.932918323,-0.855403513,38.1,82.6,28.6,-0.238572886,1.691179138,149.0797707,51521.66667,0,0,0.264820445,0.013326844,0.299055168,0.001055432,0.1055432
26017,46066,"102,500","3,851,098,000","3,851,098",1.996776302,-0.855670887,36.7,61.5,21.2,-0.238982647,2.616061003,333.7815038,83599.33333,0,0,0.195814276,0.021081115,0.303892388,0.001254463,0.1254463
26019,44360,"18,441","545,233,000","545,233",1.681549303,0.109106495,78.2,97,26.1,-0.148684748,1.683841178,169.4735083,12291,0,0,0.307106932,0.012088934,0.288669467,0.001071713,0.1071713
26021,50737,"152,261","7,380,206,000","7,380,206",1.830742215,0.834043332,121.5,68.4,23.8,-0.071243529,3.466396334,420.3912252,145459.3333,0,0,0.285805226,0.029068454,0.320907761,0.002666075,0.2666075
26023,48346,"45,215","1,402,866,000","1,402,866",1.872303643,-0.713768188,41.1,65.5,24.2,-0.22034224,1.42619017,126.2102497,29017.33333,0,0,0.206725051,0.010744584,0.318527635,0.000707506,0.0707506
26025,60024,"133,366","6,984,617,000","6,984,617",1.927507991,-0.515242149,46.1,72.2,27.3,-0.206393713,2.162584836,266.2287996,116363.3333,0,0,0.246425604,0.018834466,0.315255723,0.001463195,0.1463195
26027,46496,"51,642","1,227,885,000","1,227,885",1.932466212,0.12038161,68.6,71.1,25.6,-0.142610173,1.709824854,157.7350145,26408.33333,0,0,0.266183367,0.012688289,0.294164776,0.000993516,0.0993516
26029,66858,"26,159","1,330,806,000","1,330,806",2.21021208,-0.496459599,31.1,61.4,37.1,-0.214363667,1.497223459,157.6989818,19905,0,0,0.276309517,0.011010496,0.268509249,0.000816887,0.0816887
26031,36845,"26,048","652,297,000","652,297",1.89545701,1.669808336,228.2,61.1,34.9,0.211223505,1.12805988,130.887193,17703.66667,0,0,0.393679301,0.008331988,0.299132736,0.000981195,0.0981195
26033,35055,"36,264","1,178,825,000","1,178,825",1.920786328,-0.022280126,56.1,57.5,32.3,-0.181476783,0.680386062,76.22680599,33628.33333,0,0,0.241735491,0.005623642,0.300730252,0.000408823,0.0408823
26035,57807,"31,316","1,134,928,000","1,134,928",1.797169642,0.065563531,83.5,60.8,24.4,-0.171696042,1.443240543,147.6009541,19633,0,0,0.224269343,0.010609087,0.300873449,0.000715866,0.0715866
26037,42782,"79,720","2,378,667,000","2,378,667",1.905326395,0.095713443,119.5,70.2,25,-0.209045622,1.471996409,147.7491977,55599.33333,0,0,0.274706232,0.011931233,0.304267821,0.000997263,0.0997263
26039,57278,"13,538","443,867,000","443,867",2.032348888,0.021423028,82.2,53.9,27.2,-0.203809415,1.263176346,178.0842318,7749.333333,0,0,0.240025706,0.00904486,0.304309388,0.000660655,0.0660655
26041,56191,"36,790","1,186,844,000","1,186,844",1.719076304,0.220839922,105.5,81.2,32.9,-0.215003657,0.752654847,92.55498652,21121.66667,0,0,0.30486006,0.005764496,0.294442224,0.000517442,0.0517442
26043,97338,"25,982","1,350,278,000","1,350,278",1.840907306,0.087137709,111,63.5,34.3,-0.267901902,0.762952176,112.0425376,13872,0,0,0.274918831,0.005645294,0.281229865,0.000436468,0.0436468
26045,57149,"108,820","5,936,643,000","5,936,643",1.775199738,-0.217341235,66.5,78.3,25.5,-0.200786988,1.990772187,235.8544392,103879.3333,0,0,0.254139467,0.017197545,0.304215756,0.001329598,0.1329598
26047,64559,"34,123","1,922,925,000","1,922,925",2.444637934,0.850192284,74.3,49.9,39.2,-0.051297708,1.569776208,172.5243318,29785.33333,0,0,0.340113723,0.011849206,0.267235102,0.001076978,0.1076978
26049,32314,"401,522","15,582,622,000","15,582,622",1.975501308,-0.868274066,29.6,62.7,23.6,-0.229083596,7.127357638,1032.381634,482226.3333,0,0,0.201393197,0.066091586,0.320691656,0.004268533,0.4268533
26051,32427,"25,853","476,949,000","476,949",2.071337325,-0.104458387,112.4,56,27.3,-0.26342281,1.393067388,147.9884668,14708.33333,0,0,0.254525278,0.010108069,0.304278768,0.000782836,0.0782836
26053,92354,"14,224","483,073,000","483,073",2.024099669,0.286284569,99.2,48.5,27.1,-0.223885793,0.519498771,78.89981106,5230.666667,0,0,0.240406913,0.003626274,0.281315446,0.000245246,0.0245246
26055,51518,"96,421","5,464,037,000","5,464,037",1.643641944,-1.074423673,25.6,90.3,28.5,-0.261203072,3.146482745,393.503478,106060.6667,0,0,0.239693478,0.025570628,0.289508918,0.001774433,0.1774433
26057,62670,"41,368","1,501,799,000","1,501,799",1.910952056,0.229825855,87.8,66.7,23.7,-0.155941961,1.013614193,89.39801075,23963.66667,0,0,0.257440627,0.007657646,0.319293359,0.000629451,0.0629451
26059,66309,"45,587","1,855,473,000","1,855,473",1.863039784,0.343644267,132.1,66.9,25.5,-0.130344087,1.194243013,107.5526894,27982.33333,0,0,0.276318097,0.009069218,0.32322523,0.000809999,0.0809999
26061,43582,"37,599","1,184,480,000","1,184,480",1.883452339,-1.263835261,13.4,65.4,28.1,-0.268178762,0.700926453,90.66556188,27178,0,0,0.193915455,0.005591213,0.295834172,0.00032075,0.032075
26063,99608,"30,927","1,477,755,000","1,477,755",2.088114908,0.09395224,82.6,67.4,25.7,-0.158398868,0.939368634,78.85551911,14835.66667,0,0,0.278853453,0.006838498,0.31089056,0.000592849,0.0592849
26065,45982,"284,637","18,414,382,000","18,414,382",1.891395148,0.252565445,52.4,67.8,26,-0.111675505,5.652092393,895.6402168,400473.3333,0,0,0.253767403,0.05305682,0.310080618,0.004174954,0.4174954
26067,31330,"66,262","1,735,884,000","1,735,884",1.881734703,0.213180028,108.3,76.3,25.8,-0.15652465,1.324057879,127.4665487,55405.66667,0,0,0.290218407,0.010861906,0.325344374,0.001025591,0.1025591
26069,109289,"25,373","948,081,000","948,081",1.925212866,-1.221760475,21.9,58.6,23.8,-0.266936919,1.764746358,204.93294,8675,0,0,0.172382027,0.012602106,0.296018791,0.000643064,0.0643064
26071,63708,"11,740","319,833,000","319,833",1.980453353,0.173647198,82.4,46.4,31.5,-0.23669906,0.456545052,53.79582824,5020.333333,0,0,0.233777681,0.003137142,0.278404754,0.00020418,0.020418
26073,28875,"64,118","2,483,611,000","2,483,611",2.02326399,0.33450252,57.9,62.4,23,-0.102761496,1.633430228,183.0717159,86012,0,0,0.250600079,0.014064699,0.300946522,0.001060721,0.1060721
26075,43510,"159,424","6,764,879,000","6,764,879",1.965623677,0.149181881,78.7,65.3,26.2,-0.153336017,2.508683685,302.8916963,155478.3333,0,0,0.261585292,0.022522943,0.311369051,0.001834484,0.1834484
26077,50348,"262,215","16,352,859,000","16,352,859",1.938555185,0.014860069,82.5,76.9,26.5,-0.189321844,5.167587439,762.5027771,324795.6667,0,0,0.285017531,0.047090958,0.312790346,0.004198193,0.4198193
26079,50574,"18,490","591,612,000","591,612",1.750687165,0.253707219,43.7,71.4,28.4,-0.131473805,1.085758971,122.78562,11698,0,0,0.251070263,0.007836333,0.301495239,0.000593183,0.0593183
26081,47970,"661,354","45,773,477,000","45,773,477",1.772658701,-0.867299864,38.2,83.2,25.7,-0.231895768,8.251384726,1355.830268,954210,0,0,0.239422509,0.089208947,0.351645605,0.007510668,0.7510668
26083,30256,"2,172","56,730,000","56,730",2.26947567,0.212734304,107.5,36.7,30.1,-0.120535231,0.199775579,39.69240176,1875,0,0,0.248313938,0.001232052,0.282179484,8.63E-05,0.00863288
26085,41323,"12,734","219,698,000","219,698",1.682801343,0.081006054,79.1,97.9,31.5,-0.171699141,1.231949428,145.1682896,5316.666667,0,0,0.324722561,0.008692185,0.299527085,0.00084543,0.084543
26087,23693,"88,977","2,273,132,000","2,273,132",2.276653305,-0.362503783,64.7,61.3,29.8,-0.242154495,1.732739866,177.0907627,95940.33333,0,0,0.275272442,0.015052497,0.310678733,0.001287309,0.1287309
26089,45297,"23,019","836,415,000","836,415",1.879031168,-0.394160522,49.1,91.4,31.4,-0.207509243,1.707149879,164.9891438,18465.33333,0,0,0.305352324,0.012435111,0.271809159,0.001032084,0.1032084
26091,36556,"97,520","3,281,154,000","3,281,154",1.839331728,-1.05198446,32.4,62.8,24.9,-0.239029203,1.656239082,171.6705306,89756.33333,0,0,0.185398374,0.014318937,0.311367041,0.000826588,0.0826588
26093,24482,"196,757","7,639,351,000","7,639,351",1.883317117,-0.917063245,28,66.3,22.2,-0.222318736,5.309696544,633.0412704,312044.3333,0,0,0.193815164,0.047442262,0.295351608,0.002715767,0.2715767
26095,30000,"6,435","157,490,000","157,490",2.143248734,0.051132081,62.3,70.1,38.9,-0.155103914,0.367825597,39.63216605,5249.666667,0,0,0.322934878,0.002502988,0.290050692,0.000234449,0.0234449
26097,94054,"10,851","484,095,000","484,095",1.952499416,0.178504742,104.8,62.9,33.1,-0.20725947,0.634304681,66.2429716,5147,0,0,0.284293081,0.004396925,0.274930205,0.000343667,0.0343667
26099,39170,"875,101","41,541,466,000","41,541,466",2.166649716,0.091993661,98.2,65.3,25.1,-0.143048487,15.17355853,2987.463499,1060534,0,0,0.28559798,0.143526172,0.340047762,0.013938825,1.3938825
26101,80734,"25,562","852,715,000","852,715",1.77016372,0.156089412,82.6,95.4,31.1,-0.178690779,1.195305376,126.1022256,10562,0,0,0.331105385,0.008566845,0.294569963,0.000835556,0.0835556
26103,61776,"66,999","2,766,215,000","2,766,215",1.975474032,0.20711633,98.7,60.2,30.6,-0.195104355,0.762403731,82.09131795,44778,0,0,0.271747333,0.006551246,0.280862024,0.000500014,0.0500014
26105,75594,"29,159","1,000,565,000","1,000,565",1.919450237,-1.182561815,13.4,94.1,31.9,-0.241973981,1.249766233,129.5706504,13236,0,0,0.286321509,0.009034415,0.296693817,0.000767472,0.0767472
26107,42909,"41,099","1,244,293,000","1,244,293",1.852902769,0.229424737,101,72.7,25.6,-0.163842511,1.369225386,119.1030487,28998.66667,0,0,0.275739528,0.010335861,0.320575802,0.000913643,0.0913643
26109,75074,"22,945","718,458,000","718,458",1.887180172,-2.042579311,10.8,70.8,37.5,-0.311203381,0.634429445,50.89365231,9570,0,0,0.216557586,0.004507772,0.304677126,0.000297423,0.0297423
26111,81737,"84,039","5,978,041,000","5,978,041",2.115682231,0.13724836,53.8,58.8,24.1,-0.14543099,1.862920488,239.1728207,73137.66667,0,0,0.247827939,0.01535737,0.259007717,0.00098578,0.098578
26113,52642,"15,311","437,331,000","437,331",1.814911253,-0.130122071,69.1,60.1,23.7,-0.215359099,0.785352518,68.4618635,8307.666667,0,0,0.210993758,0.005547405,0.316289817,0.000370207,0.0370207
26115,33476,"155,045","5,708,370,000","5,708,370",1.881301785,0.128017371,100,67.7,27.2,-0.130053484,3.020428112,378.2199721,170521.6667,0,0,0.267026778,0.026679917,0.315298179,0.002246264,0.2246264
26117,25914,"68,154","1,595,649,000","1,595,649",1.939240614,0.183674353,106.9,72.6,26.4,-0.180133028,1.350959441,125.0072694,61573.66667,0,0,0.287879841,0.011236509,0.333396897,0.00107846,0.107846
26119,46253,"9,678","241,287,000","241,287",2.001100828,0.057985863,76.8,60.3,31.9,-0.175100631,1.054935434,101.3695466,5216.666667,0,0,0.266134997,0.007381121,0.302428698,0.000594083,0.0594083
26121,32088,"176,564","6,229,824,000","6,229,824",1.710646053,0.18720157,87.4,87.1,23.6,-0.186017051,3.884054248,520.6014229,194150.6667,0,0,0.283726471,0.033668284,0.305766884,0.002920864,0.2920864
26123,29654,"51,108","1,393,394,000","1,393,394",1.584821833,-0.20574161,28,96,29.4,-0.157201306,1.223328948,114.2017092,46988.66667,0,0,0.277632995,0.009876261,0.314755867,0.000863053,0.0863053
26125,75042,"1,270,426","112,082,079,000","112,082,079",2.23935155,0.918566449,98.7,62.3,30,0.002399573,13.74556719,2504.942104,1493599.333,0,0,0.332866778,0.146253457,0.316011579,0.015384365,1.5384365
26127,28388,"26,981","619,532,000","619,532",1.802075168,0.212630555,91.8,95,31.2,-0.169264675,1.204448145,110.5148792,21823.66667,0,0,0.338815997,0.008953228,0.314953898,0.000955412,0.0955412
26129,53522,"20,990","549,797,000","549,797",1.975943325,-0.326547603,62.3,53,27.8,-0.224897449,1.20271876,124.5776189,10272.33333,0,0,0.214759877,0.008606445,0.301679843,0.000557601,0.0557601
26131,27692,"5,906","134,539,000","134,539",1.772576647,0.151010447,70.1,58.9,25.2,-0.188859628,0.30795504,32.55528164,4858.333333,0,0,0.21780419,0.002062534,0.289614478,0.000130103,0.0130103
26133,63711,"23,330","755,510,000","755,510",1.775682321,0.264777864,83.9,70.2,23.1,-0.138683708,0.915046453,76.56121359,11858.33333,0,0,0.248898774,0.006572673,0.309351631,0.000506078,0.0506078
26135,41368,"8,545","210,770,000","210,770",2.300436592,0.058993424,79.1,46.7,31.1,-0.177637412,1.141966265,125.1442674,5095,0,0,0.264592563,0.008024482,0.302680068,0.000642656,0.0642656
26137,52988,"25,747","1,049,710,000","1,049,710",2.133708065,0.586382565,114.5,54.5,32.2,-0.104210249,1.202811116,120.825776,19810.33333,0,0,0.300680609,0.008897883,0.288386114,0.000771554,0.0771554
26139,35614,"303,372","16,840,293,000","16,840,293",1.795693716,0.378696659,128.1,86.8,24.8,-0.185779034,6.576337032,918.4314398,472855.6667,0,0,0.316936957,0.061768616,0.36555731,0.007156427,0.7156427
26141,68715,"13,285","346,849,000","346,849",2.25062414,0.275798373,103.4,56.4,34.7,-0.153323336,0.870739755,62.31819031,5047.666667,0,0,0.310269388,0.006026761,0.298734562,0.00055861,0.055861
26143,35268,"23,863","617,884,000","617,884",1.944310561,-0.244506805,66.7,51.6,24.4,-0.21787719,2.167851667,379.8778188,17519.66667,0,0,0.201719396,0.015994047,0.296051088,0.000955152,0.0955152
26145,47338,"187,782","8,854,522,000","8,854,522",2.064872304,0.109583,80.7,68.2,27.1,-0.17610599,2.669631333,364.1452876,187048.6667,0,0,0.282321133,0.024736544,0.321119531,0.002242586,0.2242586
26147,28241,"159,874","5,721,083,000","5,721,083",2.131724711,-0.004636032,95,66,26.3,-0.179829414,3.158347383,361.1647812,202577.6667,0,0,0.28231714,0.028605847,0.311861115,0.002518566,0.2518566
26149,45132,"60,878","2,166,807,000","2,166,807",1.889806328,0.532509236,122.6,70.1,27.6,-0.116691897,1.655262874,168.0755717,48010.33333,0,0,0.297455384,0.01300283,0.309938949,0.00119877,0.119877
26151,40140,"40,368","1,202,993,000","1,202,993",2.20323873,-0.89202947,22.7,67.6,29.1,-0.223022823,0.867081217,70.88310745,29969.66667,0,0,0.253364394,0.006794772,0.329044445,0.000566468,0.0566468
26153,51997,"8,149","253,121,000","253,121",1.94536483,-0.245013134,40,93,39.8,-0.199184167,0.48553097,57.60083685,4868,0,0,0.343871033,0.003340411,0.28830515,0.000331168,0.0331168
26155,38952,"68,025","1,729,620,000","1,729,620",1.834462378,0.073594324,88.7,66.1,24,-0.174096728,1.62795997,173.156526,44404.33333,0,0,0.242687929,0.012710186,0.309459819,0.000954562,0.0954562
26157,35324,"52,826","1,343,494,000","1,343,494",2.223115814,-1.083282867,29.3,67.2,30.3,-0.269437823,1.080604661,95.58361029,38033.66667,0,0,0.253654571,0.008572731,0.32621623,0.000709361,0.0709361
26159,35916,"75,798","2,680,416,000","2,680,416",1.504006391,0.661757271,123.7,87.8,20.4,-0.10852716,1.800282548,180.7629081,74629.66667,0,0,0.281270716,0.014862697,0.328133017,0.001371741,0.1371741
26161,52450,"365,536","26,780,892,000","26,780,892",1.900302122,0.03560674,88.6,61.6,23.1,-0.149645091,6.082338645,921.0608217,510597.3333,0,0,0.234758431,0.059524447,0.302357853,0.004225108,0.4225108
26163,48067,"1,751,169","100,266,092,000","100,266,092",1.968707594,-0.00881997,95.5,70.9,27.4,-0.15970575,24.1006208,5753.10501,2085947.667,0,0,0.279261126,0.242505009,0.377137829,0.025540612,2.5540612
26165,72994,"34,122","1,346,697,000","1,346,697",1.584140988,-0.05339114,52.5,87.1,26.8,-0.183134806,1.249266817,142.1148631,18449.33333,0,0,0.25942244,0.009216564,0.300061047,0.000717441,0.0717441
27001,74752,"16,102","501,559,000","501,559",1.789655983,0.609261582,112.7,56.8,28.6,-0.211446269,0.592290133,62.72951922,6709.666667,0,0,0.255566228,0.004147824,0.298959365,0.00031691,0.031691
27003,29125,"372,441","15,446,761,000","15,446,761",1.986338417,-0.39120207,52.2,58.2,30.2,-0.268334544,9.90995232,1721.588136,530363.3333,0,0,0.231996241,0.088155464,0.309677388,0.00633344,0.633344
27005,59153,"35,283","1,435,298,000","1,435,298",1.701716727,-0.285117863,36.5,64.8,30.6,-0.25271721,0.947773489,91.01828347,24264.33333,0,0,0.215645062,0.007213265,0.299435211,0.000465773,0.0465773
27007,33237,"46,718","1,854,419,000","1,854,419",1.889341007,-0.529697137,40.3,55.9,32.1,-0.321449562,0.488780652,99.54529781,55793.66667,0,0,0.211438207,0.00502883,0.303489953,0.000322697,0.0322697
27009,42397,"41,600","1,796,943,000","1,796,943",1.823383832,-0.19491159,47.3,60,30.7,-0.23724164,1.718466215,200.7750627,42384,0,0,0.224008017,0.013325427,0.309972662,0.000925269,0.0925269
27011,49406,"5,105","239,782,000","239,782",1.682828485,0.15358914,83.7,67.1,32.4,-0.272279376,0.78379988,55.00752769,4853.333333,0,0,0.254140303,0.005404252,0.273102823,0.00037509,0.037509
27013,70256,"70,006","4,070,244,000","4,070,244",1.812870546,0.120852056,86.4,64.8,31.6,-0.267161109,1.393907231,167.1928277,57934.66667,0,0,0.260017188,0.011497949,0.296618917,0.000886791,0.0886791
27015,103481,"25,628","1,414,890,000","1,414,890",1.758003771,0.139717123,83.8,67,32,-0.266786287,1.054919453,119.0749452,13673,0,0,0.260478373,0.007677258,0.291528779,0.000582988,0.0582988
27017,65892,"36,825","1,385,328,000","1,385,328",1.706013162,0.250425177,81.8,56.4,33.2,-0.251477102,1.00073751,102.6515122,21024.33333,0,0,0.234841426,0.007500812,0.291415703,0.000513329,0.0513329
27019,33427,"111,057","5,740,656,000","5,740,656",1.786724556,-0.373102906,88,69.8,31.9,-0.340837506,4.565302433,621.6892729,171737.3333,0,0,0.25395481,0.037879234,0.278633493,0.002680347,0.2680347
27021,43144,"31,446","1,067,253,000","1,067,253",1.65613667,0.175243291,88.5,57.4,31.1,-0.287161293,0.763533379,92.76974317,24737,0,0,0.225088329,0.005953175,0.294903598,0.000395168,0.0395168
27023,115452,"12,172","590,461,000","590,461",1.625535405,-0.025205105,100.7,75.1,32.6,-0.334334665,0.830167376,86.93907679,5114.333333,0,0,0.266869108,0.005792385,0.280384377,0.000433421,0.0433421
27025,23361,"58,535","1,644,266,000","1,644,266",1.917739922,-0.176457647,63.7,61.9,30.8,-0.269765579,2.551695022,283.5407607,70384.33333,0,0,0.245361257,0.02013042,0.298042885,0.001472101,0.1472101
27027,38691,"66,258","2,149,577,000","2,149,577",1.707133627,0.121646119,86.3,75.3,31.5,-0.269601649,1.017898658,122.4548181,55557.33333,0,0,0.274582386,0.008733711,0.305844761,0.000733453,0.0733453
27029,60853,"8,644","307,082,000","307,082",1.851881241,-0.338317918,58,56.8,31.6,-0.320322139,0.523230825,47.82826828,5046.333333,0,0,0.21927394,0.003589637,0.297809442,0.00023441,0.023441
27031,50930,"5,639","254,037,000","254,037",2.278563644,0.044237673,96.2,39,34.6,-0.29083407,0.193057751,34.76656817,4988,0,0,0.257720729,0.001273599,0.263426543,8.65E-05,0.00864652
27033,139354,"11,319","692,076,000","692,076",1.956508845,0.316238881,101,61.9,35.9,-0.261747685,0.762193474,71.19846231,4966.333333,0,0,0.294214591,0.005287483,0.286833354,0.000446214,0.0446214
27035,42749,"68,304","2,843,556,000","2,843,556",1.74838559,-0.918953831,23.4,61.1,32.3,-0.294309725,2.13928825,205.3187349,66517,0,0,0.19392894,0.017006014,0.296498373,0.000977839,0.0977839
27037,34610,"447,440","26,077,137,000","26,077,137",1.813635696,-0.788280425,56.1,69.5,33,-0.336739042,9.371205037,1696.733945,753458.6667,0,0,0.237380895,0.09133499,0.305322364,0.00661975,0.661975
27039,67776,"21,088","800,078,000","800,078",2.036816964,-0.001083031,84.3,56.3,33.5,-0.266396868,1.145991088,117.7260861,11804.66667,0,0,0.265023768,0.008248236,0.289707171,0.000633294,0.0633294
27041,70894,"39,953","2,098,662,000","2,098,662",1.912206352,-0.50185115,80.1,64.7,30.3,-0.368079456,1.712441913,165.4620943,29603,0,0,0.243070562,0.012820258,0.296893907,0.000925189,0.0925189
27043,107556,"13,873","551,976,000","551,976",1.737633667,0.064347984,112.8,64.7,32.2,-0.330807139,0.896623003,92.60180663,5132,0,0,0.259330052,0.006264274,0.282572273,0.000459043,0.0459043
27045,81230,"21,522","654,985,000","654,985",1.890619168,0.806701618,142.3,57.6,32.6,-0.20761797,0.912785174,107.3080045,8063.333333,0,0,0.298338733,0.006494737,0.316310637,0.000612893,0.0612893
27047,89915,"30,515","1,320,797,000","1,320,797",1.938288068,0.25722489,61.3,57.7,32.1,-0.221470395,1.164985956,119.5067936,14689.33333,0,0,0.254303403,0.008473275,0.302664706,0.000652177,0.0652177
27049,84026,"48,035","2,922,702,000","2,922,702",1.817905946,0.343051963,79.1,65.3,34.3,-0.217718153,1.334089619,165.449844,34783.33333,0,0,0.275061874,0.010357337,0.298434983,0.000850214,0.0850214
27051,58851,"6,139","300,452,000","300,452",1.638782166,-0.355421601,61.5,75,32.2,-0.296672153,0.730793533,60.43511221,5105.333333,0,0,0.243564085,0.005054338,0.289541448,0.000356442,0.0356442
27053,99108,"1,258,713","150,146,936,000","150,146,936",1.722806391,0.117902078,85.2,70.5,30.6,-0.257583727,20.85564951,4690.948797,1514987.333,0,0,0.260774797,0.200236519,0.299439896,0.015635745,1.5635745
27055,57595,"18,582","584,837,000","584,837",1.852112589,0.354510984,97.5,58,32,-0.243989875,0.774294466,169.8064195,10154.33333,0,0,0.260221546,0.005713502,0.293329199,0.000436115,0.0436115
27057,58245,"22,132","811,761,000","811,761",1.708137232,-0.329762728,59.1,55.4,32.4,-0.302006038,1.008551916,98.18250622,13937,0,0,0.202966948,0.007325679,0.291593021,0.000433561,0.0433561
27059,29269,"43,182","1,112,013,000","1,112,013",1.949570772,0.070414602,77.5,57.5,29.9,-0.248136128,1.644235348,174.0636421,37992.66667,0,0,0.247762257,0.012624654,0.299782984,0.000937695,0.0937695
27061,67630,"45,365","2,095,373,000","2,095,373",1.807827149,0.194022781,78,53.3,30.5,-0.264256163,0.627839293,101.5047637,30983,0,0,0.227557037,0.005222769,0.2922629,0.000347348,0.0347348
27063,120394,"9,919","629,180,000","629,180",1.902805349,-0.342732497,75,56.9,34.9,-0.332374609,0.752641915,67.74197208,5226,0,0,0.240661032,0.005223013,0.287158498,0.000360951,0.0360951
27065,40926,"16,602","411,938,000","411,938",1.791154158,-0.166008097,68.2,63.8,31,-0.27398349,0.985032533,87.44029731,10065.33333,0,0,0.23789835,0.007022078,0.284521811,0.000475305,0.0475305
27067,55296,"43,813","2,277,008,000","2,277,008",1.839525787,0.524503057,90.6,67.9,31.5,-0.206999294,1.445526619,141.2437818,41178.66667,0,0,0.286455829,0.011285705,0.298557221,0.000965192,0.0965192
27069,55891,"4,060","267,550,000","267,550",2.029839965,0.002823319,84.1,59.4,34.9,-0.288133184,0.381808435,38.09400563,4787,0,0,0.276231172,0.002582736,0.28743256,0.000205064,0.0205064
27071,83656,"11,751","477,144,000","477,144",1.976336553,-0.802492555,59.4,50.4,35.2,-0.418200552,0.282370132,77.17265107,5703.666667,0,0,0.211840791,0.001992961,0.287305941,0.000121298,0.0121298
27073,61609,"6,630","323,139,000","323,139",1.699879314,0.202401801,84.3,71.9,34.7,-0.262807188,0.639518709,56.95718888,5245,0,0,0.276915892,0.004419185,0.291129855,0.000356268,0.0356268
27075,83834,"10,855","440,382,000","440,382",2.04520312,0.089443343,84.1,52.1,33.4,-0.288467941,0.22467207,88.52694334,5253,0,0,0.258410432,0.001599402,0.254623903,0.000105237,0.0105237
27077,38689,"3,778","192,322,000","192,322",2.05272806,-0.945158943,20.9,52.2,37.3,-0.302677245,0.249481066,73.38660431,4971,0,0,0.218961586,0.001735033,0.264761323,0.000100584,0.0100584
27079,45742,"29,255","920,255,000","920,255",1.826567537,-0.004565796,74.2,67.9,30.9,-0.257973122,1.555181569,158.60121,20118.33333,0,0,0.259255684,0.011420847,0.308128557,0.000912344,0.0912344
27081,80370,"5,521","418,566,000","418,566",2.159977269,0.536202317,110.8,56.9,37.7,-0.234772391,0.669810584,57.38531654,5208,0,0,0.32301525,0.004628942,0.288543387,0.000431435,0.0431435
27083,77170,"25,427","1,546,265,000","1,546,265",1.88741735,-0.067453307,75.7,63.9,34.1,-0.285598034,0.926623715,96.76473122,20037,0,0,0.26382345,0.00694513,0.284107011,0.000520566,0.0520566
27085,51134,"36,785","1,710,141,000","1,710,141",1.9796057,0.251788435,92.3,64.2,33.8,-0.242272602,1.491791027,175.5581484,33444.33333,0,0,0.290744058,0.011427966,0.304648396,0.001012229,0.1012229
27087,35188,"5,280","188,632,000","188,632",1.857605335,0.043148542,74.2,61,30.8,-0.26433997,0.571194189,44.47980607,5360.666667,0,0,0.246851382,0.003926041,0.295294016,0.000286184,0.0286184
27089,86179,"8,810","444,255,000","444,255",1.874796212,-2.339248366,6.9,67.9,33.4,-0.348545526,0.43647831,37.5764291,5155,0,0,0.185619598,0.002972509,0.309096896,0.000170546,0.0170546
27091,125178,"19,657","1,035,892,000","1,035,892",1.90033131,-0.393217839,88.3,60.3,35.1,-0.377784482,0.985840725,95.89874851,8275.333333,0,0,0.251550503,0.006987279,0.284522244,0.000500092,0.0500092
27093,76323,"23,490","1,144,076,000","1,144,076",2.047084941,-1.016598223,58.7,61.8,34.1,-0.379454373,1.152668305,112.0533824,14990,0,0,0.240991172,0.008383594,0.30103311,0.000608199,0.0608199
27095,39319,"27,427","817,976,000","817,976",1.886184158,-0.208733883,61.5,60.3,29.2,-0.276107565,1.161333856,148.3431041,20803.33333,0,0,0.231141859,0.00869143,0.309320432,0.00062141,0.062141
27097,44936,"34,250","1,088,423,000","1,088,423",1.918171977,0.135269399,85.2,60.6,33,-0.265441426,1.003283843,96.00623288,24221.66667,0,0,0.266121928,0.007606112,0.333366933,0.000674786,0.0674786
27099,79791,"40,058","1,978,794,000","1,978,794",1.994273126,-0.785669144,44,56.1,32.9,-0.320318602,1.154534927,134.4085975,24799.66667,0,0,0.221195977,0.00874352,0.293966794,0.000568541,0.0568541
27101,92866,"8,049","453,837,000","453,837",2.028595556,-0.938079823,25.9,56.8,33.9,-0.295915147,0.730482542,57.2560435,4887,0,0,0.220299023,0.005039558,0.281339206,0.000312346,0.0312346
27103,52701,"34,242","1,573,290,000","1,573,290",1.860488527,-1.207902035,43.8,64.4,33.1,-0.359962654,1.182021943,139.5185594,29853,0,0,0.214456137,0.009101228,0.288734973,0.000563557,0.0563557
27105,94301,"21,727","1,252,817,000","1,252,817",1.885984372,0.088678216,87,55.7,33.6,-0.272618156,0.931029901,86.77200849,13285.33333,0,0,0.250596327,0.006746737,0.290232233,0.000490698,0.0490698
27107,49773,"6,329","247,620,000","247,620",1.811646324,-0.040539019,92.4,73.3,32.5,-0.312965038,0.511041992,41.6511657,4975,0,0,0.280054999,0.003491572,0.276604062,0.000270472,0.0270472
27109,59450,"164,784","11,994,255,000","11,994,255",1.805325237,0.450085142,92.2,60.4,32.3,-0.217061226,3.039232401,484.1284465,201752,0,0,0.263625949,0.027978479,0.288808772,0.002130211,0.2130211
27111,45895,"60,626","2,403,205,000","2,403,205",1.69057002,-0.132266081,64.3,68.9,30.5,-0.284761881,1.231564449,104.6270016,52363.33333,0,0,0.237491079,0.010083622,0.342088829,0.000819224,0.0819224
27113,252796,"13,714","2,003,829,000","2,003,829",1.930223409,-0.759035684,65.6,65.4,32.4,-0.428122053,0.735839057,79.42374676,7926.666667,0,0,0.238405563,0.005212079,0.270440231,0.000336046,0.0336046
27115,32179,"30,197","730,992,000","730,992",1.797969364,0.511473191,102.4,62,31.1,-0.211021656,0.874314586,86.31252797,22716.33333,0,0,0.269587791,0.006646787,0.317164647,0.000568325,0.0568325
27117,125546,"9,245","637,733,000","637,733",1.785658642,-0.643280154,71,64.9,38.6,-0.378904592,0.832429838,77.30791278,5079.666667,0,0,0.246657688,0.005789399,0.267460121,0.000381933,0.0381933
27119,59196,"30,412","1,382,369,000","1,382,369",1.729312845,0.076120401,79,73.4,31.4,-0.277375023,0.633793398,63.09974743,23352.33333,0,0,0.268078362,0.004955768,0.317871138,0.000422303,0.0422303
27121,109993,"11,400","566,281,000","566,281",1.737031498,-0.152266426,76.6,70,30.9,-0.30944569,0.897153729,75.38131227,5148.333333,0,0,0.24976152,0.006237,0.281271857,0.000438155,0.0438155
27123,61499,"536,075","43,178,777,000","43,178,777",2.041688966,0.472967824,95.6,60.1,29.5,-0.208484966,32.57665783,8945.034541,702099.6667,0,0,0.283623928,0.26394829,0.264884915,0.019829828,1.9829828
27125,39652,"3,911","187,489,000","187,489",1.88990311,-2.330939769,8.7,67.5,32.2,-0.371273653,0.591016925,51.61043731,4728.333333,0,0,0.182672554,0.004056843,0.290818355,0.000215518,0.0215518
27127,198511,"15,288","972,308,000","972,308",1.826523896,0.131130655,81.9,68.2,34,-0.257065247,0.796849386,74.98202675,4898,0,0,0.276389641,0.005532665,0.301609208,0.000461212,0.0461212
27129,130043,"14,348","780,819,000","780,819",1.919895317,0.124217857,84.3,66.3,35.6,-0.270652639,0.780453452,73.43247842,6004.333333,0,0,0.28756703,0.005450624,0.300960417,0.000471731,0.0471731
27131,37993,"67,948","2,841,590,000","2,841,590",1.946456997,0.241488487,87.9,62.3,32.3,-0.237922,2.030623575,252.1828123,74793,0,0,0.275704035,0.016596125,0.308898152,0.0014134,0.14134
27133,119836,"9,551","595,307,000","595,307",1.95164573,-1.021566972,43.9,58.7,40,-0.35628187,0.822828872,76.67775884,4967.666667,0,0,0.235811771,0.005718153,0.284897867,0.000384158,0.0384158
27135,84323,"15,252","1,273,388,000","1,273,388",1.96662717,-1.267133085,18,54.6,34.3,-0.319868071,0.475484785,49.23015818,15101.33333,0,0,0.195793934,0.003574779,0.290376992,0.000203241,0.0203241
27137,56669,"200,514","10,243,518,000","10,243,518",2.021009166,0.130453169,100.7,47.9,32.2,-0.32654834,0.706412242,176.9831246,180760,0,0,0.248524849,0.010579817,0.295476899,0.000776911,0.0776911
27139,24523,"155,814","7,110,489,000","7,110,489",1.633641963,0.70646524,124.6,74.1,30.1,-0.195210558,6.29935424,981.8468527,289954,0,0,0.292547854,0.0542553,0.302265644,0.004797642,0.4797642
27141,18234,"102,206","3,528,375,000","3,528,375",1.779229465,-0.305483444,71.4,64.5,31.4,-0.294786032,4.250085423,643.0178323,193509,0,0,0.235793469,0.03641103,0.311017378,0.002670234,0.2670234
27143,72925,"15,084","452,671,000","452,671",1.952978113,0.355453962,92.7,65.4,34.8,-0.237522982,0.938905473,85.45757777,6207.333333,0,0,0.297603816,0.006578084,0.305070627,0.000597225,0.0597225
27145,45714,"160,977","8,863,045,000","8,863,045",1.887940733,0.133630498,94.4,64.5,31.1,-0.273829977,1.986194914,246.6164049,193880.6667,0,0,0.269605454,0.019994128,0.354624717,0.001911614,0.1911614
27147,78975,"37,421","2,114,552,000","2,114,552",2.186227405,-0.802283367,52,55.6,34.6,-0.335502358,1.400260813,168.6506417,26775,0,0,0.248438125,0.010572287,0.289822844,0.000761237,0.0761237
27149,121863,"9,728","634,462,000","634,462",1.546315714,-0.541208326,83.7,71.7,30,-0.400416099,0.670713318,64.23752215,5206.333333,0,0,0.217133486,0.004647672,0.272823,0.000275323,0.0275323
27151,110983,"9,719","576,188,000","576,188",1.710124551,-0.14836831,69.8,69.2,31.3,-0.286196762,0.684109311,63.38467528,5191.666667,0,0,0.244070452,0.004738582,0.305593594,0.000353434,0.0353434
27153,51903,"25,667","780,062,000","780,062",1.890502453,-0.960079752,47.9,59.8,30.8,-0.340575859,1.02609308,94.44071918,15029.33333,0,0,0.20721506,0.00747461,0.333859558,0.000517099,0.0517099
27155,59083,"3,136","223,058,000","223,058",1.647111119,-0.770249043,51,73.9,32.7,-0.32748396,0.463076943,42.4362002,3775.333333,0,0,0.226855524,0.003122844,0.286479607,0.000202952,0.0202952
27157,57738,"21,683","780,254,000","780,254",1.862717662,0.600843295,109.7,61,36.3,-0.223463663,1.218370337,189.9657276,13513.66667,0,0,0.295269805,0.008935646,0.300971946,0.000794092,0.0794092
27159,84381,"14,241","495,880,000","495,880",1.539163173,0.395911327,92,60.4,29.3,-0.243989507,0.972672156,101.7298075,5876.666667,0,0,0.223439589,0.006831731,0.295284969,0.000450746,0.0450746
27161,81765,"18,981","779,413,000","779,413",1.710035714,0.57647082,107.4,64.8,28.3,-0.22970351,1.057167413,109.7994839,9532.333333,0,0,0.262171724,0.007546686,0.294567459,0.00058281,0.058281
27163,27223,"278,936","11,490,276,000","11,490,276",2.007723971,0.115052163,90.6,61.4,30.9,-0.265071193,9.043414655,1477.537591,422083,0,0,0.272857914,0.07831942,0.28699169,0.006133034,0.6133034
27165,85255,"11,077","465,949,000","465,949",1.934031508,0.107247146,84.5,61.9,34.8,-0.271567844,0.898056376,94.8303327,5465.333333,0,0,0.275028764,0.006288691,0.288773587,0.000499454,0.0499454
27167,67677,"6,306","329,293,000","329,293",1.607243658,0.175406853,88.3,76.9,31.5,-0.265364039,0.487125565,47.12333946,4865.666667,0,0,0.26983247,0.003332255,0.268307848,0.000241249,0.0241249
27169,48055,"49,721","2,365,609,000","2,365,609",1.993309673,-0.623118848,81,60.8,35.5,-0.362416461,1.563892937,320.9987453,49227,0,0,0.25546387,0.012686401,0.295246714,0.00095687,0.095687
27171,28020,"151,150","5,161,577,000","5,161,577",1.922089336,0.159269686,85,64.7,32.1,-0.246877585,3.47902915,428.5125301,184212,0,0,0.274746978,0.030380278,0.328246656,0.002739839,0.2739839
27173,98346,"9,467","515,955,000","515,955",1.707996562,0.169747775,87.5,71.9,34.2,-0.267758159,0.718858927,60.18649409,5246.333333,0,0,0.276090676,0.004975496,0.27018289,0.000371147,0.0371147
28001,45258,"28,746","906,785,000","906,785",1.364538741,2.248455953,219.6,44,54.6,0.134617071,1.199337077,242.8982056,20036,0,0,0.338462606,0.009103876,0.268564612,0.000827534,0.0827534
28003,61689,"34,135","1,287,599,000","1,287,599",1.624614811,1.578087875,216.1,36.4,45.8,0.004610364,1.751997621,201.3155256,20872.33333,0,0,0.299163747,0.012887702,0.302369072,0.001165794,0.1165794
28005,43719,"12,442","246,035,000","246,035",1.299386563,2.086911188,156.1,56.3,64.8,0.040998164,0.713016787,56.8798858,5627.666667,0,0,0.359686604,0.004940828,0.297825902,0.000529281,0.0529281
28007,61322,"17,359","568,007,000","568,007",1.635320646,0.340679042,89.6,42.1,56.4,-0.107589191,0.793277533,69.03269603,9262.666667,0,0,0.262586765,0.005633225,0.309164922,0.00045732,0.045732
28009,60850,"7,438","302,851,000","302,851",1.642222329,-0.009025932,73.4,35.1,43.9,-0.144238412,0.748633563,66.54220056,4977,0,0,0.193754937,0.005185245,0.309304519,0.000310748,0.0310748
28011,30339,"28,968","932,015,000","932,015",1.370952427,0.450289394,79.5,39.7,40.1,-0.116172107,0.786748971,168.939853,30720,0,0,0.178310425,0.006440106,0.309634482,0.000355565,0.0355565
28013,56221,"12,685","277,152,000","277,152",1.668198463,0.328335783,95.1,33,48.8,-0.135809663,0.801504744,70.07728704,4929.666667,0,0,0.222386135,0.005556985,0.309198098,0.000382106,0.0382106
28015,19695,"9,535","102,959,000","102,959",1.515382065,1.658591566,194.2,37.1,47.6,0.032174571,0.643548275,43.89325537,5227.666667,0,0,0.288784502,0.004422726,0.300979521,0.000384415,0.0384415
28017,40370,"16,866","439,523,000","439,523",1.348013695,0.97827185,162.3,34.7,45.3,-0.084707452,0.946566281,105.5453103,10887.33333,0,0,0.221979405,0.006813978,0.310855996,0.000470189,0.0470189
28019,140176,"8,088","728,729,000","728,729",1.691158977,2.461211018,203.3,35,51.4,0.181149956,0.766602699,68.48901474,5198.666667,0,0,0.343823497,0.005320368,0.304380978,0.000556794,0.0556794
28021,91155,"8,617","652,425,000","652,425",1.194600227,0.268009726,90.2,50,57,-0.10545144,0.618992225,52.33222635,7157.333333,0,0,0.231869334,0.004328024,0.30575915,0.00030684,0.030684
28023,31063,"15,228","265,893,000","265,893",1.502126328,1.478148277,151.3,44.8,57.3,-0.013601337,0.792304482,80.51949981,8559.666667,0,0,0.311980767,0.005625526,0.306096056,0.000537216,0.0537216
28025,39451,"18,206","527,481,000","527,481",1.460668629,1.721918643,196.4,33.8,48.6,0.035966468,1.058189246,129.1490802,13370.66667,0,0,0.278991771,0.007708912,0.293285394,0.000630776,0.0630776
28027,34797,"20,077","662,374,000","662,374",1.417909316,0.007009107,87.7,38.5,38.6,-0.15827981,0.821327694,229.564499,19035.33333,0,0,0.165933935,0.006426102,0.293108592,0.000312544,0.0312544
28029,32360,"27,664","696,154,000","696,154",1.436555873,0.300705161,78.6,45.8,57.8,-0.112696102,0.856370312,84.88198547,21512.66667,0,0,0.248502947,0.006482134,0.315494381,0.000508208,0.0508208
28031,46521,"18,059","698,502,000","698,502",1.605161764,0.398029091,89.1,39.9,57.4,-0.12130687,1.1404612,113.6502073,15014.66667,0,0,0.257839148,0.008302603,0.312489372,0.000668957,0.0668957
28033,20058,"193,247","6,677,482,000","6,677,482",1.506314116,0.279385993,85.1,35.5,38.8,-0.135760347,6.158822341,894.6408369,332914.3333,0,0,0.176172095,0.054461776,0.313248911,0.003005512,0.3005512
28035,42453,"78,208","3,649,577,000","3,649,577",1.573423184,0.541418159,89.3,43.8,64,-0.138067571,2.569940646,419.7137585,85967.66667,0,0,0.287548235,0.020992109,0.303422944,0.001831535,0.1831535
28037,37871,"7,610","196,485,000","196,485",1.346594856,2.148495353,191.2,60.1,62,0.104632949,0.670811368,65.36103343,5188.333333,0,0,0.383821961,0.004649843,0.301176348,0.000537513,0.0537513
28039,26421,"25,619","460,959,000","460,959",1.473507152,1.130848177,119.3,54.7,68.2,-0.096785257,0.968330144,93.68819988,17447,0,1.34E-05,0.342640183,0.00715404,0.305077548,0.000747825,0.0747825
28041,18374,"13,601","154,676,000","154,676",1.269388318,2.389573127,275.1,64,65.9,0.06280891,0.613290768,52.19736502,8418.333333,0,0,0.439302053,0.004327579,0.319839679,0.000608052,0.0608052
28043,58555,"21,065","927,055,000","927,055",1.495070563,-0.222433759,81.8,38.4,47.7,-0.170783177,1.038715995,137.2891012,15832.33333,0,0,0.193170624,0.007665525,0.29977229,0.000443889,0.0443889
28045,24996,"46,159","1,673,685,000","1,673,685",1.26375364,3.271041113,261.7,54.9,62.2,0.214280033,2.511765641,297.5974972,66958.33333,0.004103357,0.020930239,0.430083829,0.031091482,0.286346351,0.003829007,0.3829007
28047,37124,"210,612","9,584,534,000","9,584,534",1.591157028,1.518005469,131.2,38,63.6,-0.064837629,5.023596804,964.9258115,258176.3333,0.001605947,0.006347279,0.316401248,0.047979155,0.280360671,0.004256061,0.4256061
28049,40326,"214,870","12,222,322,000","12,222,322",1.450414191,2.357186626,269.6,37.2,56.4,0.173308733,3.70079972,636.3573323,303089.3333,0,0,0.365318228,0.036008235,0.302170821,0.003974895,0.3974895
28051,19024,"15,777","274,444,000","274,444",1.528969554,0.452272836,95.1,34.6,52.1,-0.095765927,0.707288172,74.12720829,14426,0,0,0.223748799,0.005207173,0.30749645,0.000358264,0.0358264
28053,34921,"7,216","171,137,000","171,137",1.441275105,0.492629188,91.9,36.1,49.2,-0.092324223,0.621634026,78.93317489,4900.666667,0,0,0.208978998,0.004324531,0.312625878,0.000282531,0.0282531
28055,08850,"1,256","19,267,000","19,267",1.154022759,0.237280273,92.1,40.2,45.9,-0.10243208,0.253798821,24.45647606,2177,0,0,0.169489122,0.001588387,0.293401217,7.90E-05,0.0079
28057,39436,"24,093","562,428,000","562,428",1.828714057,0.784253682,97.5,29.7,47.3,-0.080679744,1.078514312,112.1662245,14261.66667,0,0,0.241960008,0.007846678,0.301255673,0.000571959,0.0571959
28059,43948,"146,389","7,098,762,000","7,098,762",1.437363588,4.061513325,505.7,45.1,61.9,0.759511967,2.90943754,525.4989947,161525,0.005420889,0.059519447,0.589113056,0.055261986,0.285117015,0.009282143,0.9282143
28061,44392,"16,013","457,165,000","457,165",1.500246979,0.362344015,88.9,43.2,58.1,-0.115207395,0.776885361,65.90776856,10298.33333,0,0,0.255145245,0.005546126,0.306764343,0.000434092,0.0434092
28063,18163,"6,941","94,431,000","94,431",1.394039647,2.423718709,211.4,48.7,57.7,0.165190056,0.565972693,40.89824247,5199,0,0,0.366903193,0.003878231,0.311936867,0.000443866,0.0443866
28065,29076,"10,969","158,532,000","158,532",1.485599531,0.725691381,117.9,47.9,59,-0.091796974,0.943246067,84.05747561,5452.333333,0,0,0.287957431,0.006582074,0.305671187,0.000579356,0.0579356
28067,39898,"66,250","2,636,142,000","2,636,142",1.482077444,3.323858142,354.4,43.9,59.6,0.373708011,1.687138147,211.1738512,66072.33333,0,0,0.473829002,0.013866352,0.297305263,0.001953379,0.1953379
28069,60203,"8,584","314,679,000","314,679",1.484751218,1.444849434,177.7,41.8,52.1,0.003036859,0.534217179,39.52125804,5227,0,0,0.296143418,0.003656307,0.309481537,0.000335104,0.0335104
28071,43883,"58,467","2,280,150,000","2,280,150",1.531476083,0.833579404,154.3,33.6,44.1,-0.102359205,1.304517532,157.5746851,51960.33333,0,0,0.229548304,0.010673853,0.285695594,0.000700001,0.0700001
28073,28452,"66,217","1,883,124,000","1,883,124",1.672797893,1.728750481,215.6,36.2,61,-0.031312544,1.957767736,214.8385574,66187,0,0,0.352403084,0.015753935,0.298875195,0.001659276,0.1659276
28075,46564,"70,527","3,346,698,000","3,346,698",1.775781155,0.390825208,86,36,55,-0.087292384,1.972377177,275.1911661,71873.33333,0,0,0.259305897,0.016143007,0.287806742,0.001204752,0.1204752
28077,52713,"11,741","343,094,000","343,094",1.472546888,0.381105941,87.1,54.6,62.6,-0.116301207,0.844230931,71.77363932,6508.666667,0,0,0.293863477,0.005905744,0.301188452,0.000522707,0.0522707
28079,39994,"21,258","641,847,000","641,847",1.513301614,0.091827807,87.4,47.2,57.3,-0.117610976,0.936875471,79.45467024,16048.66667,0,0,0.256253099,0.006860152,0.321299915,0.000564824,0.0564824
28081,49767,"82,799","4,950,249,000","4,950,249",1.619868081,2.629295498,217.7,31.6,46.2,0.194432091,3.203052465,390.2740716,99467.66667,0,0,0.325690804,0.025751394,0.295261133,0.002476353,0.2476353
28083,38544,"26,378","1,149,227,000","1,149,227",1.484165839,0.512939944,92.2,36.6,44.9,-0.112824716,1.034492274,194.8884045,29816,0,0,0.203306469,0.008177858,0.302259602,0.00050254,0.050254
28085,44971,"34,702","1,139,131,000","1,139,131",1.406782999,3.494933939,386.6,53.1,60.4,0.534431191,1.262843245,133.6063228,25330.33333,0,0,0.51504937,0.00950993,0.312471443,0.001530511,0.1530511
28087,49850,"57,283","2,995,062,000","2,995,062",1.488033609,0.43904308,79.1,37.2,50.8,-0.105302433,2.01875497,267.6870809,60081.66667,0,0,0.216232368,0.016083028,0.297128284,0.001033314,0.1033314
28089,43930,"112,511","7,137,527,000","7,137,527",1.554215356,0.420354546,99.5,36.9,55.9,-0.102936618,2.33647045,291.3922197,162476.3333,0,0,0.244329483,0.021525705,0.279995643,0.001472599,0.1472599
28091,49183,"24,224","801,416,000","801,416",1.630992661,0.778881506,116.6,44,63.1,-0.123400795,1.058879061,117.9299364,16294.66667,0,0,0.307872531,0.007784447,0.30407142,0.000728743,0.0728743
28093,27046,"34,123","805,247,000","805,247",1.385725334,0.288446499,78.6,34.9,39.9,-0.120088073,0.927483986,88.66127963,29773.33333,0,0,0.162202811,0.007240132,0.313760069,0.00036847,0.036847
28095,34881,"33,609","939,838,000","939,838",1.529018233,0.822365891,154.9,32.7,46.9,-0.080529092,1.139817868,145.568132,26944.33333,0,0,0.235039351,0.008728749,0.300711207,0.000616939,0.0616939
28097,37646,"9,600","191,506,000","191,506",1.416499898,1.40419587,157.7,42.2,49.2,-0.011668029,0.83041216,78.09138222,5087,0,0,0.272839899,0.005777064,0.291461222,0.000459405,0.0459405
28099,42152,"28,789","1,098,891,000","1,098,891",1.554737247,0.295468078,85.9,42.9,52.9,-0.10079251,1.13679822,113.6307267,26070,0,0,0.242476433,0.008622162,0.298156523,0.000623347,0.0623347
28101,33760,"21,019","505,405,000","505,405",1.47435786,0.409887317,90.6,44.2,54.4,-0.101539225,0.977644389,92.67154542,14970.33333,0,0,0.245870981,0.007133457,0.308444656,0.000540984,0.0540984
28103,42602,"9,914","233,206,000","233,206",1.41397732,0.432417217,90,41.4,51.3,-0.099209711,0.578652062,49.9737513,5474,0,0,0.223301831,0.00399135,0.309126461,0.000275517,0.0275517
28105,32068,"51,203","1,862,002,000","1,862,002",1.473668961,3.419483382,506.9,35.2,48.3,0.831591795,1.72407707,220.0146427,58063.33333,0,0,0.51486804,0.013888808,0.293545421,0.002099115,0.2099115
28107,30596,"32,669","1,056,342,000","1,056,342",1.343475862,1.271986912,212.3,35.3,41.4,-0.043099881,1.015286984,104.3418237,34525.66667,0,0,0.240050666,0.008026163,0.30780937,0.000593052,0.0593052
28109,16972,"57,978","1,035,016,000","1,035,016",1.568312863,0.505274788,90,40.8,62.8,-0.13888329,1.372385871,141.6307855,60984.33333,0,2.67E-06,0.274921572,0.011398332,0.318602619,0.000998388,0.0998388
28111,42752,"11,315","306,460,000","306,460",1.295013352,1.443162118,136.6,60.9,64.6,-0.084458351,0.669018531,83.97861819,7168.333333,0,0,0.344062833,0.004733214,0.310905452,0.000506317,0.0506317
28113,35046,"39,394","1,120,966,000","1,120,966",1.57421289,2.187453862,214,45.1,64.1,0.070808389,1.88786555,228.662462,31986,0,0,0.387589027,0.014226985,0.30369364,0.001674635,0.1674635
28115,36975,"31,535","941,666,000","941,666",1.645061304,0.230275117,87.2,29.9,45.3,-0.137243415,1.225211579,114.2161927,25467.33333,0,0,0.196180703,0.009217731,0.300535339,0.00054347,0.054347
28117,40063,"25,135","590,942,000","590,942",1.538568921,0.494516055,83.9,34.1,41.1,-0.099194157,1.274914636,144.330386,14750.33333,0,0,0.18866859,0.009283092,0.309658648,0.000542345,0.0542345
28119,17672,"5,546","87,960,000","87,960",1.346699838,0.105473731,86.6,38.7,40.1,-0.146354793,0.709391245,68.55653381,4977.333333,0,0,0.16519748,0.004916719,0.299888796,0.000243579,0.0243579
28121,29278,"160,417","7,051,468,000","7,051,468",1.548251739,0.31297579,93.9,40,58.2,-0.120795083,3.453285493,444.1494718,240846.6667,0,0,0.25333133,0.031997668,0.299352754,0.002426557,0.2426557
28123,39114,"27,507","1,102,518,000","1,102,518",1.442381716,2.984509842,223.1,45.2,55.3,0.284974615,1.072915434,123.1420429,28187,0,0,0.381442796,0.008262462,0.317987637,0.001002188,0.1002188
28125,14916,"3,336","75,856,000","75,856",1.166466976,0.302270439,92.7,40,46.8,-0.107600467,0.427501327,82.80647637,5085.666667,0,0,0.175097103,0.002990718,0.298682789,0.00015641,0.015641
28127,27900,"25,715","632,880,000","632,880",1.186558212,3.667674808,533.3,58.9,56.9,0.932911979,1.085728157,104.0617158,22683.66667,0,0,0.602721013,0.008144736,0.310829111,0.001525861,0.1525861
28129,46395,"14,099","395,581,000","395,581",1.471512087,1.426390812,158.7,45.5,58.8,-0.013941431,0.856233218,75.9404661,8526.333333,0,0,0.316183767,0.006059581,0.319038908,0.00061126,0.061126
28131,30310,"18,756","390,371,000","390,371",1.580457529,0.423485728,93.3,47.2,65.8,-0.157413887,0.897386366,83.69369742,12879.33333,0,0,0.299923818,0.006495063,0.297215842,0.000578984,0.0578984
28133,23786,"24,468","608,306,000","608,306",1.402351899,0.223030474,89.2,39.2,41.9,-0.147907952,0.786604439,141.0373372,25574,0,0,0.182332301,0.006227529,0.32297978,0.000366737,0.0366737
28135,43880,"11,837","254,212,000","254,212",1.451198437,2.294415873,291.3,38.1,42.9,0.133442892,0.612423062,69.11438728,5793.333333,0,0,0.335862339,0.004270552,0.298557561,0.000428226,0.0428226
28137,22042,"28,261","512,204,000","512,204",1.291800846,0.248567227,76.3,35.6,38,-0.126773967,1.115588274,111.100026,23238,0,0,0.145748235,0.00838203,0.30664026,0.000374612,0.0374612
28139,45366,"21,287","628,280,000","628,280",1.4711006,0.519113892,81.8,37.9,43.5,-0.104493327,1.086072313,108.46298,13849,0,0,0.197756584,0.007879462,0.308209857,0.000480257,0.0480257
28141,73048,"18,507","594,734,000","594,734",1.491420993,0.044895705,78,38.3,46,-0.14956808,1.307788936,143.2915095,8141.666667,0,0,0.193698754,0.009303,0.301495586,0.000543289,0.0543289
28143,98638,"9,234","528,272,000","528,272",1.347334355,0.307462458,85.8,38,38.6,-0.131122244,0.532331355,41.34067792,5355.666667,0,0,0.164692704,0.003650565,0.308632888,0.000185557,0.0185557
28145,59339,"28,284","1,118,278,000","1,118,278",1.582847532,0.401222705,88.5,32.6,43.3,-0.119323422,1.353101803,139.3547403,18845.66667,0,0,0.195255512,0.009944174,0.304360478,0.000590963,0.0590963
28147,29805,"13,863","259,105,000","259,105",1.644727226,0.684961859,95.3,37.5,60.3,-0.099743743,0.913998731,82.1902899,8693.333333,0,0,0.274938252,0.006476921,0.321484412,0.000572484,0.0572484
28149,53110,"42,298","2,232,602,000","2,232,602",1.37986099,0.359420223,89.7,40.2,52.2,-0.106056207,1.329088982,215.5346184,42037.66667,0,0,0.216710448,0.010640548,0.273302736,0.000630214,0.0630214
28151,25170,"41,946","1,332,733,000","1,332,733",1.290928904,0.390866359,89.4,38.5,42.6,-0.11921785,1.261543528,286.5406767,52949,0,0,0.174749074,0.010642249,0.31420497,0.000584334,0.0584334
28153,43989,"19,703","617,692,000","617,692",1.342588038,0.877768826,98.2,55.9,61,-0.10973949,0.759696153,72.75295769,14042,0,0,0.295658314,0.005556224,0.311519611,0.000511747,0.0511747
28155,40010,"9,988","197,222,000","197,222",1.784626152,0.315712476,97.1,33.1,51,-0.107015749,0.767544323,80.1021527,4929.333333,0,0,0.242691387,0.005339715,0.305677545,0.000396128,0.0396128
28157,27784,"8,058","146,535,000","146,535",1.345267953,0.521907636,84.6,45.3,61.3,-0.11984099,0.573226536,52.71887073,5274,0,0,0.255057274,0.003952489,0.301129639,0.000303572,0.0303572
28159,49841,"17,416","501,584,000","501,584",1.512402767,0.276153394,84.3,38.4,47.9,-0.104725781,0.921627251,93.45922802,10063.66667,0,0,0.210545633,0.006593193,0.298794331,0.000414777,0.0414777
28161,61558,"12,386","309,042,000","309,042",1.51656035,0.324572519,85.9,37.3,46.5,-0.135039141,0.824724771,90.12349773,5020.333333,0,0,0.20597219,0.005757516,0.298635713,0.000354149,0.0354149
28163,32966,"25,796","673,400,000","673,400",1.531951337,0.433757614,95.9,35.3,54.3,-0.093999139,0.669889098,71.51617419,20427.33333,0,0,0.232176514,0.005130255,0.31256467,0.000372304,0.0372304
29001,43993,"25,122","815,522,000","815,522",1.741387843,-0.459790315,55.7,49,30.6,-0.292255122,1.065960192,125.8380024,18537.33333,0,0,0.181567671,0.007918004,0.313066884,0.000450082,0.0450082
29003,34780,"18,127","303,545,000","303,545",1.811387615,0.580100188,94.5,51.4,33.6,-0.207447895,1.026103057,105.9066705,8727.666667,0,0,0.249420565,0.007298974,0.29208678,0.000531748,0.0531748
29005,76837,"5,107","389,385,000","389,385",1.775622998,1.028153386,139.8,54.8,34,-0.167015398,0.585745527,63.59961593,5067.666667,0,0,0.288864837,0.004052773,0.28776782,0.000336891,0.0336891
29007,70095,"24,394","837,423,000","837,423",1.804387469,0.758943966,106.9,48.8,31.7,-0.127415557,0.993691124,112.8439755,11947,0,0,0.246237006,0.00718728,0.307613847,0.000544407,0.0544407
29009,47055,"35,265","1,660,207,000","1,660,207",1.530249342,0.454946884,106.5,46.9,32.5,-0.139352995,1.379820628,152.7247725,35282.33333,0,0,0.201774009,0.010666886,0.328934391,0.000707966,0.0707966
29011,75718,"11,731","384,418,000","384,418",1.70658226,1.213076382,131,45,31.9,-0.107029826,0.847652427,82.52399613,5077,0,0,0.249183114,0.005904443,0.316555432,0.000465744,0.0465744
29013,65470,"16,242","427,801,000","427,801",1.665090884,0.233653825,86.4,49.2,32.9,-0.199352325,0.820252998,82.52878613,6534.333333,0,0,0.210666314,0.005759866,0.31037814,0.000376616,0.0376616
29015,32095,"20,552","418,988,000","418,988",1.540274722,-1.416199139,39.5,55.2,33.5,-0.270187237,1.291997226,117.6116461,13054.66667,0,0,0.153035735,0.009299854,0.310608985,0.000442062,0.0442062
29017,35708,"10,544","185,172,000","185,172",1.574481545,-0.890969527,46.3,48.1,35.4,-0.190458115,0.765823493,59.93175783,5185.666667,0,0,0.160539015,0.005298922,0.309919876,0.000263644,0.0263644
29019,41544,"189,463","9,936,865,000","9,936,865",1.736680651,0.124175449,88.4,48.2,29,-0.20525265,3.675337285,545.1143942,239186.3333,0,0,0.202255771,0.033670669,0.300987382,0.00204975,0.204975
29021,67774,"82,956","4,852,606,000","4,852,606",1.83946355,0.774509039,120.9,52.1,34.6,-0.188714223,2.838245137,431.1750268,71600,0,0,0.272930646,0.022425859,0.295652641,0.001809602,0.1809602
29023,53105,"41,948","1,478,074,000","1,478,074",1.663074202,0.228116815,81.8,44.5,35.2,-0.112614909,1.370267414,183.4133475,27833,0,0,0.203831688,0.010424219,0.291346068,0.000619048,0.0619048
29025,40235,"8,955","213,527,000","213,527",1.708626308,0.563361319,162.4,52.2,31.8,-0.26531771,0.967616715,104.0985174,5307,0,0,0.257241132,0.006783212,0.302993485,0.0005287,0.05287
29027,42644,"44,731","1,795,547,000","1,795,547",1.68030758,0.147731017,91.5,47.3,29.6,-0.19068144,1.131134608,116.3246785,42105.66667,0,0,0.197019525,0.009088221,0.318161278,0.000569686,0.0569686
29029,25905,"44,044","1,624,353,000","1,624,353",1.813740318,1.214592296,153.3,48.1,33.8,-0.081916448,3.272999766,316.0370216,62704.33333,0,0,0.28328684,0.024953688,0.291883392,0.002063339,0.2063339
29031,51892,"82,984","4,097,673,000","4,097,673",1.803628461,0.117023126,88.6,46.8,36.5,-0.124308657,2.025171547,271.0466974,78965,0,0,0.228292261,0.016722969,0.296812891,0.00113315,0.113315
29033,60969,"8,391","324,212,000","324,212",1.814589359,0.288663604,94.9,49.1,31.4,-0.215390731,0.707914316,77.99633794,5317.666667,0,0,0.227619353,0.004934343,0.301060114,0.000338136,0.0338136
29035,23263,"5,303","121,137,000","121,137",1.331239985,0.716369403,113.6,49.5,33,-0.064137833,0.674904923,69.0640831,5207.333333,0,0,0.197508383,0.004685599,0.2930962,0.000271244,0.0271244
29037,19346,"111,732","2,910,435,000","2,910,435",1.575325347,0.123631139,76.7,51.7,30.8,-0.236967011,2.688721493,344.5304185,150437.3333,0,0,0.194167585,0.0236906,0.320269571,0.001473223,0.1473223
29039,53004,"14,672","299,419,000","299,419",1.611658383,0.709241834,117.1,49.2,32.6,-0.160581243,0.977376014,97.77256208,5649,0,0,0.228970296,0.006850025,0.311850687,0.000489123,0.0489123
29041,55453,"7,399","253,716,000","253,716",1.709773813,0.300279321,88.1,49.6,28.6,-0.215059026,0.649224773,65.54428095,4575.333333,0,0,0.206911878,0.004481306,0.305368158,0.000283148,0.0283148
29043,10823,"94,422","1,926,203,000","1,926,203",1.58254738,-0.68302132,49.9,50,30.9,-0.22095898,3.579839194,552.0910987,177979,0,0,0.159432388,0.031110868,0.322466336,0.001599459,0.1599459
29045,31895,"6,641","148,321,000","148,321",1.739554552,0.98734647,127.8,54,30.5,-0.143446577,0.753338055,71.85638052,4650.333333,0,0,0.263821573,0.005217395,0.299365155,0.000412065,0.0412065
29047,44630,"259,772","13,971,675,000","13,971,675",1.903626362,1.943074368,206.5,51.5,32.1,-0.002657253,7.412244543,1222.588357,313056.6667,0,0,0.34967607,0.063136064,0.307612308,0.006791209,0.6791209
29049,34105,"21,548","404,845,000","404,845",1.742749802,0.173751326,94.7,55.8,33.8,-0.240935865,1.255091956,133.2082293,11870.66667,0,0,0.239848691,0.009035397,0.297749938,0.000645262,0.0645262
29051,65637,"77,278","5,367,545,000","5,367,545",1.683259226,-0.981967733,42.3,50.6,28.7,-0.250940376,2.754393356,366.9446505,81776.33333,0,0,0.155637657,0.022044406,0.284399504,0.000975758,0.0975758
29053,60129,"16,947","453,550,000","453,550",1.767832914,0.419162021,99.1,48.4,30.6,-0.187499681,0.876828178,84.40920334,7543,0,0,0.223694148,0.006187231,0.303253209,0.000419717,0.0419717
29055,42376,"22,719","662,386,000","662,386",1.443678036,-0.847534383,42.3,54.2,34.4,-0.208884024,1.007740876,104.6597658,15631.33333,0,0,0.157451391,0.007384763,0.303120539,0.000352451,0.0352451
29057,37812,"7,716","188,204,000","188,204",1.733584041,0.24771061,100,43.8,31.5,-0.195366531,0.833471913,77.21381651,4977.333333,0,0,0.205640144,0.005793263,0.298944381,0.000356141,0.0356141
29059,30403,"17,768","271,623,000","271,623",1.757323993,1.163304184,166.9,46.4,32.3,-0.082417081,0.894773617,80.3347423,8934,0,0,0.27164914,0.00634768,0.319086357,0.000550214,0.0550214
29061,30720,"8,551","145,140,000","145,140",1.865762083,-0.059831424,104.1,49.1,31,-0.302819321,0.758509157,71.83009271,4724.666667,0,0,0.224152038,0.005255538,0.308418398,0.000363329,0.0363329
29063,53968,"9,899","314,400,000","314,400",1.818694189,-0.716257983,61.2,49.7,31.1,-0.296004246,0.831753184,76.86786033,5825.666667,0,0,0.187971728,0.005807182,0.326505898,0.000356409,0.0356409
29065,67801,"14,647","330,170,000","330,170",2.022574283,0.671553353,100.7,40.8,33.1,-0.093732129,0.795936142,75.09152919,4869.666667,0,0,0.249727916,0.005525646,0.306325678,0.000422701,0.0422701
29067,42587,"12,228","219,452,000","219,452",1.736930471,0.83608873,92.5,46.7,34.8,-0.078182508,0.71972141,56.47264646,5153,0,0,0.239307251,0.00497178,0.326220298,0.000388131,0.0388131
29069,47326,"27,032","747,634,000","747,634",1.603945481,0.285477422,94.7,45.8,38,-0.10438488,1.420050505,217.4437311,15797.66667,0,0,0.21443374,0.010456149,0.298590043,0.000669484,0.0669484
29071,39017,"106,404","4,821,634,000","4,821,634",1.734631634,-0.190904691,76.6,45.2,30.6,-0.182664312,2.065507135,250.125257,123579.3333,0,0,0.185726255,0.018356821,0.314887785,0.001073561,0.1073561
29073,69033,"14,705","436,958,000","436,958",1.773985746,-0.009633416,75.2,43.5,31.1,-0.170356877,1.033445227,102.9565948,6329.666667,0,0,0.192620056,0.007269681,0.297490101,0.000416571,0.0416571
29075,38157,"6,287","183,002,000","183,002",1.923240997,-0.038259928,87.6,46.8,33.6,-0.275258566,0.712179098,69.88480708,4796,0,0,0.228291296,0.004932826,0.288696472,0.000325107,0.0325107
29077,54160,"304,611","18,315,179,000","18,315,179",1.778433257,0.169131987,81.7,44.5,32.3,-0.172231549,5.43659616,842.4957836,338170,0,0,0.206701412,0.049520558,0.337184159,0.003451407,0.3451407
29079,60167,"9,815","284,428,000","284,428",1.787745256,-1.119330837,40.5,50.9,31.9,-0.314193511,0.878797568,104.3009179,4727.333333,0,0,0.172583229,0.00614937,0.30272822,0.000321279,0.0321279
29081,43230,"8,220","231,470,000","231,470",1.888989021,-0.648579837,73.9,47.2,32.9,-0.324582485,0.654049026,60.16964212,5354.333333,0,0,0.200502648,0.004529261,0.311854374,0.000283204,0.0283204
29083,63088,"22,485","742,921,000","742,921",1.682167338,0.186869676,79.6,52.1,32.4,-0.203787477,1.002050186,111.4319073,11776,0,0,0.214946615,0.007237349,0.306455911,0.000476736,0.0476736
29085,28629,"8,718","152,315,000","152,315",1.72306591,-0.595802054,56.7,49.5,33.4,-0.2483897,1.248846545,106.9554914,5320.333333,0,0,0.18588578,0.008739689,0.315549464,0.000512637,0.0512637
29087,38523,"4,248","193,448,000","193,448",1.685069988,0.184778657,87.2,56,33.4,-0.262741054,0.588829473,65.6202373,5021.666667,0,0,0.230742614,0.004076422,0.288805363,0.000271652,0.0271652
29089,45993,"10,101","221,457,000","221,457",1.706859912,-1.224821831,36.1,49.6,29.8,-0.269388258,0.779324774,77.16598997,4815,0,0,0.150901861,0.0054125,0.292105175,0.000238579,0.0238579
29091,39866,"40,735","1,258,598,000","1,258,598",1.449852452,1.142434812,187.9,47.8,32.9,-0.035474227,1.129255942,123.5493203,31570.33333,0,0,0.248549645,0.008759614,0.328132217,0.000714409,0.0714409
29093,72295,"9,440","352,367,000","352,367",2.005370821,-0.215406305,89.9,40,35.1,-0.183974237,0.797313514,91.0262868,4874,0,0,0.220411682,0.005564452,0.287098161,0.000352117,0.0352117
29095,60627,"718,560","49,964,326,000","49,964,326",1.803356326,0.178525012,85.7,49.7,30.5,-0.236333152,12.69063982,2600.807997,824122.3333,0,0,0.218855553,0.118218425,0.317814038,0.008222726,0.8222726
29097,42328,"125,056","5,502,078,000","5,502,078",1.88289435,0.418416723,95.3,42.5,32.5,-0.183204843,3.065932711,439.8727033,129988,0,0,0.226174818,0.025843293,0.325220071,0.001900944,0.1900944
29099,15312,"231,230","5,226,323,000","5,226,323",1.597098318,0.097673761,92.3,50.7,31,-0.145478863,5.457454331,754.1428935,341319,0,0,0.198935163,0.04960208,0.311471674,0.003073477,0.3073477
29101,32270,"54,962","1,891,428,000","1,891,428",1.72741906,0.552347836,110.7,52.2,31.4,-0.211004924,1.427574209,140.5522241,58613,0,0,0.239381595,0.011703982,0.32897795,0.000921703,0.0921703
29103,25063,"3,723","109,826,000","109,826",1.703721256,0.529142154,154.2,51,30.6,-0.252824329,0.646007299,49.70565323,4382,0,0,0.245814828,0.004424013,0.298450263,0.000324561,0.0324561
29105,45886,"36,680","1,377,617,000","1,377,617",1.719513317,0.227210773,86.5,47.3,33.3,-0.162928484,1.088985029,109.0115556,30022.66667,0,0,0.213275625,0.008405401,0.319768337,0.000573238,0.0573238
29107,38330,"33,196","851,202,000","851,202",1.738498321,0.305025287,148.4,49.1,28.9,-0.281162163,1.283373908,148.8957378,22207,0,0,0.229895209,0.009582814,0.303368687,0.000668334,0.0668334
29109,34735,"38,872","967,551,000","967,551",1.787548791,-0.165457367,56.2,42,31.4,-0.181627464,1.463861178,162.1052779,27855.33333,0,0,0.180945954,0.011035225,0.333176159,0.000665279,0.0665279
29111,44406,"9,818","230,497,000","230,497",1.78070465,-0.286241674,56.3,49.4,29.9,-0.237719639,0.851642381,82.64486049,5190.666667,0,0,0.190535933,0.005935889,0.309033327,0.000349517,0.0349517
29113,14126,"64,699","1,264,990,000","1,264,990",1.716239079,0.135631142,87.3,48.3,30.6,-0.157272277,2.027241068,238.8543962,89548.33333,0,0,0.204976346,0.017008778,0.319229152,0.00111296,0.111296
29115,77227,"11,791","384,052,000","384,052",2.153902541,0.45419963,95.8,46.5,33.1,-0.211123215,0.865931201,94.9090572,4973,0,0,0.270817061,0.006050624,0.309830343,0.000507692,0.0507692
29117,110908,"14,557","552,579,000","552,579",1.87828884,-0.146540135,78.5,49.4,32.5,-0.267610509,0.818012708,97.88932973,4982.333333,0,0,0.220274539,0.005723959,0.294675803,0.00037154,0.037154
29119,39493,"23,903","851,075,000","851,075",1.443000551,1.142515762,163.3,46.4,30.9,-0.076392044,1.115434628,109.4571084,21550,0,0,0.229752712,0.008325285,0.320495473,0.00061303,0.061303
29121,113847,"15,161","570,450,000","570,450",1.791648795,-0.150598957,86.9,48.7,32.9,-0.253385274,0.823617605,82.53163972,5010.666667,0,0,0.212370682,0.005735662,0.311864078,0.000379877,0.0379877
29123,52126,"12,698","265,790,000","265,790",1.545570059,1.083173236,223.6,45.6,33.8,-0.010798873,0.814500879,77.8317103,5099,0,0,0.268596521,0.00566659,0.29924185,0.000455454,0.0455454
29125,34158,"8,430","171,065,000","171,065",1.581424914,-0.066339835,71.6,45.8,30.1,-0.183479212,0.707808736,54.55458075,5008,0,0,0.17063088,0.004881114,0.301892775,0.000251437,0.0251437
29127,77238,"28,336","1,193,951,000","1,193,951",1.889044086,0.265132466,86.5,47.8,31.5,-0.194687718,1.273597827,166.9837079,15458,0,0,0.229915042,0.009337433,0.296141757,0.000635762,0.0635762
29129,21691,"3,469","79,127,000","79,127",1.797985333,-1.582808925,33.5,49.1,31.8,-0.338580891,0.589667894,42.6258154,3648,0,0,0.154350649,0.003997355,0.317303345,0.000195774,0.0195774
29131,36302,"25,590","691,979,000","691,979",1.701663509,-0.982922047,42.6,47.2,31.7,-0.245976029,1.239223888,117.7030728,19061.66667,0,0,0.158051093,0.009121402,0.319438547,0.000460518,0.0460518
29133,69722,"11,822","332,666,000","332,666",1.627611964,0.490146606,92.6,49.6,37.4,-0.085873704,0.836221936,139.4969654,4771.333333,0,0,0.230332342,0.005919714,0.303159819,0.000413359,0.0413359
29135,58634,"15,256","468,932,000","468,932",2.082132628,1.218770286,168.3,43.5,33,-0.106883181,0.996653348,102.5694541,7997.666667,0,0,0.307114118,0.007065808,0.308198663,0.000668794,0.0668794
29137,34634,"8,698","177,221,000","177,221",1.842668486,0.022306,78.8,47.8,32.3,-0.220529574,0.700724033,59.80736947,5117,0,0,0.216915087,0.004844968,0.317057656,0.000333211,0.0333211
29139,67155,"11,459","342,824,000","342,824",1.914087313,-0.021662272,75.4,42.6,31.3,-0.182096581,0.913517507,87.42557169,5105,0,0,0.206643402,0.006371167,0.296877366,0.000390857,0.0390857
29141,36753,"21,970","573,602,000","573,602",1.717273792,0.69962113,106,46.3,31.1,-0.146966162,1.546816566,136.7053083,15607,0,0,0.225517913,0.011182028,0.311338936,0.000785118,0.0785118
29143,204980,"15,424","1,081,272,000","1,081,272",1.631837198,0.288847984,98.1,48.1,36.1,-0.10554925,0.817177572,125.94976,5275,0,0,0.218937023,0.005778571,0.305783781,0.00038686,0.038686
29145,41954,"60,677","2,221,762,000","2,221,762",1.64592893,0.292879933,110.2,44.8,32.1,-0.192620258,1.823157998,213.7087013,52957.33333,0,0,0.204747045,0.014405249,0.314240874,0.000926832,0.0926832
29147,53242,"20,695","726,138,000","726,138",1.722928779,-0.776061137,49,51.8,34,-0.310864947,0.8253229,88.22925538,13638.33333,0,0,0.185337861,0.006027145,0.321528871,0.000359166,0.0359166
29149,39045,"8,720","194,810,000","194,810",1.319355725,0.524785543,101.3,50.5,34.1,-0.085316591,0.615871378,59.57671544,4989.333333,0,0,0.192020761,0.004251955,0.307991679,0.000251464,0.0251464
29151,78988,"13,468","418,767,000","418,767",1.663801708,-0.074287053,78.5,46.5,30.4,-0.193705067,0.808653842,63.40545555,5301.666667,0,0,0.184586094,0.005605995,0.303018191,0.00031356,0.031356
29153,27226,"8,970","142,828,000","142,828",1.731381328,0.223879446,82.5,48.7,34.8,-0.142075019,0.744756766,54.22909487,5246,0,0,0.221245871,0.005144249,0.317025741,0.000360821,0.0360821
29155,56510,"14,613","409,301,000","409,301",1.635267752,2.764898352,407.5,43.8,37.1,0.561723637,0.977123188,160.3576227,7243,0,0,0.444268421,0.00701237,0.290240117,0.000904207,0.0904207
29157,116008,"18,950","938,043,000","938,043",1.520517914,0.013632732,73.8,52.5,33.3,-0.128762958,0.93154281,101.0137312,8086,0,0,0.193087406,0.006614062,0.305373742,0.00038999,0.038999
29159,52996,"43,530","1,843,954,000","1,843,954",1.639445095,-0.620594315,54.4,51.4,31.6,-0.249356337,1.328715168,163.1397986,34794,0,0,0.174696472,0.010316167,0.318469037,0.000573944,0.0573944
29161,36942,"45,284","1,561,750,000","1,561,750",1.629273461,0.583146667,135.8,47.2,31.9,-0.139482612,1.319518188,166.1180296,42276,0,0,0.226378898,0.010491302,0.299111187,0.000710392,0.0710392
29163,60951,"17,935","506,623,000","506,623",1.674635441,-0.362212289,63.5,50.7,30.5,-0.219290756,0.890954613,89.61258872,8312,0,0,0.183241328,0.00631873,0.309732324,0.000358624,0.0358624
29165,51208,"111,940","7,461,335,000","7,461,335",1.77107412,0.295693139,91.8,52,32.6,-0.23394721,3.940991665,542.4335054,145706.6667,0,0,0.233083077,0.032591349,0.285722113,0.002170486,0.2170486
29167,25095,"32,780","839,932,000","839,932",1.644385177,0.345548294,84.9,47.5,33.2,-0.172808092,1.289397064,131.0812862,33470.66667,0,0,0.208099928,0.00994355,0.325596396,0.000673741,0.0673741
29169,53862,"53,812","2,142,723,000","2,142,723",1.775077684,0.187398599,77.4,48.8,32.7,-0.156337887,1.631916319,174.4632278,39782,0,0,0.217462855,0.012595769,0.26613495,0.000728973,0.0728973
29171,20179,"4,638","96,532,000","96,532",1.625340748,-0.00756356,81.6,51.5,30.9,-0.269986948,0.638024847,53.4729693,4783.666667,0,0,0.197146642,0.004388059,0.301529592,0.000260851,0.0260851
29173,120438,"10,489","650,285,000","650,285",1.921829576,-0.087529583,87.8,47.1,33.1,-0.232585481,0.825760609,70.38937712,5399.333333,0,0,0.225933093,0.005740471,0.285752446,0.00037061,0.037061
29175,104711,"24,109","1,282,147,000","1,282,147",1.870652766,0.111057403,73.5,47.2,29.3,-0.215613462,1.211190275,143.8202188,12244.66667,0,0,0.210837887,0.008761921,0.298770567,0.000551932,0.0551932
29177,35547,"23,182","469,724,000","469,724",1.762576417,-0.028753756,123.9,50,31.2,-0.302411722,1.035482577,117.4627591,13214,0,0,0.222400107,0.007525158,0.304999561,0.000510446,0.0510446
29179,41999,"5,950","203,554,000","203,554",1.662729734,0.215994518,82.9,43.8,32.9,-0.128750163,0.601248746,49.95263892,4846.666667,0,0,0.195277871,0.004128483,0.303814117,0.000244935,0.0244935
29181,38093,"10,806","211,822,000","211,822",1.46038696,2.431258211,449.7,46.8,36,0.52663289,0.807457262,87.8118639,5560.666667,0,0,0.437224623,0.005650372,0.305074065,0.00075368,0.075368
29183,24121,"416,659","19,428,800,000","19,428,800",1.568235821,0.090819384,85.9,50.9,29.3,-0.158199006,9.468930339,1993.077454,805479,0,0,0.188890014,0.094177767,0.310852358,0.005529827,0.5529827
29185,31463,"9,752","162,959,000","162,959",1.754468191,0.380041133,100,48.1,31.9,-0.183307917,0.830775071,69.13357523,5179.333333,0,0,0.224133001,0.005766095,0.313397587,0.000405026,0.0405026
29186,76519,"18,642","650,945,000","650,945",1.693048255,0.055404,85.3,47.3,33.4,-0.149603064,0.922340203,90.34097583,8507,0,0,0.204897508,0.006543862,0.291739626,0.000391171,0.0391171
29187,26883,"67,058","1,750,515,000","1,750,515",1.81349855,-0.68281572,58.3,41.4,31.9,-0.219126751,2.597810502,347.5364101,65116.33333,0,0,0.169002402,0.020402848,0.30915464,0.001066006,0.1066006
29189,73847,"987,059","88,661,082,000","88,661,082",1.73062531,0.135626419,97.7,48.3,30.6,-0.153103564,19.29064182,4487.163919,1200611.333,0,0,0.209875165,0.179197263,0.275885175,0.010375781,1.0375781
29195,88207,"23,049","920,474,000","920,474",1.748052655,0.192757605,85.5,49.1,30.6,-0.220098221,0.886456656,101.977941,10435.33333,0,0,0.21174885,0.006376385,0.297874611,0.000402188,0.0402188
29197,23793,"4,053","111,011,000","111,011",1.742377237,-0.205322842,65.9,48.8,31.5,-0.271751808,0.77224815,68.38704794,4665.666667,0,0,0.194521259,0.00534271,0.308578795,0.000320697,0.0320697
29199,28600,"4,676","138,374,000","138,374",1.663259973,-0.315439514,76.2,54.1,31.2,-0.282138313,0.666681713,57.59502961,4838.333333,0,0,0.197629381,0.004596084,0.305594432,0.000277578,0.0277578
29201,60192,"37,889","1,665,784,000","1,665,784",1.624355981,-0.326160571,60.8,49,36.7,-0.16265892,1.780664648,274.1229066,27674.66667,0,0,0.192321242,0.013431873,0.295447451,0.00076321,0.076321
29203,27459,"7,238","133,416,000","133,416",1.460531401,0.169742694,87.5,46.3,32.8,-0.150107994,0.522740188,63.5655352,4858.666667,0,0,0.178223016,0.003609132,0.319166773,0.000205298,0.0205298
29205,33504,"5,931","166,580,000","166,580",1.822772759,0.26876605,86.9,50.1,32.6,-0.21389888,0.762036962,65.29049564,4972,0,0,0.231569031,0.005275779,0.297799428,0.000363824,0.0363824
29207,78312,"28,397","1,161,779,000","1,161,779",1.791474145,0.339140831,98.7,44.4,37.6,-0.10541749,1.058734231,131.6489356,14835.33333,0,0,0.234037202,0.007762968,0.310454271,0.000564041,0.0564041
29209,17679,"32,658","766,437,000","766,437",1.561521581,0.656230015,102.1,50.6,32.4,-0.105866135,2.811612789,240.5860386,43352.66667,0,0,0.21950767,0.021011359,0.300969839,0.001388119,0.1388119
29211,78025,"5,797","382,349,000","382,349",1.769239903,-0.551829064,59,48.8,32.2,-0.286787017,0.649108819,48.6951707,4900.333333,0,0,0.187486417,0.004459857,0.311130995,0.000260156,0.0260156
29213,35268,"56,775","2,716,742,000","2,716,742",1.618854404,-0.268592093,74.6,49.3,34.4,-0.19135323,2.221873862,291.3482723,77031,0,0,0.191343722,0.018064198,0.302337198,0.00104502,0.104502
29215,48853,"25,619","503,263,000","503,263",1.614912445,0.342956105,83.9,45.3,32.3,-0.139287373,0.758478331,64.55402109,10301.66667,0,0,0.196172178,0.00541607,0.329849443,0.000350459,0.0350459
29217,78858,"19,710","778,907,000","778,907",1.662129302,0.247113698,89,50.5,32.9,-0.198150102,0.872438631,97.61897133,9877.333333,0,0,0.214853452,0.006253766,0.317302471,0.000426341,0.0426341
29219,21867,"37,806","871,825,000","871,825",1.850207979,0.003869951,82.1,43.5,30.9,-0.173948992,1.651985811,173.7423562,39870.33333,0,0,0.203302908,0.012736427,0.298196868,0.000772137,0.0772137
29221,22019,"23,534","405,056,000","405,056",1.732423738,-0.076116816,56.3,48.3,32.9,-0.147242456,0.924309452,102.8957894,18396,0,0,0.197435333,0.006889068,0.312170928,0.000424598,0.0424598
29223,39471,"10,811","210,024,000","210,024",1.516973506,0.358056557,93.3,47.4,34.5,-0.102655789,0.821353016,80.26236634,5321,0,0,0.199933661,0.005725491,0.305363226,0.000349555,0.0349555
29225,23446,"41,472","879,536,000","879,536",1.812539714,-0.438922348,56.5,43,31.5,-0.200474261,1.266273538,128.5817611,37513.66667,0,0,0.178606629,0.009904749,0.333329621,0.000589678,0.0589678
29227,17147,"1,907","36,878,000","36,878",2.170119075,0.191032165,77,43.4,35.9,-0.260019827,0.63693273,54.41093749,2150.666667,0,0,0.258839455,0.004300029,0.29869603,0.000332454,0.0332454
29229,50412,"19,403","429,003,000","429,003",1.584826503,0.152221815,81.8,48,32.3,-0.152405328,0.868802968,79.94083239,8510,0,0,0.192861887,0.006153574,0.32998635,0.000391624,0.0391624
29510,84279,"281,754","30,737,561,000","30,737,561",1.889846989,0.014969426,96.9,46.5,31.7,-0.169740754,43.48574266,17466.02628,364714,0,0,0.222732505,0.344663324,0.307001139,0.023567779,2.3567779
30001,82929,"9,885","433,196,000","433,196",2.582208912,-1.910434379,1.3,53.8,38.5,-0.284451801,0.118506158,22.77036387,5223.666667,0,0,0.251554446,0.000741883,0.271473647,5.07E-05,0.00507
30003,91803,"12,751","856,281,000","856,281",1.826258312,0.249667668,82.5,71,32.3,-0.174885713,0.133682486,20.87146155,9327.333333,0,0,0.28679503,0.000971752,0.312405241,8.71E-05,0.00871
30005,33357,"6,899","176,934,000","176,934",1.785319927,0.181790537,88.5,58.9,26.9,-0.226585597,0.126572459,13.49391359,5304.333333,0,0,0.233764381,0.000783405,0.30220801,5.53E-05,0.00553
30007,42421,"8,032","185,435,000","185,435",1.635425741,0.145611588,72.9,73.7,36.2,-0.222500023,0.187006488,18.13267474,4371.333333,0,0,0.275243419,0.001181985,0.290459052,9.45E-05,0.00945
30009,76004,"11,419","397,474,000","397,474",1.802362414,0.19895771,88,75.1,35,-0.14427358,0.228037498,26.60022347,5229.666667,0,0,0.301056223,0.001508867,0.277231836,0.000125934,0.0125934
30011,23466,"1,418","31,507,000","31,507",1.698324253,-2.058563972,10.9,61.4,29,-0.353615528,0.071048602,4.680812531,1342.666667,0,0,0.140346559,0.000258511,0.283322449,1.03E-05,0.00103
30013,62968,"84,900","3,857,222,000","3,857,222",1.878180536,0.170007145,78.9,58.6,30.2,-0.22324004,0.497675955,77.95845915,61257.33333,0,0,0.249587214,0.005221596,0.29610619,0.000385899,0.0385899
30015,60926,"5,847","307,516,000","307,516",1.710658201,0.192815908,82.8,62.3,27.9,-0.215915817,0.076066794,4.967645034,5047.333333,0,0,0.235416109,0.000409457,0.290001383,2.80E-05,0.0028
30017,90638,"11,985","482,978,000","482,978",1.678241623,0.08998333,77.3,64.9,26.5,-0.233621015,0.08597503,44.26526133,5328.666667,0,0,0.227155145,0.000558773,0.276717118,3.51E-05,0.00351
30019,63832,"1,633","104,471,000","104,471",2.420287989,-2.255575271,11.3,48.8,30.6,-0.371197756,0.104025913,8.002970105,1636.666667,0,0,0.191003803,0.000502514,0.269136747,2.58E-05,0.00258
30021,79501,"8,810","397,851,000","397,851",1.517927245,-2.180828742,15.9,63.6,26.4,-0.379348247,0.093221835,17.76863706,5004.333333,0,0,0.115046756,0.000550507,0.275503442,1.74E-05,0.00174
30023,61731,"9,673","305,361,000","305,361",2.631609221,-1.255748528,6.1,53.9,35.4,-0.234815698,0.326687585,67.45897135,4946.666667,0,0,0.268529431,0.00225901,0.255651207,0.000155081,0.0155081
30025,57809,"2,994","154,580,000","154,580",1.579359162,0.23729555,95.2,64.2,26,-0.22096203,0.071550752,8.463286902,2674,0,0,0.225915948,0.000310453,0.250511249,1.76E-05,0.00176
30027,94773,"11,772","480,056,000","480,056",1.857837019,0.055099558,118.1,62.6,28,-0.363347018,0.104878324,11.8216404,5065.333333,0,0,0.257721609,0.000622403,0.280434232,4.50E-05,0.0045
30029,64493,"113,679","4,887,979,000","4,887,979",1.889376969,0.184177868,93.4,78.9,36.1,-0.244442417,0.367694026,150.0228645,75790.33333,0,0,0.323378257,0.004905142,0.295195766,0.000468244,0.0468244
30031,81573,"126,409","8,002,992,000","8,002,992",1.833695924,0.142490595,67.3,69.2,38.3,-0.092487798,0.618931374,148.3010914,98108,0,0,0.290176574,0.007341251,0.299809319,0.000638671,0.0638671
30033,33450,"1,211","39,304,000","39,304",1.557702791,-0.498943398,42.8,66.5,26.4,-0.298010782,0.043993475,3.858265147,1175,0,0,0.182536839,6.41E-05,0.289312551,3.39E-06,0.000339
30035,50287,"13,609","448,496,000","448,496",1.704484059,0.240346345,93,55,31.2,-0.080994499,0.191297404,34.55372531,8918.666667,0,0,0.230389901,0.001383663,0.295359598,9.42E-05,0.00942
30037,18117,835,"23,099,000","23,099",1.691971459,0.168875402,70.1,61.5,30.2,-0.207830873,0.047975398,7.714239637,1275,0,0,0.232618477,0.000101888,0.283933009,6.73E-06,0.000673
30039,37411,"3,595","109,376,000","109,376",2.173185654,-0.942033435,7.5,73.1,31.9,-0.20876786,0.159040335,21.79466552,2923.666667,0,0,0.264621355,0.000949503,0.261133667,6.56E-05,0.00656
30041,87527,"16,276","794,281,000","794,281",1.900864712,-0.019283151,73.2,59,27.2,-0.28714741,0.136242545,28.45909743,9074.666667,0,0,0.233261509,0.00099549,0.279857505,6.50E-05,0.0065
30043,47787,"13,048","261,476,000","261,476",2.297963487,-0.110827396,64.9,59.8,39.3,-0.213091589,0.255222919,28.6162388,5471.666667,0,0,0.309370749,0.001708683,0.274068877,0.000144877,0.0144877
30045,44183,"2,093","90,723,000","90,723",1.784603384,0.154229646,73.2,62.3,29.3,-0.223464685,0.154800263,5.399413043,2053.333333,0,0,0.24288946,0.000862972,0.287344309,6.02E-05,0.00602
30047,44181,"33,338","964,311,000","964,311",1.826408581,0.146566082,67.8,105.2,34,-0.156146918,0.561232343,55.1190843,21826.33333,0,0,0.367150806,0.004390221,0.305011758,0.00049164,0.049164
30049,75561,"75,011","3,904,891,000","3,904,891",2.284230758,0.172050749,74.4,57.4,35.2,-0.065588786,0.348576867,111.3785498,51678.33333,0,0,0.30651509,0.003949456,0.264067436,0.000319672,0.0319672
30051,127803,"1,974","232,602,000","232,602",1.915030029,0.160976524,84.1,59.9,28.8,-0.239691635,0.077669387,7.687949095,1820,0,0,0.254823338,0.000324829,0.273081524,2.26E-05,0.00226
30053,88839,"21,895","604,967,000","604,967",2.593992246,-0.057785115,60.7,84.6,39.4,-0.277401852,0.236645345,77.00184806,6809.666667,0,0,0.408012035,0.001709979,0.28530658,0.000199056,0.0199056
30055,52865,"1,676","89,836,000","89,836",1.726908361,-0.148053427,73.1,61.7,26.2,-0.332173499,0.055994692,3.910903566,1699.333333,0,0,0.210973735,0.000163809,0.304547653,1.05E-05,0.00105
30057,109169,"9,521","562,332,000","562,332",2.545563035,0.22582418,68.2,62.3,38.5,-0.086669653,0.150725407,19.59997925,5151,0,0,0.359778325,0.000957322,0.272666548,9.39E-05,0.00939
30059,28890,"2,071","57,973,000","57,973",2.006118181,-1.656812604,2.6,63.4,37.2,-0.280110623,0.126678087,10.40779284,2006.666667,0,0,0.214666683,0.000675589,0.27141206,3.94E-05,0.00394
30061,27581,"5,090","114,132,000","114,132",2.072710321,-0.834405434,5.3,114.9,36.8,-0.246358683,0.242226525,47.77498679,4138,0,0,0.378574822,0.001611917,0.285469214,0.000174202,0.0174202
30063,68502,"121,849","6,517,231,000","6,517,231",2.149026677,0.172473347,74.2,90.4,36.7,-0.208625149,0.606453601,182.0185944,95139.66667,0,0,0.378021056,0.00722367,0.296951906,0.000810886,0.0810886
30065,75055,"5,308","337,121,000","337,121",2.194847295,-2.103453787,11.5,56.3,31.2,-0.357448588,0.130045285,11.81444691,4491.666667,0,0,0.18972203,0.000779066,0.29970334,4.43E-05,0.00443
30067,128129,"17,903","701,633,000","701,633",1.87764761,0.741454061,99.1,69.4,35.6,0.083302671,0.202741451,32.97882992,5476,0,0,0.329579227,0.001352736,0.279384604,0.000124559,0.0124559
30069,23723,554,"11,482,000","11,482",1.239670044,0.227782175,89.7,73.7,25.2,-0.224762083,0.045818102,5.113370172,484,0,0,0.206416866,5.75E-05,0.299014037,3.55E-06,0.000355
30071,31962,"4,249","132,111,000","132,111",1.390194417,0.186137918,86.1,64.6,26.7,-0.229283839,0.098808356,12.76567969,4133.333333,0,0,0.202002161,0.000552937,0.28222062,3.15E-05,0.00315
30073,48072,"6,125","253,852,000","253,852",1.415930817,0.19212945,92.4,66.7,29.2,-0.158677368,0.158927433,14.49287235,5280.666667,0,0,0.219733482,0.001008932,0.283021722,6.27E-05,0.00627
30075,68038,"1,743","112,785,000","112,785",1.589469833,0.139246818,71.8,66.6,24.8,-0.21556034,0.067707328,5.019375515,1657.666667,0,0,0.217001472,0.000245782,0.298174457,1.59E-05,0.00159
30077,43808,"7,133","218,877,000","218,877",2.483485206,0.213446463,73.3,65,38,-0.14141722,0.127970479,25.4839936,4996.333333,0,0,0.35834365,0.000805399,0.290273136,8.38E-05,0.00838
30079,45057,"1,112","37,187,000","37,187",1.497325763,0.26838836,97.5,67.5,26.9,-0.232382558,0.092663133,9.653120735,825.3333333,0,0,0.230653087,0.000401388,0.280934873,2.60E-05,0.0026
30081,43748,"47,738","1,324,872,000","1,324,872",1.8383892,0.1182042,75.5,89,33.6,-0.207594228,0.342960936,111.3033485,30284.33333,0,0,0.327727057,0.00324272,0.307210302,0.000326481,0.0326481
30083,142774,"11,173","737,571,000","737,571",1.634406761,0.140707644,86.1,62.5,27.3,-0.256902045,0.129653373,20.5361007,5166,0,0,0.223631164,0.000813327,0.265594077,4.83E-05,0.00483
30085,50523,"10,319","403,322,000","403,322",1.766094681,0.145787867,88.3,60.1,26.4,-0.273649497,0.174474297,10.65237024,7983,0,0,0.231228354,0.001194093,0.302695677,8.36E-05,0.00836
30087,146815,"8,160","714,253,000","714,253",1.71261751,-0.59171478,73.5,63.9,31.1,-0.461754426,0.06706469,33.36026328,4865,0,0,0.207584746,0.0003932,0.283628547,2.32E-05,0.00232
30089,77814,"13,684","389,198,000","389,198",2.342646374,1.58520801,159.1,93.7,35.1,0.170462249,0.214095327,33.08258021,5001.666667,0,0,0.501654485,0.001416882,0.298674135,0.000212293,0.0212293
30091,51597,"3,498","154,343,000","154,343",1.958763085,-1.474945441,24.8,58.3,30.4,-0.366481747,0.120697241,9.390792803,2991.333333,0,0,0.184686451,0.000662971,0.270172422,3.31E-05,0.00331
30093,136371,"36,360","1,563,492,000","1,563,492",3.330320153,-0.964927094,38.4,49.8,39.7,-0.423262546,0.621033746,242.3757799,11465,0,0,0.359871524,0.00482386,0.239642055,0.000416011,0.0416011
30095,115884,"9,173","626,043,000","626,043",1.913258918,-1.676492369,36.7,61.4,34.2,-0.483041946,0.18077899,19.22880388,5402.333333,0,0,0.188503012,0.001172963,0.287067264,6.35E-05,0.00635
30097,61565,"3,763","241,870,000","241,870",1.759345325,-0.030507931,91.8,58.8,29.5,-0.271266901,0.116717177,14.61786666,3928.666667,0,0,0.228657192,0.000674164,0.288453241,4.45E-05,0.00445
30099,49356,"6,430","254,120,000","254,120",1.82893637,0.168108515,88.1,56.7,30.5,-0.156017218,0.149237348,11.92791428,5148.666667,0,0,0.242858893,0.000932908,0.273437645,6.20E-05,0.0062
30101,70134,"5,133","352,212,000","352,212",1.595265294,-0.159416267,61,61.2,29.4,-0.301285208,0.083270092,12.17273298,5022,0,0,0.200047967,0.0004718,0.266638604,2.52E-05,0.00252
30103,70584,772,"47,738,000","47,738",1.538008186,-1.899802019,16.9,66.8,32.9,-0.345168281,0.04864837,7.544369596,676.3333333,0,0,0.152636765,8.76E-05,0.276837066,3.70E-06,0.00037
30105,64913,"7,474","337,545,000","337,545",1.732127482,-0.423396582,72.7,59.2,23.4,-0.428907855,0.11678818,17.6611318,5200,0,0,0.183017829,0.000719892,0.284233322,3.74E-05,0.00374
30107,33918,"2,057","78,724,000","78,724",1.694344276,0.339076386,86.8,62.5,30.7,-0.162473322,0.075853485,14.98310684,2321,0,0,0.251331734,0.000341197,0.271144283,2.33E-05,0.00233
30109,37944,910,"37,868,000","37,868",1.567452508,-2.016553555,9.9,61.5,24.3,-0.332901442,0.070881496,7.354006025,998,0,0,0.114328464,0.000251481,0.291461611,8.38E-06,0.000838
30111,63674,"170,843","9,135,644,000","9,135,644",1.971533236,0.363603232,97.3,62.5,33.4,-0.154369881,0.614827398,202.5950327,143476,0,0,0.295802501,0.008827786,0.298100053,0.000778423,0.0778423
31001,69919,"30,899","2,038,108,000","2,038,108",1.606433096,1.002383673,193.9,60.4,33.6,-0.178768433,1.096565571,155.3022043,29149.66667,0,0,0.308114797,0.008515324,0.296910649,0.000779004,0.0779004
31003,99617,"6,302","519,369,000","519,369",1.923182058,-1.995866066,47.7,62.9,40.4,-0.486091538,0.50725175,45.33809916,5213.666667,0,0,0.213184664,0.003479465,0.296859003,0.000220201,0.0220201
31005,29627,412,"11,446,000","11,446",1.655324933,0.538074646,126.8,75.1,35.1,-0.200548352,0.160282625,5.418176201,386.3333333,0,0,0.313321855,0.000849015,0.235890926,6.28E-05,0.00628
31007,41220,674,"31,932,000","31,932",1.957634171,-1.601567656,16.7,65.3,34.9,-0.329088016,0.245420929,8.056911788,774.6666667,0,0,0.211407711,0.001456544,0.302930874,9.33E-05,0.00933
31009,46417,436,"19,201,000","19,201",1.571297738,0.734333335,179.8,73.2,38.7,-0.185503756,0.159895071,6.19503144,413.6666667,0,0,0.33723359,0.000848599,0.272138615,7.79E-05,0.00779
31011,67784,"5,310","365,760,000","365,760",1.666986147,0.032510891,78.5,69.5,41.1,-0.26903673,0.51241254,50.45698452,5396,0,0,0.27783648,0.003530307,0.292006368,0.000286414,0.0286414
31013,107686,"10,692","532,689,000","532,689",1.799452042,-1.473912663,35.7,64.1,34,-0.445495194,0.429399221,41.95708371,4946.666667,0,0,0.190966127,0.002924906,0.281470366,0.000157217,0.0157217
31015,54376,"1,725","118,758,000","118,758",1.747754062,0.269294981,87.6,67.7,37.8,-0.248016621,0.410160581,34.42446277,2184,0,0,0.284749633,0.002691473,0.298879772,0.00022906,0.022906
31017,53204,"2,853","170,872,000","170,872",1.881917299,-1.418754783,33.9,63.2,39,-0.366667548,0.273493095,19.32744652,3211.666667,0,0,0.220604879,0.00174792,0.288381414,1.11E-04,0.0111
31019,68099,"50,697","3,554,707,000","3,554,707",1.775565596,0.798422218,162.5,63.1,38.6,-0.192826063,0.978185805,138.8509294,52199.33333,0,0,0.329084577,0.008383396,0.296071059,0.000816815,0.0816815
31021,61282,"6,727","288,636,000","288,636",1.885501297,-0.914495382,39.5,56.6,38.9,-0.309330854,0.719257689,79.24074779,4710,0,0,0.222835913,0.00499634,0.281126701,0.000312996,0.0312996
31023,68378,"8,459","347,747,000","347,747",1.977391047,-0.111974708,82.5,58.4,40.4,-0.293290836,0.719908954,73.36550725,5085.666667,0,0,0.279573956,0.005001846,0.284210207,0.000397436,0.0397436
31025,39624,"27,446","810,522,000","810,522",1.785744688,0.373237898,100,58.4,36.1,-0.233540922,1.267201621,147.705636,20455.33333,0,0,0.267309242,0.009413791,0.28594318,0.000719546,0.0719546
31027,83519,"8,262","435,272,000","435,272",1.878603108,0.632499162,114.9,60.1,38.1,-0.223317549,0.643971882,52.10559179,5211.666667,0,0,0.305623114,0.004440171,0.294330161,0.000399412,0.0399412
31029,81796,"3,724","323,912,000","323,912",1.922655188,-1.544530028,18.5,69.6,34.8,-0.327257876,0.29406555,32.5157437,3960,0,0,0.221520133,0.001938078,0.286274895,1.23E-04,0.0123
31031,47636,"5,492","244,740,000","244,740",1.903187657,-1.242249656,22.1,60.9,39.6,-0.319910468,0.147881561,8.692471822,5137.666667,0,0,0.2211119,0.000917248,0.292637105,5.94E-05,0.00594
31033,105496,"9,541","523,612,000","523,612",1.790139118,-0.66452917,30.7,69.6,33.5,-0.251051698,0.376474053,41.46877271,4963.333333,0,0,0.231880141,0.002557401,0.272217976,0.000161428,0.0161428
31035,55569,"6,116","284,866,000","284,866",1.558362725,0.680744002,145.2,63.3,35.1,-0.246741574,0.633745342,83.37011968,5126.333333,0,0,0.280137551,0.004423694,0.282648085,0.00035027,0.035027
31037,107795,"10,566","802,463,000","802,463",1.926880236,0.196121799,76.9,58.1,40.1,-0.242877784,0.827562758,95.34406678,7444.333333,0,0,0.280954736,0.005862387,0.298734904,0.000492036,0.0492036
31039,136702,"8,918","710,029,000","710,029",1.886556983,-1.198662049,42.3,60.6,38.4,-0.352076759,0.762064044,75.32607919,5194,0,0,0.223508403,0.005301231,0.296029171,0.000350756,0.0350756
31041,130221,"10,581","631,227,000","631,227",1.870451401,-0.238463238,51.7,63.9,39.2,-0.263700438,0.327952069,27.12015311,4847.333333,0,0,0.26352662,0.002190975,0.306350176,0.000176881,0.0176881
31043,75760,"21,268","1,829,390,000","1,829,390",1.734035019,0.102673358,79.2,61.5,37.9,-0.259828087,1.379462537,205.6563124,24147.33333,0,0,0.258486621,0.010413628,0.301580391,0.000811789,0.0811789
31045,54074,"8,133","265,177,000","265,177",1.871443935,-0.70641497,26.3,64.2,35.5,-0.237120337,0.30240995,39.96226818,4904,0,0,0.231259109,0.002039028,0.283993551,0.000133915,0.0133915
31047,69577,"24,085","1,655,914,000","1,655,914",1.973288355,0.273230885,98,62.8,38.7,-0.23336436,0.662997126,87.57908533,23799.66667,0,0,0.304865635,0.005217037,0.312254321,0.000496639,0.0496639
31049,43639,"1,871","85,853,000","85,853",1.801014579,0.153726751,74.7,72.3,39.1,-0.21563663,0.304315064,33.14128121,1967.333333,0,0,0.298331405,0.001948135,0.281607581,0.000163667,0.0163667
31051,63138,"5,491","331,328,000","331,328",1.64833225,-0.461304231,43.9,63.6,38.3,-0.276703267,0.631134581,63.92126551,5247.666667,0,0,0.226258263,0.004373833,0.29938117,0.000296272,0.0296272
31053,90638,"37,187","2,331,882,000","2,331,882",2.04127857,0.591776763,83.8,57.6,38.5,-0.1788402,1.351607277,200.290052,25727.33333,0,0,0.303724723,0.010259903,0.288827729,0.000900041,0.0900041
31055,73691,"589,540","54,583,264,000","54,583,264",1.822313017,0.657026184,113.6,57.8,35.7,-0.195801241,16.37388941,3645.218287,740707,0,0,0.284241735,0.143073658,0.289033318,0.011754264,1.1754264
31057,80376,"1,561","165,200,000","165,200",1.955638704,-1.793602098,13.8,71.1,33.9,-0.328460249,0.2768933,16.86096537,2055.333333,0,0,0.218863261,0.001730914,0.28136727,1.07E-04,0.0107
31059,79746,"5,548","386,930,000","386,930",1.687357084,-0.845798553,87.3,63.7,35.5,-0.42011872,0.573924327,63.97526156,4852,0,0,0.221372583,0.003964727,0.282092833,0.000247588,0.0247588
31061,25464,"2,825","86,662,000","86,662",1.674520017,-0.235454843,62.7,61.4,30.5,-0.271592547,0.364890654,45.06284652,3403.333333,0,0,0.212931704,0.002434933,0.291264253,0.000151013,0.0151013
31063,36035,"2,585","108,645,000","108,645",1.799219135,-0.395483838,50.8,71.8,36.6,-0.266171818,0.245672338,20.28329268,3015,0,0,0.262277264,0.001550542,0.276764339,1.13E-04,0.0113
31065,55647,"4,556","273,618,000","273,618",2.007818347,-0.506064288,56.4,67.1,38.8,-0.282039162,0.396868754,69.99591432,4917,0,0,0.278875011,0.002749554,0.286080355,0.000219361,0.0219361
31067,98034,"21,634","1,034,811,000","1,034,811",2.052818093,0.276086483,92.7,51,34.3,-0.238593492,0.86206116,108.7029403,10555.66667,0,0,0.267936954,0.006223201,0.296243675,0.000493964,0.0493964
31069,41544,"1,794","67,287,000","67,287",1.698801435,0.147415386,78.9,68.6,33.8,-0.243021106,0.153158921,15.07717864,1619.666667,0,0,0.262998603,0.000855736,0.27986793,6.30E-05,0.0063
31071,39373,"1,763","68,758,000","68,758",1.765337303,0.410663038,168,69.2,38.4,-0.304617514,0.265038101,24.00331237,1746.333333,0,0,0.327296123,0.001652085,0.289476513,0.000156526,0.0156526
31073,47045,"1,847","91,095,000","91,095",2.073968074,0.17560761,76.4,64.7,39.7,-0.220868246,0.461479638,26.61852173,1936.333333,0,0,0.312943236,0.003025472,0.292248852,0.000276701,0.0276701
31075,31873,565,"19,995,000","19,995",2.029213106,0.634249352,156.4,57.2,37.3,-0.189081519,0.172037863,10.32906883,627.3333333,0,0,0.333608692,0.000947053,0.294912156,9.32E-05,0.00932
31077,38238,"2,219","97,113,000","97,113",1.7624914,-0.00437831,68,70,40.9,-0.256644277,0.336038629,33.68017699,2539.666667,0,0,0.284856679,0.002187041,0.295926442,0.00018436,0.018436
31079,66631,"62,197","3,841,712,000","3,841,712",1.696203216,0.850244973,169.9,64.2,36.7,-0.189271501,1.636738821,255.8677516,57656.66667,0,0,0.321489177,0.013335778,0.291181176,0.001248383,0.1248383
31081,129204,"9,537","677,330,000","677,330",1.817695548,-0.0306066,79.5,61.6,40.3,-0.266552313,0.719530018,72.98798067,5242.333333,0,0,0.270918236,0.005003417,0.284876893,0.000386155,0.0386155
31083,49502,"3,045","162,862,000","162,862",1.96892662,0.126454997,74.4,58.5,35.1,-0.22930581,0.41624151,54.75115073,3290,0,0,0.269074104,0.002805311,0.289210794,0.000218307,0.0218307
31085,68329,846,"74,342,000","74,342",1.910569135,-0.478730694,48.2,64.5,32.5,-0.279286619,0.203230235,11.41161255,1088,0,0,0.240603665,0.001179782,0.310017508,8.80E-05,0.0088
31087,53528,"2,552","157,425,000","157,425",1.777806848,0.574303028,137.9,71.6,33.9,-0.188416917,0.331951532,33.13382213,2941,0,0,0.318750621,0.002170216,0.286910073,0.000198472,0.0198472
31089,117687,"10,093","614,363,000","614,363",1.833997431,-0.342196367,51.4,65.3,39.4,-0.280618198,0.302653519,31.21354395,5220.333333,0,0,0.260093274,0.002034603,0.298944857,0.000158198,0.0158198
31091,34888,679,"26,178,000","26,178",2.088581488,0.087765022,75,59.9,44.5,-0.242450996,0.059839483,9.538744897,750.3333333,0,0,0.313094066,0.000171147,0.285768716,1.53E-05,0.00153
31093,40735,"6,527","206,730,000","206,730",1.587501248,0.391688444,95.5,76.9,38.3,-0.225513256,0.615964897,59.64113531,5075,0,0,0.298365788,0.004255395,0.307104511,0.00038992,0.038992
31095,93927,"7,054","446,844,000","446,844",1.851998059,0.489200333,98.2,57.2,35.5,-0.225386098,0.677412077,73.30269086,4757.333333,0,0,0.273810668,0.004696692,0.279733212,0.000359738,0.0359738
31097,38469,"5,198","186,214,000","186,214",1.926748238,-0.452439746,69.9,53.9,33.9,-0.287865691,0.598367086,56.51867663,4840.666667,0,0,0.228884307,0.004120304,0.268132035,0.000252868,0.0252868
31099,60280,"6,770","319,566,000","319,566",1.703120061,0.054862751,65.6,62,35.9,-0.239653715,0.565804975,57.68406868,5301.333333,0,0,0.244434066,0.003910932,0.292224998,0.000279357,0.0279357
31101,74286,"8,113","396,785,000","396,785",1.916974347,0.058111627,67.3,72.7,38.2,-0.233880778,0.460751866,52.32613709,5341.333333,0,0,0.303609361,0.003173656,0.2907035,0.000280108,0.0280108
31103,31574,805,"29,606,000","29,606",1.654141379,0.135669731,78,65.3,35.2,-0.271167049,0.212312409,12.15661065,937.6666667,0,0,0.252259029,0.001239454,0.313938306,9.82E-05,0.00982
31105,46836,"3,289","177,648,000","177,648",2.246218185,-0.126378816,51.9,61.6,36.3,-0.244727776,0.219462856,33.17341926,3793,0,0,0.295619812,0.001416563,0.273502169,0.000114533,0.0114533
31107,118800,"8,298","600,138,000","600,138",2.175293593,0.414918663,93.6,58.8,40.5,-0.218167318,0.567694727,43.52746204,5051.666667,0,0,0.326671181,0.003890383,0.301117498,0.000382683,0.0382683
31109,51765,"326,716","20,925,879,000","20,925,879",1.833498166,0.540165472,115.4,59.2,34.4,-0.238758513,4.286244355,746.1537267,404251.3333,0,0,0.281752523,0.043426939,0.325646028,0.003984491,0.3984491
31111,105544,"33,365","2,296,108,000","2,296,108",1.871525411,-0.346411946,47.8,70.7,38.8,-0.278424998,0.399068263,55.08459171,21755,0,0,0.274294198,0.003263029,0.299346997,0.000267925,0.0267925
31113,32411,655,"24,892,000","24,892",1.996518161,-0.778812472,72.7,67.5,45.6,-0.430115139,0.156687029,15.62533269,768,0,0,0.29054357,0.000854634,0.287622703,7.14E-05,0.00714
31115,40017,592,"25,771,000","25,771",1.553770199,-0.026521305,64.1,71.3,36.8,-0.235728626,0.156549747,9.587012746,644,0,0,0.250135235,0.000838779,0.296431758,6.22E-05,0.00622
31117,31601,383,"16,422,000","16,422",1.884608379,-0.017178158,70.7,66.9,40.5,-0.273499636,0.167135216,5.670703701,519.6666667,0,0,0.290138939,0.000901172,0.306976791,8.03E-05,0.00803
31119,79082,"35,627","2,452,881,000","2,452,881",1.783741595,-0.121583472,70.7,63.2,42.4,-0.272794619,1.184527902,158.7695999,31017,0,0,0.271454952,0.009190112,0.293424648,0.000732007,0.0732007
31121,68458,"7,755","357,785,000","357,785",1.826969414,0.017934515,70.8,62.4,39.4,-0.25606408,0.723391233,75.46163757,5226.333333,0,0,0.270299011,0.005034222,0.296111134,0.000402932,0.0402932
31123,60033,"4,504","298,905,000","298,905",1.848686229,-0.661108107,31.9,67.7,35.8,-0.277790295,0.265961734,28.03952158,4979,0,0,0.239850479,0.001766748,0.294589107,0.000124834,0.0124834
31125,30980,"3,274","120,751,000","120,751",1.560301686,-0.73420966,43.2,70.6,39,-0.305906682,0.495264804,49.75772811,3897.666667,0,0,0.227014325,0.00336332,0.288903266,0.000220584,0.0220584
31127,136551,"7,076","670,058,000","670,058",1.829133056,0.711508104,108.3,56.1,36.2,-0.180203453,0.749205946,101.4403592,4907,0,0,0.281009749,0.005250797,0.274197182,0.000404585,0.0404585
31129,53016,"4,095","249,053,000","249,053",1.650913745,0.99073218,183.6,59.5,30.8,-0.181288994,0.475791667,52.64420042,4697.666667,0,0,0.297213245,0.003258479,0.286739351,0.000277696,0.0277696
31131,214896,"16,335","1,343,243,000","1,343,243",1.853112376,-1.270258245,32.7,57.2,38.6,-0.315301404,0.852537403,106.3840861,6250.666667,0,0,0.208619177,0.006018553,0.285637069,0.000358642,0.0358642
31133,42792,"2,512","116,495,000","116,495",2.005425365,-0.938841321,56.4,51,32.9,-0.320401037,0.543619556,52.00892965,2722.333333,0,0,0.20936717,0.003666183,0.283469265,0.000217585,0.0217585
31135,99414,"2,795","319,318,000","319,318",2.162410507,-1.854688601,14.4,68.9,42.8,-0.331767628,0.260993051,24.22692307,3212,0,0,0.261831842,0.001670172,0.285337655,0.000124779,0.0124779
31137,147904,"9,057","749,629,000","749,629",1.87944779,-0.489306531,50.2,60.3,34.8,-0.286039472,0.648695605,70.83257387,5068.333333,0,0,0.234064722,0.004502683,0.279581611,0.000294656,0.0294656
31139,73278,"7,299","384,466,000","384,466",2.15994872,0.071761571,71.8,61.1,45.6,-0.248110469,0.649765752,64.90393639,5246.666667,0,0,0.325653161,0.004504839,0.295984397,0.000434214,0.0434214
31141,103294,"34,609","2,699,423,000","2,699,423",1.763253271,0.713975216,124.6,63.3,40.5,-0.213666547,1.08962352,144.531916,26133.33333,0,0,0.313386224,0.008353358,0.30179608,0.00079005,0.079005
31143,53360,"5,228","274,680,000","274,680",1.9182734,0.36837935,100.1,60.1,42.2,-0.231462716,0.685537872,60.76529733,5147.666667,0,0,0.305035852,0.004742332,0.282037028,0.000407989,0.0407989
31145,105299,"10,457","540,709,000","540,709",1.836876357,-0.399600778,53.9,69.5,34.3,-0.276431014,0.476267336,74.11626583,5135,0,0,0.254427873,0.00331466,0.286254566,0.00024141,0.024141
31147,75232,"7,689","379,371,000","379,371",1.731685426,-0.64856006,61.7,53.9,34.3,-0.307436523,0.731349014,95.73245125,5042.666667,0,0,0.199619568,0.005120731,0.287427035,0.000293807,0.0293807
31149,51364,"1,271","71,310,000","71,310",1.710245703,-1.104752777,28.1,69.1,36.7,-0.308067036,0.204636623,12.09146431,1388.333333,0,0,0.217793525,0.001200153,0.307874203,8.05E-05,0.00805
31151,134713,"14,555","972,268,000","972,268",1.799355748,0.728438518,118.5,59.9,35.4,-0.201793031,0.768475667,92.18821931,7217.333333,0,0,0.290806582,0.00543966,0.286360445,0.00045299,0.045299
31153,40096,"199,886","9,685,216,000","9,685,216",1.777297603,-0.019997071,97.7,59.1,35.6,-0.304990134,7.527510071,1339.572751,241552.6667,0,0,0.252087469,0.061917969,0.2891273,0.004512914,0.4512914
31155,69844,"23,463","755,366,000","755,366",1.897740494,0.208058784,76.1,59.9,35,-0.228664766,0.88390796,99.22795366,10815,0,0,0.267060002,0.006365528,0.297601652,0.000505916,0.0505916
31157,71123,"35,699","1,702,262,000","1,702,262",1.679316038,-0.669209499,32,71.3,32.5,-0.27505942,1.11551103,178.2956415,23934,0,0,0.218645265,0.008525993,0.290023521,0.000540653,0.0540653
31159,89090,"17,671","743,989,000","743,989",1.777394461,0.418994858,96.9,62.3,37.7,-0.227071587,0.894992614,95.76355334,8351,0,0,0.281854618,0.006359197,0.289032881,0.000518054,0.0518054
31161,63753,"4,928","317,870,000","317,870",1.786707755,-0.370233347,38.1,63.9,37.1,-0.251054566,0.21381014,20.62791492,4986,0,0,0.238814407,0.001391658,0.295894615,9.83E-05,0.00983
31163,35734,"2,983","108,525,000","108,525",1.777934652,-0.459804382,43,65.7,38.3,-0.279471452,0.436180941,37.57475847,3037,0,0,0.245397946,0.002904347,0.288453035,0.000205586,0.0205586
31165,39547,"1,154","56,671,000","56,671",1.653807183,-1.953975764,18.5,69.8,35.7,-0.387056564,0.143509313,8.141250937,1433,0,0,0.179376687,0.0007703,0.30056874,4.15E-05,0.00415
31167,71244,"5,856","354,297,000","354,297",2.114860957,0.939312855,176.2,57.2,41.6,-0.200580859,0.62321585,53.67775744,4973,0,0,0.370643452,0.004291614,0.293134089,0.000466276,0.0466276
31169,70463,"4,829","355,156,000","355,156",1.678899601,-0.933992257,54,59.5,33.6,-0.343720431,0.544432102,60.61019544,5040.333333,0,0,0.193886186,0.003759874,0.277926807,0.000202605,0.0202605
31171,53138,677,"30,200,000","30,200",1.822219257,0.051140807,69.2,64.3,40.6,-0.240663981,0.207082872,9.091583275,568.3333333,0,0,0.278920742,0.001186051,0.27608523,9.13E-05,0.00913
31173,86239,"6,557","433,957,000","433,957",1.847038161,0.151141308,75,62.3,42.2,-0.250849783,0.649278344,68.43701432,5032,0,0,0.286480347,0.004501214,0.300204912,0.000387117,0.0387117
31175,60868,"4,012","270,154,000","270,154",1.778538775,-0.297773465,51.6,65.8,39.8,-0.25761516,0.446762631,43.53299235,4438.333333,0,0,0.257924306,0.003032368,0.290274935,0.00022703,0.022703
31177,100200,"21,152","1,390,645,000","1,390,645",1.961042146,0.092440997,78.6,56,35.9,-0.248244236,1.138568995,130.9876286,13878.66667,0,0,0.264086401,0.008285705,0.276634973,0.000605317,0.0605317
31179,116664,"9,874","574,805,000","574,805",1.92639843,0.291323819,87.7,61.6,39.3,-0.246751448,0.74635244,71.54430425,4927,0,0,0.294507446,0.005177001,0.293418327,0.000447365,0.0447365
31181,71461,"3,351","259,354,000","259,354",1.558981926,-0.111363863,71.2,60.6,31.7,-0.273370171,0.388503771,46.42718528,3629.333333,0,0,0.208012381,0.002608279,0.291005395,0.000157886,0.0157886
31183,67169,775,"62,713,000","62,713",1.937356012,-0.016189274,70,65.8,39.8,-0.248980569,0.266210934,11.92275531,933.6666667,0,0,0.291231805,0.001612786,0.310107332,0.000145656,0.0145656
31185,137761,"14,356","824,451,000","824,451",1.811154527,0.139227891,80.5,63.1,40.2,-0.23931955,0.80574649,92.87779718,5984.666667,0,0,0.279738179,0.005660993,0.281965708,0.00044652,0.044652
32001,42804,"25,803","1,145,309,000","1,145,309",2.155323721,-0.662843903,26.8,55,36,-0.196643588,0.181617112,155.8109561,26757.33333,0,0,0.237427475,0.002094764,0.289130265,0.0001438,0.01438
32003,38224,"2,336,573","135,989,358,000","135,989,358",2.173363871,-0.663581052,53.7,47.5,46.1,-0.304359475,2.923350193,8227.809521,3557677,0,0,0.254721997,0.146052093,0.457078932,0.017004562,1.7004562
32005,41754,"49,545","2,777,612,000","2,777,612",2.137772796,-0.47649273,34.3,72.5,38.8,-0.216348169,1.421419756,387.7533513,66523.33333,0,0,0.300844873,0.01235983,0.22686352,0.000843567,0.0843567
32007,23267,"54,293","2,626,305,000","2,626,305",2.36076996,-0.115836203,20.8,84.1,40.6,-0.11634645,0.193698075,128.964165,112875.6667,0,0,0.368846623,0.004817006,0.289465123,0.000514303,0.0514303
32009,38598,736,"33,709,000","33,709",2.130677854,-1.297963674,20.7,62.4,42.8,-0.275450537,0.186728276,85.68313881,873.3333333,0,0,0.252427641,0.00119432,0.236730728,7.14E-05,0.00714
32011,473089,"1,917","1,095,674,000","1,095,674",2.311535355,0.13078026,54.4,84.7,41,-0.036629686,0.108325912,17.44332207,2316,0,0,0.38893576,0.000570792,0.245416571,5.45E-05,0.00545
32013,67356,"17,136","1,174,755,000","1,174,755",2.550991693,-0.077984083,55.3,77.6,41.1,-0.232613346,0.131122527,50.38741663,17441,0,0,0.386693345,0.001261128,0.290190872,0.000141517,0.0141517
32015,134527,"5,769","712,007,000","712,007",2.29956571,0.239309689,67.6,74.1,41.6,-0.039893267,0.126729018,34.16755693,5292.666667,0,0,0.373415753,0.000821902,0.258542829,7.93E-05,0.00793
32017,31628,"4,452","152,394,000","152,394",2.008303566,-0.122147687,58,77.6,42.3,-0.164843623,0.16956298,75.62118977,4818.333333,0,0,0.327733952,0.001179974,0.294229607,1.14E-04,0.0114
32019,15434,"62,583","1,651,079,000","1,651,079",1.874966213,-2.406259242,10.9,76.9,37.2,-0.333440863,0.870166914,300.0929805,106977.6667,0,0,0.212841845,0.009638174,0.318439327,0.000653249,0.0653249
32021,42255,"4,528","212,346,000","212,346",2.380469977,0.333729736,70.5,57.5,41.9,0.099498737,0.159609345,150.4358035,5025.333333,0,0,0.351805924,0.001254088,0.254088838,0.000112103,0.0112103
32023,12589,"55,720","1,721,399,000","1,721,399",2.214426468,-0.088711477,57.8,66.9,41.8,-0.147749027,0.32168926,739.1376301,136741.3333,0,0,0.323249042,0.007564536,0.265935184,0.000650272,0.0650272
32027,38457,"6,364","292,725,000","292,725",2.676003094,0.408298631,96,62.4,38.7,0.048387496,0.098566825,33.72300016,7611.666667,0,0,0.402754538,0.000698102,0.300493427,8.45E-05,0.00845
32029,493572,"4,177","2,243,778,000","2,243,778",2.47419167,0.333543448,105.1,59.9,38.6,-0.090208128,0.399067086,76.24444377,4546,0,0,0.364406152,0.002764643,0.28013964,0.000282227,0.0282227
32031,39306,"498,022","31,351,832,000","31,351,832",2.696714328,0.010286473,61.8,62.2,36.9,-0.212192632,1.038243139,1393.300629,797634,0,0,0.35919012,0.034354887,0.303859896,0.003749612,0.3749612
32033,127831,"8,522","603,191,000","603,191",2.463271844,0.141955894,55.1,78.2,43.9,-0.016815624,0.214649275,68.01041645,4718.666667,0,0,0.398927966,0.001475713,0.261105141,0.000153713,0.0153713
32510,51530,"58,036","3,627,950,000","3,627,950",2.091445363,-0.780888412,34.4,68.1,34.8,-0.267606295,4.26825468,1956.371351,70404,0,0,0.263244891,0.035095077,0.251969991,0.00232785,0.232785
33001,44756,"65,027","2,857,890,000","2,857,890",2.022549132,0.732019701,144.4,42.2,37.1,0.064469462,4.323726612,525.3004262,63854.33333,0,0,0.28257447,0.032660642,0.273419723,0.002523408,0.2523408
33003,46028,"52,448","2,317,984,000","2,317,984",1.957647567,2.121877634,254.5,44.3,36.4,0.407394404,2.682361245,385.2142152,50360.33333,0,0,0.376201403,0.020597716,0.261217864,0.002024148,0.2024148
33005,53822,"77,703","3,917,127,000","3,917,127",2.096398537,0.723670089,142.8,46.5,38.4,0.071307582,2.783143601,339.8754779,72779.66667,0,0,0.304490986,0.021913622,0.277938206,0.001854543,0.1854543
33007,98532,"31,372","1,296,450,000","1,296,450",2.007229285,-0.32254857,104.4,42.9,36.9,-0.156169626,1.002777768,153.2083545,13157.66667,0,0,0.233040431,0.007361847,0.278080691,0.000477077,0.0477077
33009,79351,"93,146","7,342,959,000","7,342,959",2.213769324,-0.2268309,96.9,44,42,-0.099125454,1.854845787,272.163982,92537.33333,0,0,0.275932644,0.015967043,0.256630427,0.00113067,0.113067
33011,48769,"427,354","30,015,576,000","30,015,576",2.051047912,2.708234057,427.7,44.9,37.7,1.112075073,7.987068022,1315.536641,615466,1.31E-05,6.42E-05,0.537037596,0.076765582,0.294738084,0.012150873,1.2150873
33013,54243,"157,103","10,390,990,000","10,390,990",1.843012181,1.479790919,163.4,52,38.8,0.197746673,3.929428893,492.8352729,191563.6667,0,0,0.325088204,0.033851573,0.277097294,0.003049386,0.3049386
33015,56164,"320,689","24,104,465,000","24,104,465",1.918285399,-0.348356497,117.7,46.2,39.3,-0.153432546,8.810031078,1231.871974,429181,0.009347265,0.005384354,0.242916542,0.083134208,0.275049547,0.005554536,0.5554536
33017,41023,"133,243","6,393,224,000","6,393,224",2.189417079,-0.455947451,108,34.5,42.8,-0.154350989,6.159846849,899.8409128,155845.3333,0.000222866,0.002738986,0.248615295,0.050291836,0.288289431,0.003604575,0.3604575
33019,57565,"43,969","1,536,107,000","1,536,107",2.37338946,-0.763843055,63.7,37.3,39.5,-0.132987928,2.500914175,295.1383632,26684.66667,0,0,0.244424048,0.018435619,0.279541394,0.001259644,0.1259644
34001,30056,"275,213","14,199,892,000","14,199,892",1.701817356,0.144539972,130.6,51.6,34.5,-0.044347108,8.788601227,2025.351766,472446.6667,0.018550322,0.022877487,0.236952039,0.097856622,0.327078525,0.007584076,0.7584076
34003,64542,"957,736","81,577,758,000","81,577,758",1.805051764,3.016967114,417.1,61.5,34.2,1.129359894,29.99668612,8827.024656,1263942.667,0.020418464,0.011183301,0.534023906,0.277658451,0.232052253,0.034407838,3.4407838
34005,50777,"469,167","30,630,405,000","30,630,405",1.806241065,0.117140735,133.5,55.8,42,-0.040629499,7.820080806,2185.625802,603236.6667,0.008704886,0.027018063,0.281612222,0.092933054,0.302011313,0.007903963,0.7903963
34007,37637,"527,196","25,968,516,000","25,968,516",1.854840146,0.061067481,128.4,52.9,36.4,-0.047900086,21.09664792,5522.699234,689974.6667,0.00508659,0.004969761,0.259955377,0.182229006,0.29337527,0.0138976,1.38976
34009,51293,"94,610","5,466,023,000","5,466,023",1.700866177,0.264114137,128.4,43,32.4,-0.012335889,9.19204745,2752.109176,106564.3333,0.050518491,0.022607333,0.21209644,0.104897778,0.261640412,0.005821092,0.5821092
34011,33320,"152,326","6,475,732,000","6,475,732",1.667034571,0.119399044,133.6,50.5,33.9,-0.042277748,5.03534637,939.970402,194349.6667,0.004378663,0.039124166,0.228546825,0.062097453,0.340478775,0.004832135,0.4832135
34013,57107,"851,117","58,576,369,000","58,576,369",1.923287325,1.282529995,218.7,59.2,36.6,0.179709543,35.43374934,13418.43032,1025728.333,0.000203201,0.00077034,0.358327816,0.302480835,0.254073963,0.02753839,2.753839
34015,33500,"308,423","13,972,860,000","13,972,860",1.849536256,0.074160183,132.1,53.8,35.7,-0.043605474,11.1921729,2003.663167,417101,0.004706407,0.027684086,0.261157608,0.108676621,0.324672875,0.009214777,0.9214777
34017,41692,"705,472","50,743,664,000","50,743,664",1.935839693,0.317492198,140.1,57.9,28.8,-0.003939536,51.13678661,39661.58087,1217110,0.045399127,0.004755778,0.271299387,0.487571648,0.27073555,0.035812327,3.5812327
34019,41630,"130,183","7,633,049,000","7,633,049",1.835824116,-0.046095381,108.5,60.5,37.1,-0.070379208,5.380947287,838.7062005,183356.6667,0,0,0.269484655,0.04429635,0.22992509,0.002744659,0.2744659
34021,84573,"381,671","42,923,608,000","42,923,608",1.900361219,0.106435509,119.6,52.7,34.9,-0.052344554,16.83026759,3787.199435,507530.3333,0.000458842,0.005076753,0.258865819,0.141725151,0.239825541,0.008798671,0.8798671
34023,52528,"863,623","67,931,037,000","67,931,037",1.697866939,2.235705682,372.9,59.5,35.7,0.647063935,25.39541254,6156.958505,1293225.333,0.002674393,0.004563193,0.445959079,0.230758762,0.315528603,0.032470722,3.2470722
34025,42719,"642,799","39,884,507,000","39,884,507",1.728921002,-0.001416564,121.2,55.1,34.3,-0.048876441,15.82641552,3410.059806,933647.6667,0.013745592,0.005467273,0.240693595,0.153554701,0.300775262,0.011116543,1.1116543
34027,92796,"514,423","60,488,017,000","60,488,017",1.788904763,0.061117611,101.2,54.6,33.7,-0.040481794,12.90341908,3556.112279,651835.6667,0,0,0.24016388,0.116063412,0.205414202,0.005725765,0.5725765
34029,25777,"659,197","23,794,530,000","23,794,530",1.725428755,0.094785363,134.1,56.4,40.2,-0.055120177,13.17776603,4390.751267,923091,0.052858585,0.015125943,0.268059549,0.158696725,0.33031767,0.014051771,1.4051771
34031,26553,"513,395","21,669,571,000","21,669,571",1.827728842,0.11389303,110.8,58.5,35.6,-0.028386475,17.55801754,13950.33727,816093.3333,8.52E-05,0.00013374,0.264650609,0.172568734,0.276820589,0.012642513,1.2642513
34033,168246,"65,338","5,245,517,000","5,245,517",1.742930986,0.127588622,132.2,56.9,36.4,-0.039199321,3.658187632,524.1879489,31177.66667,0.014034007,0.046051875,0.26058173,0.054190781,0.284860833,0.004022556,0.4022556
34035,76380,"348,842","42,879,076,000","42,879,076",1.611993135,0.023733068,106.2,64.6,33.7,-0.060061533,15.34461856,2862.981214,561388.3333,0.000150762,0.001142136,0.245552455,0.129493103,0.208322221,0.006624094,0.6624094
34037,27385,"146,132","5,026,777,000","5,026,777",1.702354928,1.90989647,277.7,61.8,34.4,0.381305564,5.52150879,981.515248,183561.3333,0,0,0.386332444,0.045538726,0.278981588,0.004908147,0.4908147
34039,53815,"572,726","37,730,551,000","37,730,551",1.851718282,0.026200524,133.3,61.2,35.5,-0.05269791,34.42944249,10827.55362,701121.3333,0.000786586,0.002080987,0.278282949,0.281506523,0.260654731,0.020419292,2.0419292
34041,36792,"111,252","4,105,497,000","4,105,497",1.785881758,-0.022170154,104.1,60.2,35.6,-0.06603352,5.540436857,960.8133745,111585.6667,0,0,0.257942081,0.043386057,0.29320292,0.00328126,0.328126
35001,42737,"671,586","40,199,025,000","40,199,025",1.836130978,-2.307496741,17,72.6,40.3,-0.378913916,5.846836294,2049.732784,940613,0,0,0.208436802,0.073372599,0.333875054,0.005106135,0.5106135
35003,35096,"3,825","106,036,000","106,036",2.417400418,0.547412082,114.3,55.9,41.4,-0.090087151,0.127287284,12.24109702,3021.333333,0,0,0.374219573,0.000714829,0.297273433,7.95E-05,0.00795
35005,26550,"63,561","2,021,798,000","2,021,798",1.887929687,-2.231119482,26.6,69.6,52.5,-0.444458026,0.183541322,162.0197723,76152,0,0,0.24591391,0.003660915,0.326079526,0.00029356,0.029356
35006,33680,"26,780","583,681,000","583,681",2.388958512,-3.428051578,0.4,52.9,42.7,-0.355226555,0.144309955,39.30951449,17330,0,0,0.202539382,0.001328902,0.322442613,8.68E-05,0.00868
35007,84359,"12,255","448,905,000","448,905",2.22731899,-2.258208501,6.1,69.8,47.4,-0.378299597,0.121539574,51.58980458,5321.333333,0,0,0.268673715,0.000818632,0.290666793,6.39E-05,0.00639
35009,64971,"47,222","3,173,046,000","3,173,046",2.039558758,-0.237304454,116.9,63.1,46.9,-0.382525709,0.468026084,97.3801524,48838,0,0,0.320446333,0.004663838,0.292583663,0.000437269,0.0437269
35011,36029,"1,657","77,798,000","77,798",1.912048698,0.210620036,67.9,68.4,50.4,-0.13747194,0.046973442,38.19196129,2159.333333,0,0,0.335316428,0.000178223,0.287650266,1.72E-05,0.00172
35013,18804,"225,210","7,901,515,000","7,901,515",1.671250655,-2.455197008,13.1,57.5,46.9,-0.327806546,1.160434861,1017.897034,420199,0,0,0.171357262,0.022737968,0.372425974,0.001451089,0.1451089
35015,113069,"60,275","6,123,644,000","6,123,644",1.935325996,-0.069476025,61.4,55.1,48.2,-0.196649047,0.257695755,167.4907316,54158.66667,0,0,0.283945165,0.003498962,0.278543324,0.000276736,0.0276736
35017,56441,"27,472","1,203,851,000","1,203,851",2.214923133,-2.206932548,17.2,48.5,46.1,-0.387931574,0.20698106,55.21291233,21329.33333,0,0,0.213959624,0.001917506,0.284767081,0.000116831,0.0116831
35019,33333,"4,292","167,866,000","167,866",2.163595339,0.233066093,67.8,65.7,51.4,-0.130439073,0.051788259,31.38398953,5036,0,0,0.361720597,0.000288955,0.30363401,3.17E-05,0.00317
35021,58540,624,"41,251,000","41,251",1.943941169,0.187572355,75.2,63.9,42.9,-0.18854367,0.034858334,11.49133815,704.6666667,0,0,0.306951154,0,0.298056976,0,0
35023,38200,"3,965","191,612,000","191,612",1.970174329,-1.11099349,30.5,40.6,44.3,-0.280919493,0.134361544,31.95450396,5016,0,0,0.196009363,0.00086217,0.283469851,4.79E-05,0.00479
35025,105785,"72,101","6,105,243,000","6,105,243",1.72626258,0.368388054,110.5,56.3,44.4,-0.178212771,0.206975376,114.3870894,57713.66667,0,0,0.288717063,0.003161034,0.281404885,0.000256823,0.0256823
35027,35310,"20,029","648,065,000","648,065",2.168457181,-0.023439864,54.9,68.7,49.4,-0.163240015,0.167344054,81.03300942,18353.66667,0,0,0.348155936,0.001596867,0.293462559,0.000163153,0.0163153
35028,499186,"19,444","2,737,205,000","2,737,205",2.612805465,0.298696484,53.4,69.4,41.3,-0.073871152,2.352658475,1799.645604,5483.333333,0,0,0.390161006,0.019494586,0.16346703,0.001243335,0.1243335
35029,24665,"25,316","839,383,000","839,383",1.651609377,0.228939721,81,54.3,45.5,-0.128720082,0.25263934,109.0889907,34031.66667,0,0,0.262859957,0.002729072,0.320874112,0.000230183,0.0230183
35031,24628,"68,797","2,272,550,000","2,272,550",2.641939386,-0.832004446,19.4,52.9,42.6,-0.189740899,0.298554998,68.47432561,92276.33333,0,0,0.30395057,0.00479101,0.312149796,0.000454562,0.0454562
35033,20231,"4,123","104,228,000","104,228",1.864411074,0.111025418,68.9,79.5,44.7,-0.206056445,0.141591841,23.62708136,5152,0,0,0.337104807,0.000901353,0.299640592,9.10E-05,0.0091
35035,35432,"68,835","2,878,269,000","2,878,269",1.78652229,-2.814508833,3.1,56.4,48.8,-0.346867946,0.276461016,162.2654061,81233,0,0,0.176080734,0.004464493,0.308993557,0.000242903,0.0242903
35037,58237,"8,510","305,123,000","305,123",1.879098202,0.280081861,109.1,65.5,44.6,-0.20175423,0.111751047,26.8642619,5239.333333,0,0,0.324579275,0.000702993,0.2987603,6.82E-05,0.00682
35039,22821,"39,876","990,265,000","990,265",2.307441772,0.289886948,60.5,101.5,44.3,-0.050490396,0.267453417,83.45438082,43393,0,0,0.449016763,0.003077134,0.311855224,0.000430886,0.0430886
35041,41742,"18,787","708,693,000","708,693",2.042117933,0.091830847,69.8,60.4,47.6,-0.182359998,0.151468946,26.90389948,16978,0,0,0.316963478,0.00134491,0.31845737,0.000135754,0.0135754
35043,14560,"155,936","3,874,694,000","3,874,694",2.168196322,0.302088924,57.3,74.6,38.6,-0.065557603,0.900147053,478.7994316,266113.6667,0,0,0.349466625,0.015138826,0.313447582,0.001658299,0.1658299
35045,28189,"120,675","5,170,931,000","5,170,931",2.194032939,0.130857821,54.7,81.6,41.9,-0.083063258,0.525470234,98.57811703,183435.3333,0,0,0.370793159,0.009264883,0.308667164,0.001060381,0.1060381
35047,24590,"26,668","663,880,000","663,880",1.797843583,-2.657568712,4.7,75.3,42.9,-0.360446179,0.158202817,45.84151743,26998,0,0,0.21095621,0.001738918,0.3004787,1.10E-04,0.011
35049,35395,"155,956","7,477,089,000","7,477,089",1.85004033,-2.299594895,9.7,93.9,42.4,-0.359083816,1.311106383,323.1686012,211245,0,0,0.270793304,0.015992924,0.261200283,0.0011312,0.11312
35051,37711,"11,488","301,184,000","301,184",1.965655661,0.209014328,76.7,60,40.6,-0.16089466,0.197396344,62.22262712,7986.666667,0,0,0.295924571,0.001447442,0.293808652,0.000125848,0.0125848
35053,28554,"15,963","494,458,000","494,458",1.927606623,-0.254480985,64.3,59.8,40.6,-0.295010301,0.134225493,49.80299555,17316.33333,0,0,0.262758104,0.001277695,0.298393518,1.00E-04,0.01
35055,40261,"34,405","1,049,254,000","1,049,254",2.423932167,-1.891343353,3.6,86.6,50.2,-0.318243724,0.495364862,148.3931805,26061.33333,0,0,0.350887216,0.004235901,0.287072893,0.000426683,0.0426683
35057,19675,"15,633","525,445,000","525,445",1.754597323,-1.186399116,38.2,72.1,40.5,-0.384627547,0.175630544,52.30127312,26706.33333,0,0,0.232059734,0.001862512,0.302835714,0.00013089,0.013089
35059,33656,"3,964","158,993,000","158,993",2.103574614,0.009253733,97,69.4,41.9,-0.32234639,0.06231239,10.97729764,4724,0,0,0.334863989,0.000314936,0.292172836,3.08E-05,0.00308
35061,10793,"79,141","1,618,116,000","1,618,116",1.665100685,-2.481494435,14.3,69.3,41,-0.358858669,1.425374775,435.5978802,149920,0,0,0.179459677,0.015077245,0.322442613,0.000872452,0.0872452
36001,106000,"316,659","35,344,278,000","35,344,278",1.747178336,-1.137943607,34.4,55.6,33.2,-0.179241095,6.375539618,1162.172259,333438,5.24E-05,0,0.181022032,0.056493988,0.261450162,0.002673761,0.2673761
36003,55883,"46,651","1,455,053,000","1,455,053",1.933421377,1.869781694,221.8,57.1,35.3,0.246568219,1.641617777,176.8082737,26037.33333,0,0,0.389985972,0.012238422,0.316174693,0.001509043,0.1509043
36005,18407,"1,356,476","43,674,840,000","43,674,840",1.749553139,0.078108179,123.3,59.3,27.8,-0.029259405,58.65128331,84536.59728,2372677,0.00083247,0,0.237553915,0.635453496,0.383835248,0.057941645,5.7941645
36007,60339,"196,077","9,113,132,000","9,113,132",2.111268047,1.751013747,250,57,31,0.32138142,3.61299184,563.0843247,151031,0,0,0.401262426,0.030519962,0.29658056,0.003632078,0.3632078
36009,57070,"75,600","2,802,526,000","2,802,526",1.947207571,0.058306883,90.9,59.6,33.7,-0.173279896,1.677734389,202.9308901,49107,0,0,0.267838017,0.013256622,0.299609967,0.001063803,0.1063803
36011,52243,"74,485","3,021,077,000","3,021,077",1.910707502,0.627665506,58.5,58.1,26,-0.049889902,2.593129744,313.8039672,57827.33333,0,0,0.245816098,0.020081276,0.310583976,0.001533136,0.1533136
36013,40133,"124,891","4,624,016,000","4,624,016",2.362049365,0.183729145,97.3,61.7,44.3,-0.164957304,2.584082691,333.6323311,115218,0,0,0.358233715,0.021845737,0.331520495,0.00259444,0.259444
36015,67795,"81,325","3,638,009,000","3,638,009",1.947759596,0.852018752,116.9,61.4,34.8,0.002838465,3.143217547,467.1565152,53661.66667,0,0,0.313275702,0.024047342,0.284476348,0.002143088,0.2143088
36017,80462,"45,920","2,150,842,000","2,150,842",2.117538471,-0.060863272,86.9,53.4,35.4,-0.135921196,1.872226042,212.5317815,26731,0,0,0.271394056,0.01392503,0.306274213,0.001157462,0.1157462
36019,50629,"78,115","3,651,035,000","3,651,035",1.910113267,-0.218445364,98.6,37.2,31.4,-0.206080033,2.188057947,252.4291793,72113,0,0,0.192708023,0.017605035,0.301113249,0.001021566,0.1021566
36021,61603,"60,470","2,488,410,000","2,488,410",1.988735004,-1.244179314,34,50.5,34,-0.169578281,2.42208353,275.3742156,40394.33333,9.83E-05,0,0.196086826,0.018324967,0.27971614,0.0010051,0.10051
36023,63174,"45,752","1,780,982,000","1,780,982",2.115986746,-0.956725908,18.4,47.8,28.2,-0.169788165,2.085935163,260.8458616,28191.66667,0,0,0.189536607,0.015541354,0.305542825,0.000900024,0.0900024
36025,118195,"44,410","2,079,137,000","2,079,137",2.188462559,-0.34712343,88.6,48.3,46,-0.155761132,1.503875052,141.1619702,17590.66667,0,0,0.289292678,0.010954198,0.302782739,0.000959509,0.0959509
36027,38250,"297,150","15,155,173,000","15,155,173",1.958173147,0.02846367,161.6,54.3,36.7,-0.065147306,5.111104018,735.9708435,396209.6667,0.000144207,0,0.285594952,0.048944484,0.279390803,0.003905408,0.3905408
36029,61289,"946,147","61,513,170,000","61,513,170",2.025881153,1.862651265,256.8,65.3,36.9,0.313108122,8.30817714,1679.446983,1003656.667,0,0,0.441003256,0.091737296,0.340606586,0.013779732,1.3779732
36031,73204,"36,775","1,651,212,000","1,651,212",1.783121101,-0.02175951,110.2,33.9,33,-0.125257502,2.334650703,3362.894762,22556.33333,0,0,0.185476326,0.02275882,0.285793692,0.001206399,0.1206399
36033,58715,"46,502","1,993,979,000","1,993,979",1.848655084,-0.037671027,74.3,36.9,34.9,-0.149286575,2.185557604,161.8789684,33960.33333,0,0,0.194424879,0.016231608,0.288741525,0.000911219,0.0911219
36035,56585,"52,234","1,834,847,000","1,834,847",1.82665776,0.825522552,92,48.4,40.7,0.034406732,4.071449779,514.6646758,32426.66667,0,0,0.271832238,0.029910447,0.278204327,0.002261975,0.2261975
36037,78600,"57,529","2,438,446,000","2,438,446",1.736726245,-0.379395764,21.9,68.9,30.1,-0.152324097,2.274760437,273.237565,31023.33333,0,0,0.221652056,0.016962211,0.294436355,0.001106995,0.1106995
36039,77882,"47,062","2,784,197,000","2,784,197",1.827248208,-0.245327808,99.1,44.3,28.6,-0.101255057,1.989092667,295.7174615,35749,0.000150762,0,0.193111276,0.015237303,0.279431391,0.000822225,0.0822225
36041,46993,"5,082","227,776,000","227,776",2.122016506,2.024262382,166.5,31.2,41.3,0.288764632,2.009417927,5225.230867,4847,0,0,0.337805528,0.023352926,0.272379216,0.002148731,0.2148731
36043,47448,"59,484","1,718,324,000","1,718,324",1.805684761,0.580611219,159.3,47.2,35.4,-0.038873495,2.260249506,293.8677993,36215,0,0,0.266623079,0.017061263,0.307493364,0.001398765,0.1398765
36045,40048,"114,787","6,340,740,000","6,340,740",2.049125896,0.11864505,118.5,50.3,39.9,-0.126615535,2.710848559,329.13032,158327,0,0,0.285469507,0.024062165,0.291941271,0.002005349,0.2005349
36047,23952,"2,561,225","107,274,215,000","107,274,215",2.126466474,0.046546431,103.9,54.2,32.1,-0.038709778,57.43077407,95351.4285,4478789,0.006751531,0,0.273511329,0.715149577,0.455534324,0.089103202,8.9103202
36049,97337,"26,548","1,180,637,000","1,180,637",1.69189435,1.868866021,102.6,49.4,34.7,0.192159504,1.794659843,155.3796079,12129.33333,0,0,0.282666366,0.012826866,0.307234338,0.001113947,0.1113947
36051,41062,"61,158","2,137,940,000","2,137,940",1.786491349,0.012491461,88.5,67,29.1,-0.188856755,2.362243183,263.9627852,52066.33333,0,0,0.252203351,0.018208804,0.306260795,0.001406448,0.1406448
36053,44463,"66,921","2,326,686,000","2,326,686",1.842788634,-0.105655898,88.2,56.5,32.4,-0.15537694,2.314515418,269.9741375,52329,0,0,0.237726622,0.017896906,0.29576826,0.001258367,0.1258367
36055,49917,"748,482","49,325,244,000","49,325,244",1.720303394,-0.458851516,24.4,61.7,26.8,-0.154569757,11.72791986,2314.794376,988143,0,0,0.190171047,0.116136199,0.302536599,0.006681745,0.6681745
36057,84420,"49,368","1,954,212,000","1,954,212",1.852220377,0.320162315,95.7,51.3,33,-0.045661413,2.590234332,346.054556,23148.66667,0,0,0.244119226,0.019037902,0.280157579,0.001302037,0.1302037
36059,56401,"1,381,715","102,601,384,000","102,601,384",1.78800694,0.063258053,114.2,51.9,30.1,-0.043767914,30.30435047,9096.086629,1819157.333,0.031456889,0,0.226829684,0.297545356,0.271278098,0.018309134,1.8309134
36061,263605,"1,597,451","780,965,530,000","780,965,530",2.039622085,-0.217816365,168.8,55.1,31,-0.092681104,65.2179563,247467.6591,2962633,0.007197263,0,0.273965784,1,0.20366713,0.055797825,5.5797825
36063,43838,"209,457","9,798,529,000","9,798,529",1.803030279,-0.498993997,45.7,71.5,27.9,-0.182610476,4.989582435,761.0345092,223516.3333,0,0,0.2320853,0.042692864,0.31105248,0.003082028,0.3082028
36065,45656,"227,555","11,097,174,000","11,097,174",1.711463995,0.088884154,104.7,59.6,31.5,-0.103465637,3.192040176,457.7694195,243058,0,0,0.239717462,0.030279351,0.314280869,0.002281204,0.2281204
36067,54671,"467,873","31,913,695,000","31,913,695",1.828829674,0.578809617,126.7,60,27.3,-0.06465045,6.949289824,1273.745896,583741.3333,0,0,0.267674249,0.068465357,0.29478073,0.005402273,0.5402273
36069,66331,"112,494","6,446,953,000","6,446,953",1.847029669,-1.078080926,28.1,63.7,26.8,-0.253895504,2.962994204,348.2799305,97193.33333,0,0,0.191414551,0.023938447,0.292558548,0.001340552,0.1340552
36071,30222,"407,470","20,748,153,000","20,748,153",2.002168354,-0.002614531,110.8,55.8,36.6,-0.062696777,7.729248965,1329.643262,686528.3333,2.62E-05,0,0.277243452,0.077197455,0.329817738,0.00705892,0.705892
36073,37522,"39,124","1,328,192,000","1,328,192",1.847557586,-0.456273302,37.8,61,29,-0.166049818,1.86950478,224.3796184,35397.66667,0,0,0.213335671,0.014198262,0.307891291,0.000932601,0.0932601
36075,53273,"118,162","6,827,708,000","6,827,708",1.814377503,0.220409378,104.2,61.7,33.5,-0.063555031,2.663728793,314.2884598,128165.6667,0,0,0.267259227,0.022766941,0.313888166,0.001909907,0.1909907
36077,59293,"60,126","2,579,245,000","2,579,245",2.493770333,-0.181927293,89.6,42,44.6,-0.151276693,1.947355623,209.0941321,43500,0,0,0.309697126,0.014963219,0.303509783,0.001406484,0.1406484
36079,30788,"98,060","3,971,847,000","3,971,847",1.913346781,1.128787024,237.4,55,42.2,0.161220405,6.809853882,1014.998561,129005.3333,5.90E-05,0,0.364102508,0.052861071,0.242905178,0.004675159,0.4675159
36081,26322,"2,252,196","103,324,799,000","103,324,799",1.985659037,-0.096759888,103.1,56.1,29.8,-0.051862746,57.97478557,54325.69187,3925400.333,0.014761599,0,0.250778118,0.63031374,0.41329686,0.065329377,6.5329377
36083,65404,"159,305","9,980,840,000","9,980,840",2.075502519,-0.874967162,67,54.7,37.2,-0.194305204,3.498543153,484.3081883,152602.3333,2.62E-05,0,0.244641052,0.029643006,0.275079459,0.001994848,0.1994848
36085,16466,"490,687","17,538,815,000","17,538,815",2.01268119,2.683347287,372.4,56.8,35.3,0.897380324,51.34493178,25444.09103,1065133,0.00904574,0,0.504133325,0.439706656,0.288834381,0.064026142,6.4026142
36087,38366,"340,807","18,445,913,000","18,445,913",1.867267392,0.060524173,118.4,58.1,38.2,-0.044929569,16.64784115,4946.197351,480783,0.000891464,0,0.276638948,0.139642791,0.244854648,0.009458891,0.9458891
36089,46198,"106,940","4,820,196,000","4,820,196",1.770228696,-0.923568839,13.9,43.6,32.9,-0.192670965,1.749905902,173.5870282,104338.6667,0,0,0.152046987,0.015427259,0.333071298,0.000781275,0.0781275
36091,43891,"238,711","12,639,040,000","12,639,040",1.936734514,-0.121275166,109.8,56.9,35.4,-0.110768018,5.217573659,861.9090291,287961,0,0,0.264723346,0.046469838,0.279964521,0.003444026,0.3444026
36093,68613,"159,902","9,427,097,000","9,427,097",1.937985068,0.551878691,109.5,51.8,35,-0.008187951,7.515505899,1349.748607,137394.6667,0,0,0.273498596,0.058602834,0.259417265,0.004157886,0.4157886
36095,77287,"30,105","974,589,000","974,589",1.995785896,-0.476875649,68.9,43.3,35,-0.148600943,1.872654108,201.3977508,12610,0,0,0.212323315,0.013466982,0.276694704,0.000791168,0.0791168
36097,112993,"17,507","516,188,000","516,188",1.973069173,0.042995069,103.1,63.6,32.5,-0.168243215,2.471612295,278.4182095,4568.333333,0,0,0.280723786,0.017511622,0.288986199,0.001420636,0.1420636
36099,99126,"32,349","1,503,840,000","1,503,840",1.91488366,-1.095549752,24.6,60.4,23.8,-0.253371277,2.773542983,311.1875705,15171,0,0,0.180755538,0.019996814,0.287070545,0.001037626,0.1037626
36101,71058,"92,162","4,658,072,000","4,658,072",1.882237767,-0.993864428,27.5,60,33.6,-0.224320034,1.883431506,218.4200782,65553,0,0,0.209187047,0.015225037,0.299259066,0.000953104,0.0953104
36103,56173,"1,523,170","105,050,030,000","105,050,030",1.793862345,0.178449904,116.8,46.2,37.4,-0.046970042,15.32072694,3619.486891,1870122.667,0.039696378,0,0.239087672,0.188915946,0.379189653,0.017127039,1.7127039
36105,58161,"79,920","3,376,060,000","3,376,060",2.006290255,-0.222255831,87.9,51.7,36.7,-0.101748276,2.453590818,283.2338835,58047,0,0,0.253757356,0.019064317,0.28581022,0.001382667,0.1382667
36107,68017,"47,715","1,658,460,000","1,658,460",1.940406621,-0.155010867,73.9,65.6,29.5,-0.145673913,2.161858254,241.8575734,24383,0,0,0.257259778,0.015914467,0.284020805,0.001162824,0.1162824
36109,51218,"103,558","6,333,133,000","6,333,133",1.898575971,-1.907759902,12.7,60.7,25.9,-0.242871108,3.806465089,525.2246845,123651.3333,0,0,0.163634144,0.030938438,0.297707117,0.001507168,0.1507168
36111,37832,"182,333","7,659,189,000","7,659,189",1.926197665,-0.043810576,98.7,42.1,24.8,-0.060436321,2.953816319,574.4448263,202454.3333,0.000347409,0,0.194152174,0.027729991,0.3001118,0.001615753,0.1615753
36113,86783,"65,380","4,664,386,000","4,664,386",2.10801853,2.099851462,311.7,43.5,41.6,0.473905566,4.215458996,1695.705394,53747.66667,0,0,0.434947977,0.033732763,0.276281897,0.004053607,0.4053607
36115,43221,"60,047","2,055,239,000","2,055,239",2.121844651,-0.200358463,96.1,56.4,40.7,-0.153632734,2.129656269,206.2679336,47551.66667,0,0,0.293212397,0.016349082,0.315068537,0.001510361,0.1510361
36117,44646,"90,829","3,925,854,000","3,925,854",1.860433335,0.262258278,94.6,59.7,26.9,-0.121079561,2.986916398,356.4396197,87932.66667,0,0,0.246734956,0.023830302,0.304280558,0.001789099,0.1789099
36119,67572,"990,817","88,166,111,000","88,166,111",1.86778917,-0.070383378,113.7,53.8,37.8,-0.056967701,18.18497876,4707.038151,1304774,0.00169116,0,0.259220288,0.175944514,0.220136145,0.010040055,1.0040055
36121,93210,"39,532","1,862,189,000","1,862,189",1.906724259,1.640697743,134,64.3,31.3,0.14336536,1.700154727,186.6753199,19978.33333,0,0,0.342582538,0.012473428,0.307585397,0.001314367,0.1314367
36123,78643,"24,472","1,069,392,000","1,069,392",2.046513187,-0.598982927,33.3,60.9,28,-0.185983401,2.701714812,275.0734408,13598,0,0,0.227076576,0.019383479,0.298765399,0.001315026,0.1315026
37001,35479,"179,165","6,674,713,000","6,674,713",1.647694364,-0.118452947,98.5,59.6,45.8,-0.119832419,5.090768272,722.845917,188131,0,0,0.266123174,0.042220725,0.308239239,0.003463349,0.3463349
37003,30529,"36,473","884,399,000","884,399",1.296884187,-0.219728613,58.4,68.5,40.1,-0.077730779,2.416307606,251.9669842,28969.33333,0,0,0.216468667,0.017841133,0.304967567,0.001177799,0.1177799
37005,68101,"11,342","302,981,000","302,981",1.821428535,0.062682892,144.9,51.6,44.8,-0.109736479,1.476854968,149.1314206,4449,0,0,0.283038292,0.010371214,0.303881031,0.000892028,0.0892028
37007,83536,"21,897","836,697,000","836,697",1.656482931,0.369682586,123.2,44.8,45.5,-0.090177966,1.176371619,120.8568214,10016,0,0,0.251691378,0.008408882,0.294844661,0.000624022,0.0624022
37009,198623,"27,063","777,808,000","777,808",2.058602436,0.176672389,84.3,47.4,53.6,-0.074337893,1.664453671,171.1651502,3916,0,0,0.310044073,0.011696179,0.314477795,0.001140401,0.1140401
37011,182200,"17,561","630,170,000","630,170",1.343933131,3.164479814,437.1,53.1,44.1,0.731858455,2.435764021,311.0584324,3458.666667,0,0,0.475068118,0.017287959,0.302709466,0.00248614,0.248614
37013,48559,"44,481","1,861,636,000","1,861,636",1.577039139,0.280767689,147.7,50.9,51.8,-0.105160353,1.451296124,154.753571,38337.66667,0.007951074,0.089557349,0.281148988,0.055351491,0.297173329,0.004624616,0.4624616
37015,75764,"16,922","641,269,000","641,269",1.669153716,0.235905396,144.2,48.7,50.9,-0.102712274,0.841806501,68.444107,8464,0.000104878,0.091130126,0.281171444,0.047196991,0.28773818,0.003818414,0.3818414
37017,64482,"29,484","1,413,795,000","1,413,795",1.62692946,0.216042404,128.6,39.2,51.9,-0.110164357,1.128492089,112.7615525,21925.33333,0,0.000320975,0.249780448,0.008578746,0.311381979,0.00066723,0.066723
37019,32242,"159,964","5,646,957,000","5,646,957",1.460832457,0.270956963,116.1,47.1,58.8,-0.133327666,3.610323288,500.2497141,175142.6667,0.016859162,0.052428576,0.268484727,0.062468471,0.303147495,0.005084338,0.5084338
37021,60089,"275,901","15,336,616,000","15,336,616",1.950532542,0.055295954,99.2,50.7,51.2,-0.109960968,5.396516766,797.5753222,255233,0,0,0.299945158,0.046572242,0.317376857,0.004433475,0.4433475
37023,29698,"88,338","2,615,833,000","2,615,833",1.299967224,0.262211116,110.3,62.5,38,-0.036978699,2.938437578,426.6954213,88082.33333,0,0,0.226027746,0.023627055,0.306978489,0.001639379,0.1639379
37025,36906,"240,016","8,667,428,000","8,667,428",1.449110613,-0.491491682,105.3,53.6,46.1,-0.144578419,6.690001436,973.1624784,234852,0,0,0.220038529,0.055229714,0.309192885,0.003757518,0.3757518
37027,36983,"80,574","2,388,149,000","2,388,149",1.384105855,0.267800524,103.9,68.7,39.9,-0.045778182,2.953600751,387.9935448,64575,0,0,0.255095516,0.022927931,0.299852558,0.001753781,0.1753781
37029,32125,"11,137","171,978,000","171,978",1.517699366,0.166894561,135.9,60.3,45.8,-0.084061691,0.811526134,82.4135523,5353.333333,0.003303662,0.112175381,0.273338227,0.057877658,0.295658643,0.004677372,0.4677372
37031,33513,"69,615","2,554,588,000","2,554,588",1.32821488,0.206231038,104.7,52.5,55.7,-0.12359265,2.950391046,502.1526059,76227.66667,0.016393765,0.059404431,0.252314682,0.057751069,0.282827373,0.004121203,0.4121203
37033,34660,"22,807","331,195,000","331,195",1.990684693,-0.151181415,119,53.7,42.9,-0.112247191,1.244488805,118.2988275,9555.666667,0,0,0.287145491,0.008862359,0.30882582,0.000785896,0.0785896
37035,43358,"164,645","9,241,514,000","9,241,514",1.47846442,-0.218781173,88,55,38.3,-0.092551464,6.611942666,888.6599855,213143.3333,0,0,0.206853617,0.05385637,0.303237749,0.003378185,0.3378185
37037,25490,"81,624","1,887,232,000","1,887,232",1.115094154,0.284957276,101.2,67.2,41.1,-0.075705451,1.822315937,198.5048232,74038,0,0,0.223452839,0.015029492,0.285887091,0.000960118,0.0960118
37039,66823,"29,959","822,038,000","822,038",1.635951278,0.057100809,78.1,46.2,50.4,-0.180402038,1.972127816,255.1192118,12301.66667,0,0,0.243627732,0.01424555,0.30265858,0.00105041,0.105041
37041,73779,"13,891","589,147,000","589,147",1.608830843,2.014782804,192.1,46.9,48.3,0.159240115,1.584110858,161.4650203,7985.333333,0.000780031,0.024452938,0.337231553,0.022657548,0.283227515,0.002164096,0.2164096
37043,48459,"11,864","215,643,000","215,643",1.696236806,0.100864275,79.3,47,55,-0.149455809,1.755574738,264.4534843,4450,0,0,0.267722711,0.012515389,0.297528825,0.000996916,0.0996916
37045,47166,"101,378","4,463,065,000","4,463,065",1.600746492,0.720188366,203.7,49,42,0.000740535,3.290661221,393.1215259,94625.33333,0,0,0.284981495,0.026213208,0.308740865,0.00230638,0.230638
37047,31502,"50,121","1,448,915,000","1,448,915",1.58944929,0.225765277,124.7,42.7,58.8,-0.115898755,1.397595003,138.3400371,45993.66667,6.55E-06,0.001067242,0.273742937,0.011583699,0.306932701,0.00097327,0.097327
37049,42039,"102,391","4,984,208,000","4,984,208",1.597306481,0.253976048,142.1,45,55.3,-0.115528267,2.809155885,336.488948,118561.6667,0.005361895,0.057708614,0.276322251,0.052034769,0.286035318,0.00411272,0.411272
37051,40329,"337,890","17,938,442,000","17,938,442",1.660721511,0.124221674,152.8,42.9,48,-0.121861,7.092374871,1100.034976,444807,0,0,0.256598704,0.064804788,0.290658411,0.004833308,0.4833308
37053,25181,"31,593","824,134,000","824,134",1.501502825,0.12442157,124.4,58.8,41.8,-0.093764247,2.460056682,315.4316333,32728.66667,0.012021657,0.13987284,0.25099546,0.087059022,0.29306916,0.006403977,0.6403977
37055,32505,"38,110","2,592,624,000","2,592,624",1.593591351,0.125990933,106.5,67,58.9,-0.09315097,4.618314985,3547.143396,79761.33333,0.028644843,0.33315858,0.327042683,0.204316299,0.270931117,0.018103658,1.8103658
37057,23924,"174,804","5,013,955,000","5,013,955",1.69688341,0.302916004,121.1,51.1,46.8,-0.060298623,5.035265066,630.6062087,209578.6667,0,0,0.27358998,0.042336486,0.316840248,0.003669909,0.3669909
37059,40080,"44,599","1,416,538,000","1,416,538",1.813588518,0.299026227,114.5,50.7,46.2,-0.064303473,2.601698093,280.0403673,35343,0,0,0.281875392,0.019377352,0.287995125,0.001573029,0.1573029
37061,42515,"49,520","2,126,936,000","2,126,936",1.574114688,2.634738426,339,40.2,54.1,0.384260947,1.269599873,128.1649897,50027.33333,0,2.67E-06,0.428664695,0.010318785,0.338436684,0.001497007,0.1497007
37063,98432,"336,892","39,750,581,000","39,750,581",1.489352191,0.706337135,188.1,67.2,43.6,-0.018061563,12.07997286,2355.903744,403839,0,0,0.316644292,0.100419078,0.294306773,0.00935811,0.935811
37065,40912,"48,832","1,624,071,000","1,624,071",1.601636065,0.773806078,215.8,50.6,47.4,-0.045242744,1.823235323,218.4810127,39696.66667,0,7.76E-05,0.310702203,0.014035754,0.299497525,0.001306091,0.1306091
37067,59910,"392,921","26,511,548,000","26,511,548",1.702244929,-0.671561049,60.2,51.5,44.7,-0.150683769,11.53786198,1842.124743,442519.3333,0,0,0.220971989,0.096926877,0.297168935,0.006364801,0.6364801
37069,24353,"77,001","1,784,003,000","1,784,003",1.477044359,-0.092894896,122.9,63.6,45.2,-0.103104937,2.345376706,262.2441541,73255.66667,0,0,0.263263406,0.01874992,0.312053745,0.00154035,0.154035
37071,34008,"237,242","8,021,211,000","8,021,211",1.819807474,0.004219995,155.3,41.3,44.1,-0.118221053,7.784867496,1119.954756,235863.3333,0,0,0.256130833,0.06312438,0.30663381,0.004957686,0.4957686
37073,34993,"10,343","184,446,000","184,446",1.499059112,0.846752668,123.4,62,50.2,-0.003364329,0.822235347,68.18518617,5271,0.000458842,0.06779525,0.305334963,0.036569985,0.310489125,0.003466951,0.3466951
37075,50954,"8,052","228,935,000","228,935",1.834708809,0.016813265,86.7,53.1,59.3,-0.210734136,2.023514274,279.3170006,4493,0,0,0.31153231,0.014402538,0.293379101,0.00131635,0.131635
37077,57811,"62,192","3,309,337,000","3,309,337",1.715056993,-0.938621832,58.8,57.4,42.4,-0.153804093,1.578518313,163.9965356,57244.33333,0,0,0.223189007,0.012751179,0.306590223,0.000872532,0.0872532
37079,35959,"20,530","420,317,000","420,317",1.776229918,0.289953001,136.5,40.8,52.3,-0.099185542,1.32332271,123.7553969,11688.66667,0,0,0.276818483,0.00948575,0.308994547,0.000811367,0.0811367
37081,53806,"549,866","34,424,943,000","34,424,943",1.573874117,0.202605275,112.3,58.4,44.4,-0.082872658,9.694720348,1612.130693,639798.3333,0,0,0.264707674,0.089877576,0.318660218,0.007581336,0.7581336
37083,33782,"47,298","1,403,492,000","1,403,492",1.622287105,3.016959164,546.1,55.6,44.3,1.438354907,1.407792561,155.5249523,41546,0,0.000684746,0.629388185,0.011371126,0.301075962,0.002154756,0.2154756
37085,15656,"141,477","2,716,268,000","2,716,268",1.574873388,0.358193299,134.2,48.3,47.1,-0.074611133,3.760122802,480.0247378,173495.3333,0,5.08E-05,0.259010065,0.032112841,0.326284351,0.002713886,0.2713886
37087,76310,"62,969","1,957,137,000","1,957,137",1.732230173,0.161219067,96.5,52.8,57.4,-0.144835439,2.498787112,435.8387567,25647.33333,0,0,0.300933672,0.018645578,0.300403382,0.001685588,0.1685588
37089,34939,"119,230","4,385,797,000","4,385,797",1.639890231,0.281718613,102.1,51.2,48.4,-0.069108839,5.360988412,808.9951337,125527.3333,0,0,0.264921801,0.042298932,0.304968813,0.003417453,0.3417453
37091,69197,"19,453","824,643,000","824,643",1.537657748,0.250117725,129.1,56.6,49.6,-0.085294188,1.228829247,124.9100133,11917.33333,0.000275305,0.046621605,0.277969593,0.030044577,0.289355205,0.002416544,0.2416544
37093,16134,"54,446","1,162,881,000","1,162,881",1.772300306,2.891052256,438.6,39.9,47.6,0.745693524,2.758913879,420.7093609,72076.66667,0,0,0.50466877,0.021871305,0.313154305,0.003456524,0.3456524
37095,34656,"4,607","177,923,000","177,923",1.620263934,0.206742987,125.4,62.5,61.2,-0.087592414,0.617176169,52.91510848,5134,0.012421505,0.56821118,0.333859116,0.266794188,0.291389864,0.025954582,2.5954582
37097,45054,"199,710","10,581,864,000","10,581,864",1.457992042,-0.029484687,109.6,58.6,40.5,-0.088848628,5.084486489,636.3120369,234870.6667,0,0,0.232407298,0.043477639,0.321427928,0.003247875,0.3247875
37099,59780,"44,574","1,629,092,000","1,629,092",1.859394786,0.258088988,91,43,53.9,-0.113079256,2.307128045,288.833783,27251.33333,0,0,0.281164276,0.017097523,0.296652342,0.001426071,0.1426071
37101,27275,"241,955","7,726,394,000","7,726,394",1.509233935,2.671928172,398,49.5,48.1,0.626870897,4.373607237,547.9118734,283278.3333,0,0.000104317,0.465040198,0.0399427,0.330302734,0.00613536,0.613536
37103,41549,"9,401","219,935,000","219,935",1.488802092,0.227588998,138.9,43.7,57.5,-0.118481394,0.742082748,60.76633005,5293.333333,5.24E-05,0.01067509,0.265281205,0.009989717,0.288400494,0.000764286,0.0764286
37105,41308,"67,059","2,815,923,000","2,815,923",1.408670422,0.308967896,115.1,54.2,43.4,-0.078003785,3.48551847,426.5723359,68168.33333,0,0,0.236289993,0.026800376,0.292905538,0.001854871,0.1854871
37107,65815,"54,895","2,866,713,000","2,866,713",1.605206141,1.428805359,164.1,39.5,53.1,0.024967551,2.291723573,287.6087102,43557.33333,0,0.000112341,0.301486652,0.017548085,0.303021674,0.00160314,0.160314
37109,27522,"95,675","3,167,278,000","3,167,278",1.679317765,-0.69830911,115.9,48.7,41.3,-0.185358919,4.850988832,561.164472,115081.6667,0,0,0.215798165,0.037982346,0.304240725,0.002493715,0.2493715
37111,47456,"44,893","1,555,257,000","1,555,257",1.579154904,0.609420511,112.6,55.9,37.2,-0.009252491,2.056866553,263.6912137,32772.33333,0,0,0.250520883,0.015487858,0.303573551,0.001177875,0.1177875
37113,92282,"38,412","1,616,103,000","1,616,103",1.862287023,0.107109537,84.2,43,53.7,-0.129062506,2.557742337,394.7346081,17512.66667,0,0,0.274456623,0.018725576,0.293677247,0.001509313,0.1509313
37115,68624,"22,071","427,736,000","427,736",1.711552368,-0.075272809,94.1,60.9,57.9,-0.165012427,1.514921166,169.9596334,6233,0,0,0.312237332,0.010729003,0.299339042,0.001002784,0.1002784
37117,51127,"21,447","630,382,000","630,382",1.66794363,0.468167189,153.9,45.2,52.3,-0.092366171,1.154284852,120.455769,12329.66667,7.21E-05,0.042641516,0.286835702,0.027640675,0.298196214,0.002364199,0.2364199
37119,75919,"1,163,701","129,565,466,000","129,565,466",1.561304439,0.22622717,124,46.6,44.2,-0.07322713,22.83175651,4790.180165,1706633.667,0,0,0.237505924,0.220106435,0.348539443,0.018220451,1.8220451
37121,116913,"14,999","496,375,000","496,375",1.668639591,0.101327012,96.5,54.5,54.4,-0.085629821,1.957579057,224.802123,4245.666667,0,0,0.287215842,0.01383783,0.292595813,0.001162906,0.1162906
37123,36951,"26,085","1,093,302,000","1,093,302",1.479082913,0.352326892,126.8,50.1,43.3,-0.07468975,1.613104977,175.5681629,29587.66667,0,0,0.23883985,0.012149163,0.298910091,0.000867349,0.0867349
37125,34203,"106,898","4,014,195,000","4,014,195",1.619880813,0.368356712,133,45.6,44.9,-0.078916932,3.032830124,357.4385405,117365,0,0,0.250821897,0.025069117,0.279510628,0.00175753,0.175753
37127,44683,"96,551","5,119,148,000","5,119,148",1.652094489,0.216736561,130.6,52.4,45,-0.079244912,2.845314543,361.0987852,114566.6667,0,0,0.266435045,0.023687716,0.301543755,0.001903114,0.1903114
37129,46719,"238,852","15,236,927,000","15,236,927",1.641153922,0.219397615,102.2,40.5,57.3,-0.136029142,14.95416788,3096.171248,326139.6667,0.014138885,0.043818424,0.262062658,0.14549087,0.287562973,0.010964122,1.0964122
37131,57391,"16,715","505,790,000","505,790",1.676476932,0.218669658,127.4,56.1,47.6,-0.074013437,1.192817986,105.5837886,8813,0,0.001556728,0.285233155,0.009161414,0.289976579,0.000757749,0.0757749
37133,35297,"213,676","9,039,244,000","9,039,244",1.527870805,0.935010534,161.7,41.8,59.8,-0.050315694,4.315140073,651.3530456,256089.6667,0.012677146,0.039308727,0.301741398,0.062336594,0.281762612,0.005299823,0.5299823
37135,38511,"150,626","9,678,520,000","9,678,520",1.655940005,-0.063287019,110.6,60,44.7,-0.112180615,6.345544627,980.4794441,251317.6667,0,0,0.270210967,0.053367492,0.267959789,0.003864109,0.3864109
37137,38899,"12,423","287,878,000","287,878",1.506724899,0.202400512,128.7,60.1,56.7,-0.105407551,1.260456362,122.1691536,7400.666667,0.00454909,0.064839606,0.302371248,0.040287971,0.28220141,0.003437756,0.3437756
37139,36600,"41,444","1,609,108,000","1,609,108",1.526555191,0.168413001,134.8,55.9,45.1,-0.084196687,2.382784238,304.8013168,43964.33333,0.010061747,0.063820511,0.260876676,0.051579926,0.303121218,0.004078799,0.4078799
37141,19797,"68,521","1,777,186,000","1,777,186",1.59375891,0.207765163,132.3,39.7,58.6,-0.126287426,1.770244091,241.1839732,89769.66667,0.008259154,0.091964661,0.267740187,0.060554739,0.308820676,0.00500689,0.500689
37143,51288,"13,377","283,881,000","283,881",1.545086856,0.456321802,145.9,53,49.4,-0.056052165,1.237887098,110.7000798,5535,0.001658386,0.038297656,0.280845401,0.026743866,0.302250551,0.002270171,0.2270171
37145,52826,"39,737","1,537,205,000","1,537,205",1.731579407,-0.720445892,63.7,58,40.2,-0.14146482,1.817557502,189.0506768,29099.66667,0,0,0.227262032,0.013576819,0.29067649,0.000896881,0.0896881
37147,35326,"175,119","9,399,400,000","9,399,400",1.575542219,-0.185326214,116.5,47,50.4,-0.139702555,4.308107528,653.4709681,266074.6667,0.000327744,0.019186275,0.243549481,0.047920699,0.30570361,0.003567886,0.3567886
37149,48751,"20,060","532,755,000","532,755",1.867779514,2.361883793,240.7,39.4,38.6,0.290768897,1.833633609,199.5370175,10928,0,0,0.351223577,0.013140414,0.254957117,0.001176684,0.1176684
37151,17603,"147,458","4,187,682,000","4,187,682",1.453385243,0.030504289,115.1,53.7,42.6,-0.104790746,3.797260986,488.8133006,237900.6667,0,0,0.229236891,0.034373437,0.324273963,0.002555169,0.2555169
37153,57538,"42,324","2,002,769,000","2,002,769",1.631620069,0.343822343,128.6,46.1,48.1,-0.096885706,2.196232972,287.3729187,34807.66667,0,3.48E-05,0.260769879,0.016577128,0.29545573,0.001277201,0.1277201
37155,19656,"117,365","3,845,913,000","3,845,913",1.673254085,0.38427581,141.5,41.5,51.5,-0.090687482,2.744214386,329.1072635,195657.6667,0,0,0.269236008,0.025458553,0.324901588,0.002226992,0.2226992
37157,32416,"92,518","2,796,100,000","2,796,100",1.700890616,0.272998132,125.7,55.3,41.6,-0.068275064,2.587826838,303.4492501,86256,0,0,0.269682692,0.020912743,0.310182609,0.001749369,0.1749369
37159,28989,"151,661","5,809,935,000","5,809,935",1.457836912,0.273468971,116.6,54.4,44.3,-0.06105351,4.829281392,632.59539,200418.6667,0,0,0.244730027,0.040625393,0.303826209,0.003020717,0.3020717
37161,35759,"65,507","1,834,792,000","1,834,792",1.586413074,0.585323244,116.6,51,37.4,-0.00500085,2.260879216,258.0029706,51310,0,0,0.239984457,0.017471168,0.29715801,0.001245927,0.1245927
37163,23547,"59,601","1,801,829,000","1,801,829",1.670548258,0.212270906,129.1,38.4,51.3,-0.101660242,1.357532935,137.8869311,76522,0,0,0.251104687,0.011772134,0.348262946,0.001029478,0.1029478
37165,41408,"34,376","1,184,957,000","1,184,957",1.815961958,0.339614257,133,39.1,51,-0.100665771,2.678013485,337.8116776,28616.33333,0,0,0.274116877,0.019802378,0.29465818,0.001599454,0.1599454
37167,34430,"65,699","1,869,735,000","1,869,735",1.346783862,0.269161256,104.5,53.2,42.5,-0.074346657,2.523195901,291.3926537,54305,0,0,0.219474249,0.019445286,0.303044164,0.001293314,0.1293314
37169,27820,"45,532","1,208,306,000","1,208,306",1.430197912,0.971627117,207.5,60.7,37.7,0.047777805,1.847649642,191.5396037,43433.66667,0,0,0.293297834,0.014237432,0.314092043,0.001311588,0.1311588
37171,36262,"71,462","2,526,710,000","2,526,710",1.565129869,2.433727192,356.1,59.6,39.1,0.564578764,2.278399712,258.073241,69680,0,0,0.436769099,0.018166105,0.3146873,0.002496853,0.2496853
37173,223873,"13,916","701,469,000","701,469",2.074988567,0.935686217,83.4,53.1,65.4,-0.086715235,0.977319324,257.2065581,3133.333333,0,0,0.383579593,0.007062441,0.297365395,0.000805565,0.0805565
37175,149331,"33,549","1,795,756,000","1,795,756",2.103794019,0.563196421,102.3,38.4,52.9,-0.05362145,2.071600484,387.0130385,12025.33333,0,0,0.306290567,0.015167946,0.280319374,0.001302307,0.1302307
37177,22334,"3,461","102,683,000","102,683",1.630752034,0.416665164,147.2,57.4,57.5,-0.055079717,0.650231562,55.8677159,4597.666667,0.005466773,0.38323869,0.324521987,0.180229683,0.290800465,0.017008481,1.7008481
37179,25260,"256,452","8,591,625,000","8,591,625",1.338242157,-0.458251993,62.3,48.8,44.7,-0.140873782,5.33107612,714.6061492,340131,0,0,0.179660303,0.048616102,0.336486439,0.002939002,0.2939002
37181,31754,"42,301","1,265,122,000","1,265,122",1.553010078,-0.246223337,105,63.9,43.1,-0.100469974,2.620995842,332.7343074,39841.66667,0,0,0.25642057,0.019747889,0.292208439,0.001479675,0.1479675
37183,60114,"1,190,275","94,675,594,000","94,675,594",1.611759764,1.547736339,220.8,54.3,46.3,0.141962666,14.63138952,2803.961849,1574945.333,0,0,0.349732949,0.155483176,0.370053541,0.02012262,2.012262
37185,31808,"18,836","316,794,000","316,794",1.714450534,1.589026179,169.6,56.9,42.7,0.142489054,1.298660683,113.9158793,9959.666667,0,0,0.337205548,0.009242738,0.309043449,0.000963197,0.0963197
37187,54293,"10,713","276,803,000","276,803",1.661677983,0.759229979,153.9,49.9,53.9,-0.034865447,1.071598167,103.3483563,5098.333333,0.000957013,0.054335702,0.311706526,0.032497972,0.29282723,0.00296629,0.296629
37189,66808,"54,748","2,369,277,000","2,369,277",1.752486732,2.336857701,162.6,50.5,52.2,0.218746144,3.271678962,392.4633417,35464,0,0,0.37635546,0.024234082,0.299362342,0.002730373,0.2730373
37191,37347,"118,686","4,950,904,000","4,950,904",1.884295947,2.306881922,380.1,36.8,51.3,0.412350875,3.158529458,396.5778407,132564.3333,0,0,0.454448966,0.026486911,0.310791858,0.003740986,0.3740986
37193,49418,"66,013","2,459,893,000","2,459,893",1.429308763,0.347684335,104.1,68.2,38.9,-0.039106833,1.883928714,205.3879644,49777.33333,0,0,0.258502131,0.014712363,0.306011512,0.001163816,0.1163816
37195,47611,"78,970","3,740,054,000","3,740,054",1.620851247,0.335260602,120.9,48.7,49.7,-0.072504748,2.835812327,363.6058736,78554.66667,6.55E-06,6.15E-05,0.267892048,0.022533337,0.29167951,0.001760724,0.1760724
37197,32228,"37,774","938,147,000","938,147",1.734802394,2.537153887,292.2,55.1,44,0.423801002,1.932140848,206.226522,29109.33333,0,0,0.427885179,0.014403348,0.317498374,0.001956736,0.1956736
37199,66901,"18,938","401,430,000","401,430",1.956978465,-0.044601564,86.1,52.2,58.1,-0.099243106,1.937786148,237.0771634,6000.333333,0,0,0.317632444,0.013777717,0.312280521,0.001366618,0.1366618
38001,44684,"2,163","93,509,000","93,509",1.660746374,-2.040394886,17.3,60.5,27.4,-0.389205673,0.209291852,20.33888454,2092.666667,0,0,0.130779013,0.001269495,0.283055507,4.70E-05,0.0047
38003,130421,"10,726","637,845,000","637,845",1.802533845,-1.60558253,26.9,65.4,33.1,-0.379836509,0.372368585,36.02586323,4890.666667,0,0,0.191549856,0.002516709,0.265260663,0.000127876,0.0127876
38005,45229,"5,745","283,226,000","283,226",1.88531852,-2.230254691,16.9,66.4,34.3,-0.392999976,0.335067553,31.61660554,6262,0,0,0.187549965,0.002292697,0.304248087,1.31E-04,0.0131
38007,131462,"1,034","105,082,000","105,082",1.736993994,-0.256352227,59,60.7,26.6,-0.288319765,0.252703779,11.25051021,799.3333333,0,0,0.203311942,0.001513669,0.276931109,8.52E-05,0.00852
38009,88873,"6,349","457,280,000","457,280",1.840888484,-1.873419292,23.1,58.5,29.8,-0.373503816,0.333204617,33.86250449,5145.333333,0,0,0.160520961,0.00224903,0.276645117,9.99E-05,0.00999
38011,61294,"2,867","179,713,000","179,713",1.662089482,-2.944343655,8.6,60,27.7,-0.406659388,0.214975196,24.55222651,2932,0,0,0.105436641,0.001342811,0.264092635,3.74E-05,0.00374
38013,115989,"2,134","204,760,000","204,760",1.97965937,-1.976463712,18.9,63.4,29.8,-0.390668374,0.227722258,26.03446615,1765.333333,0,0,0.183360784,0.001397535,0.263178316,6.74E-05,0.00674
38015,66205,"100,012","5,697,868,000","5,697,868",1.62653009,-0.271262124,52.9,68.1,32.8,-0.270835492,0.761778984,149.4654312,86063.66667,0,0,0.225708796,0.007958419,0.279789748,0.000502582,0.0502582
38017,71137,"196,362","13,496,845,000","13,496,845",1.750583462,0.595292484,161.1,73.7,32.1,-0.260286297,1.175395431,251.1268917,189730,0,0,0.326048604,0.01424847,0.278141843,0.001292162,0.1292162
38019,108336,"3,596","412,145,000","412,145",1.920792831,-0.043137712,83.5,60.1,34.3,-0.318252602,0.280876676,23.03684465,3804.333333,0,0,0.261530808,0.001824412,0.265794341,0.000126821,0.0126821
38021,64320,"4,900","337,016,000","337,016",1.821448537,0.561322873,129.9,62.8,35.3,-0.21714927,0.296270141,34.50897413,5239.666667,0,0,0.302507657,0.001996948,0.272370677,0.000164537,0.0164537
38023,93674,"2,135","163,055,000","163,055",1.90235163,-2.06872388,17.3,63.7,30.1,-0.384690366,0.189156959,19.58845616,1740.666667,0,0,0.173519674,0.001117467,0.280110987,5.43E-05,0.00543
38025,304695,"4,019","1,096,191,000","1,096,191",1.66504287,0.232603549,87.4,60.6,25.2,-0.238278621,0.258886765,11.75436038,3597.666667,0,0,0.22068079,0.001644807,0.279515,1.01E-04,0.0101
38027,50575,"2,263","124,381,000","124,381",1.816978912,0.494004881,124.2,71.6,35.3,-0.216153855,0.29194256,27.82788911,2459.333333,0,0,0.319868072,0.001867955,0.283987936,0.000169683,0.0169683
38029,66581,"3,224","220,095,000","220,095",1.552335382,-2.001258682,19.4,71.6,33.3,-0.395235671,0.254963608,20.48132681,3305.666667,0,0,0.165404523,0.001624426,0.283677939,7.62E-05,0.00762
38031,76653,"3,309","279,504,000","279,504",1.748033545,0.594309143,169.9,71.9,33.5,-0.232605771,0.348301386,40.05939273,3646.333333,0,0,0.331537193,0.002318298,0.2597983,0.000199681,0.0199681
38033,40326,"1,743","71,579,000","71,579",1.569973876,-0.147641235,61,61.9,24.4,-0.269717091,0.201038029,21.83602665,1775,0,0,0.185526194,0.001205062,0.294708513,6.59E-05,0.00659
38035,55358,"72,708","3,988,871,000","3,988,871",1.720908218,0.119850834,83.2,68.6,31.8,-0.261470778,0.868644113,133.0669236,72056.33333,0,0,0.259377445,0.008232633,0.28939798,0.000617969,0.0617969
38037,36664,"2,215","85,697,000","85,697",1.526170453,-3.406366344,12.7,66.9,28.1,-0.512405956,0.230538957,15.57653915,2337.333333,0,0,0.09364316,0.001415816,0.289651735,3.84E-05,0.00384
38039,74784,"2,248","161,559,000","161,559",1.952547586,-1.752840492,20.5,63.2,33.6,-0.354008539,0.375977702,25.2487412,2160.333333,0,0,0.200370147,0.002436848,0.269596806,0.000131636,0.0131636
38041,42169,"2,415","91,127,000","91,127",1.680075494,-1.983884728,12.8,62.9,28.1,-0.344725289,0.194399658,26.09382539,2161,0,0,0.143538325,0.001178839,0.268881875,4.55E-05,0.00455
38043,65581,"2,342","138,682,000","138,682",1.679266743,-2.232315848,13.8,71.2,34.2,-0.398207653,0.227161677,20.56453156,2114.666667,0,0,0.174296537,0.001394554,0.287527763,6.99E-05,0.00699
38045,65575,"4,096","259,698,000","259,698",1.87900308,-0.775888688,28.2,64.9,35.6,-0.267208089,0.330255322,31.3526206,3960.333333,0,0,0.233088458,0.002187005,0.261268058,0.000133186,0.0133186
38047,66193,"1,869","115,484,000","115,484",1.738407834,-1.71032926,23.8,62.4,32.8,-0.385372407,0.233686509,18.60097616,1744.666667,0,0,0.171425311,0.001424681,0.274878033,6.71E-05,0.00671
38049,52841,"5,131","257,407,000","257,407",1.720253135,-0.037224659,71.2,61,29.5,-0.259262954,0.273115266,24.98704286,4871.333333,0,0,0.223306146,0.001807434,0.291970761,0.000117843,0.0117843
38051,62403,"2,488","149,185,000","149,185",1.552305677,0.371551737,103,69.2,31.5,-0.233835007,0.285474722,30.93695684,2390.666667,0,0,0.258652033,0.001826626,0.277412147,0.000131066,0.0131066
38053,498081,"14,252","2,614,429,000","2,614,429",1.745733193,0.133076553,88.7,56.8,27.1,-0.260772965,0.249348499,18.35731578,5249,0,0,0.221842409,0.00164224,0.273087139,9.95E-05,0.00995
38055,147941,"9,832","750,849,000","750,849",1.746950684,0.124827997,79.1,63.2,29.7,-0.247079158,0.294848075,30.81071897,5075.333333,0,0,0.241880917,0.001975197,0.259783905,0.000124115,0.0124115
38057,163540,"8,309","840,375,000","840,375",1.566920598,-2.283533345,18.4,66,28.7,-0.388414382,0.399835704,29.23190208,5138.666667,0,0,0.13236858,0.002702569,0.255661413,9.15E-05,0.00915
38059,83215,"33,895","1,352,193,000","1,352,193",1.806125037,0.107208544,84.9,61.9,32.2,-0.260304925,0.422388943,42.56246736,16249.33333,0,0,0.253809704,0.003230105,0.290445368,0.000238116,0.0238116
38061,276845,"9,383","1,427,599,000","1,427,599",1.515691754,-1.632125035,17.5,65.6,25.5,-0.34894862,0.24262967,25.57695822,5156.666667,0,0,0.133432303,0.001605943,0.285948482,6.13E-05,0.00613
38063,56247,"2,991","167,184,000","167,184",1.909484246,-2.416596541,7.2,63.5,33.8,-0.359845334,0.320252285,30.61462721,2972.333333,0,0,0.177017848,0.002085435,0.276376175,1.02E-04,0.0102
38065,124148,"1,879","213,782,000","213,782",1.917357187,-1.636206015,60.3,63.6,32.3,-0.562394021,0.300311302,15.57196645,1722,0,0,0.196325389,0.001880603,0.255520207,9.43E-05,0.00943
38067,96961,"6,661","489,752,000","489,752",1.763010965,0.035900341,82.2,70.2,33.1,-0.2864025,0.408840423,50.02446537,5051,0,0,0.268373358,0.00280029,0.272901758,0.000205092,0.0205092
38069,60707,"3,902","243,558,000","243,558",1.939454594,-2.149726988,17.2,58.4,30.4,-0.392574209,0.265784179,24.67636664,4012,0,0,0.163852542,0.001729194,0.288598438,8.18E-05,0.00818
38071,108339,"11,463","650,936,000","650,936",1.842716351,0.122556606,84.7,63.1,31.3,-0.265084743,0.3816895,46.44150554,6008.333333,0,0,0.258743147,0.002635277,0.278074867,0.000189608,0.0189608
38073,52694,"5,603","275,135,000","275,135",1.702620824,-0.732153745,71.2,67.1,32.9,-0.412731539,0.336620148,258.092233,5221.333333,0,0,0.220475774,0.002684805,0.269337831,0.00015943,0.015943
38075,77834,"2,279","183,299,000","183,299",1.867166845,-0.087733125,65.4,63.8,29.1,-0.276732648,0.240409397,27.90951047,2355,0,0,0.242059054,0.001507372,0.2580362,9.42E-05,0.00942
38077,89616,"16,558","868,857,000","868,857",1.579262546,0.15180331,89.1,74.8,31.4,-0.265316494,0.609369982,41.05444462,9695.333333,0,0,0.260532651,0.004319873,0.289600407,0.000325936,0.0325936
38079,26660,"11,728","390,301,000","390,301",2.005075089,0.120785151,78.6,55.8,30.7,-0.250234254,0.509329676,54.22014987,14640,0,0,0.255173405,0.003804275,0.306445931,0.000297482,0.0297482
38081,246157,"3,776","1,017,119,000","1,017,119",1.655674737,-2.482346601,28.2,68.9,33.3,-0.445445033,0.310160191,14.15849276,4132,0,0,0.160194555,0.002021549,0.240327796,7.78E-05,0.00778
38083,73693,"1,266","79,834,000","79,834",1.945299732,-0.92237903,35.6,67.9,33.3,-0.310619148,0.225445713,15.72650158,1083.333333,0,0,0.236912422,0.001341626,0.278215761,8.84E-05,0.00884
38085,20801,"3,643","117,059,000","117,059",1.806340491,0.151870195,85.1,66.3,32.6,-0.250595083,0.18202108,11.85871043,5627.666667,0,0,0.268087678,0.001175145,0.290230364,9.14E-05,0.00914
38087,26784,674,"17,356,000","17,356",1.584652879,-0.298095548,49.7,63.6,27.6,-0.265708686,0.130381229,8.939182954,648,0,0,0.19195929,0.000656193,0.303130441,3.82E-05,0.00382
38089,192346,"33,001","2,538,708,000","2,538,708",1.534696229,-0.227807897,57.3,63.5,25.6,-0.272339225,0.471835458,66.85686337,13198.66667,0,0,0.185253921,0.003522295,0.270870844,0.000176748,0.0176748
38091,81308,"1,782","167,575,000","167,575",1.920064731,0.461468205,117,63,33.1,-0.232202055,0.319978264,23.07629033,2061,0,0,0.298494904,0.00204132,0.252381853,0.000153782,0.0153782
38093,113376,"21,392","1,263,996,000","1,263,996",1.973470587,-2.214719269,12,64.6,35.1,-0.380900581,0.34615255,45.32937058,11148.66667,0,0,0.19518321,0.002547146,0.275076824,0.000136757,0.0136757
38095,89101,"2,030","202,348,000","202,348",2.000107071,-1.86294897,20.8,62.6,33.3,-0.376548907,0.235287683,20.94406956,2271,0,0,0.198767882,0.001456495,0.268537947,7.77E-05,0.00777
38097,85840,"7,908","456,240,000","456,240",1.780625011,0.095543643,79,72.2,32.7,-0.248319065,0.475562948,47.85960398,5315,0,0,0.275525246,0.003267415,0.27741171,0.000249741,0.0249741
38099,113422,"10,305","603,819,000","603,819",1.965022582,0.33169843,96.8,61.4,33.5,-0.233325566,0.44956713,55.87671014,5323.666667,0,0,0.288022485,0.003102006,0.27982224,0.000250006,0.0250006
38101,69486,"68,332","3,718,991,000","3,718,991",1.867249888,-0.090576341,60.8,59.1,28.6,-0.255611678,0.655566976,85.70147179,53521.33333,0,0,0.227364007,0.006089589,0.277397923,0.000384072,0.0384072
38103,81626,"3,876","321,389,000","321,389",1.813561216,-1.918594182,19.8,71.5,34,-0.385952719,0.288524905,28.17227071,3937.333333,0,0,0.19947309,0.001891,0.268402856,1.01E-04,0.0101
38105,446539,"39,113","4,889,606,000","4,889,606",1.71792657,0.127875643,91.9,59.9,27.1,-0.268874157,0.340939641,48.44049333,10950,0,0,0.22733251,0.00251047,0.242718628,0.000138522,0.0138522
39001,60747,"27,521","731,096,000","731,096",2.24010784,1.87202702,240.3,49.3,35.2,0.227915419,0.83945083,70.29937835,12035,0,0,0.402603376,0.006042352,0.322039824,0.000783417,0.0783417
39003,102290,"100,838","8,256,775,000","8,256,775",1.958468771,1.52254478,182.6,62.8,27.9,0.132678076,2.658408054,346.0576217,80719.33333,0,0,0.350669215,0.021307423,0.307682219,0.002298958,0.2298958
39005,48558,"52,190","1,794,586,000","1,794,586",1.712938366,1.805689719,204.4,63,26.1,0.201005648,1.426564049,157.98642,36957.66667,0,0,0.338305169,0.011053032,0.3150383,0.001178022,0.1178022
39007,39468,"96,845","3,128,791,000","3,128,791",1.738718671,0.602852331,98.1,66.7,28,-0.113364599,1.776341358,203.2889496,79275,0,0,0.266472994,0.014882747,0.311893866,0.001236924,0.1236924
39009,30317,"62,706","2,040,989,000","2,040,989",1.571698594,1.392032812,238.4,68.6,35.7,0.144811989,1.610092822,183.5506537,67322,0,0,0.357661378,0.013320428,0.30874065,0.001470903,0.1470903
39011,99808,"46,050","2,613,150,000","2,613,150",1.928231974,-0.144507712,75,61.8,29.4,-0.178387364,1.386155668,144.653647,26181.66667,0,0,0.24669146,0.010412079,0.290484158,0.000746129,0.0746129
39013,90168,"64,918","2,342,623,000","2,342,623",1.716345374,0.814828388,74.9,76.5,32.9,0.012370353,1.654254974,197.2946538,25980.66667,0,0,0.301895043,0.012361748,0.299515791,0.001117778,0.1117778
39015,21950,"43,777","873,259,000","873,259",1.841493083,-0.080577909,62.9,53.7,30.7,-0.117881309,1.205757561,112.6768855,39784.33333,0,0,0.218804268,0.00952676,0.32379469,0.000674949,0.0674949
39017,39605,"393,043","22,230,923,000","22,230,923",1.947081919,0.393207521,111.7,53.3,34.1,-0.08973856,8.434106745,1431.822345,561315.3333,0,0,0.271301616,0.078354251,0.316912216,0.006736804,0.6736804
39019,116737,"26,758","1,107,409,000","1,107,409",1.888382729,1.76377567,363.9,68.5,28.9,0.326506189,1.229494252,105.2742114,9486.333333,0,0,0.448099384,0.008732382,0.30797457,0.001205097,0.1205097
39021,59119,"38,845","1,197,748,000","1,197,748",1.953447958,0.150241228,105.9,55.7,30.7,-0.167577573,1.157226056,118.495185,20260,0,0,0.257779477,0.008591442,0.313585012,0.000694496,0.0694496
39023,41463,"134,610","4,670,033,000","4,670,033",1.912046466,-0.218016002,59.4,53.9,32.4,-0.166869717,3.367260341,507.7510014,112632.6667,0,0,0.227069433,0.027515967,0.302409098,0.001889463,0.1889463
39025,26731,"211,972","8,202,950,000","8,202,950",1.932727799,0.631587854,123.7,54.9,32,-0.025476934,5.625516018,845.2565623,306875.6667,0,0,0.279576661,0.049859503,0.302115271,0.004211352,0.4211352
39027,81655,"41,938","2,330,367,000","2,330,367",1.592610911,1.617535446,123.5,57.7,31.3,0.129758053,1.285311186,131.6790357,28539.33333,0,0,0.281292233,0.009762407,0.297567378,0.000817147,0.0817147
39029,52355,"100,182","3,485,590,000","3,485,590",1.689066847,-0.241276631,63.2,72.1,29.7,-0.171890178,2.235216262,267.8375916,66575.66667,0,0,0.239428363,0.017787514,0.317184828,0.001350838,0.1350838
39031,79286,"36,869","1,213,917,000","1,213,917",1.862074243,0.145763934,112.9,66,28.2,-0.146479903,1.000866337,97.31519283,15310.66667,0,0,0.267930178,0.007313649,0.304145773,0.000595988,0.0595988
39033,84589,"41,529","1,320,404,000","1,320,404",1.80040694,-0.314556149,54.9,63.1,24.9,-0.200433437,1.413245132,159.3959994,15609.66667,0,0,0.210623591,0.01029701,0.304984987,0.000661449,0.0661449
39035,64269,"1,233,088","104,291,595,000","104,291,595",1.883829958,0.161658857,104.9,65.5,26.1,-0.160868584,25.17869608,6240.733056,1622731.667,0,0,0.26119642,0.236418838,0.310815362,0.019193394,1.9193394
39037,106858,"51,415","2,127,259,000","2,127,259",1.71289002,0.092498731,97.5,54.9,30.3,-0.154564634,1.123160795,113.0388079,19907.33333,0,0,0.222386786,0.008334161,0.324858636,0.000602095,0.0602095
39039,89563,"38,315","1,727,813,000","1,727,813",1.725241216,-0.190865374,92.4,67,23.9,-0.19425532,1.224940185,122.4757792,19291.66667,0,0,0.223891912,0.009038217,0.299040113,0.000605133,0.0605133
39041,32066,"231,636","14,182,309,000","14,182,309",1.8050443,-0.05258209,95.8,59.7,27.3,-0.170384277,7.187338875,1187.225082,442279,0,0,0.23062933,0.065543957,0.28519628,0.004311129,0.4311129
39043,68760,"74,035","4,036,218,000","4,036,218",1.79611305,0.26941907,93.2,66,23.8,-0.154649568,3.313925359,482.900714,58699.66667,0,0,0.24584119,0.025417499,0.268999036,0.001680886,0.1680886
39045,28467,"165,360","4,930,973,000","4,930,973",1.79788001,0.275537833,101.8,63.1,31.4,-0.114677328,3.180195639,406.6023929,173218,0,0,0.263760868,0.0279242,0.323268954,0.002380976,0.2380976
39047,368651,"28,817","2,197,282,000","2,197,282",1.917878645,-0.643011909,36.5,51.7,32.1,-0.173104621,0.966092091,93.51418888,5960.333333,0,0,0.201779664,0.006773685,0.286683159,0.000391836,0.0391836
39049,64444,"1,326,063","106,987,632,000","106,987,632",2.022586448,0.146772461,84.2,55.3,32,-0.131309739,21.16237292,4748.670804,1660171.667,0,0,0.261424903,0.207000438,0.354533806,0.019185622,1.9185622
39051,80077,"42,007","2,078,871,000","2,078,871",1.87655407,0.17822644,92.7,65.5,24.7,-0.137470979,1.300188614,128.5787112,25961,0,0,0.252870116,0.009779483,0.295643935,0.000731109,0.0731109
39053,141294,"28,986","1,878,125,000","1,878,125",2.089063042,0.265981874,115.8,55.5,40.2,-0.098336572,1.037772577,102.4354545,13292.33333,0,0,0.307903079,0.00751603,0.288905417,0.000668587,0.0668587
39055,51390,"95,407","4,291,969,000","4,291,969",1.841576869,0.420399403,80.4,71.9,27.7,-0.111930261,2.723887804,298.0063115,83518,0,0,0.277759893,0.021761183,0.259261689,0.001567077,0.1567077
39057,63817,"169,691","10,746,361,000","10,746,361",1.94100586,1.804396267,222.8,51.1,30.3,0.202922642,4.093759536,520.915828,168394.6667,0,0,0.350984778,0.034319779,0.281247959,0.003387834,0.3387834
39059,120820,"38,089","1,891,472,000","1,891,472",1.643278229,0.310092551,70.9,76.4,32.8,-0.090844796,1.149343169,122.1347061,15655.33333,0,0,0.274734217,0.008399712,0.309989822,0.00071536,0.071536
39061,85003,"827,058","82,163,638,000","82,163,638",2.034457948,0.09178332,96.2,53.9,33.3,-0.113568042,18.2810257,3843.131028,966599.6667,0,0,0.264917038,0.16371417,0.288378022,0.012507149,1.2507149
39063,83824,"74,704","5,273,393,000","5,273,393",1.801562245,-0.771908893,38.1,65.3,24.7,-0.217080755,1.561995638,176.8513947,62910.66667,0,0,0.196893599,0.012836882,0.2899332,0.000732806,0.0732806
39065,95291,"30,368","902,409,000","902,409",1.885145964,1.794770011,370.8,64.8,30.4,0.382101728,0.971298049,89.52870464,9470,0,0,0.457752146,0.006912042,0.322873866,0.001021574,0.1021574
39067,182665,"14,159","852,010,000","852,010",1.872877201,0.128541564,110.8,73.1,30.8,-0.126011861,0.869722379,75.25798419,4664.333333,0,0,0.293438862,0.006031384,0.296315565,0.000524432,0.0524432
39069,115601,"27,520","1,462,385,000","1,462,385",1.745059439,-0.051817498,94.2,65.3,24.9,-0.182500168,1.012771607,86.89077049,12650.33333,0,0,0.230236863,0.007294165,0.29542266,0.000496129,0.0496129
39071,42008,"43,614","1,302,899,000","1,302,899",1.983344651,-0.023968785,73.7,51.4,31.9,-0.118245538,1.11696127,103.4233762,31015.33333,0,0,0.23786402,0.008620234,0.318583351,0.000653237,0.0653237
39073,47035,"27,540","620,676,000","620,676",1.520686398,0.597597282,111,69.6,34.4,-0.049546146,1.133967282,108.2931083,13196,0,0,0.271710531,0.008191012,0.297666445,0.000662482,0.0662482
39075,65641,"44,386","2,513,386,000","2,513,386",1.814000351,0.08767467,91.2,66.4,26.5,-0.159773278,1.051415279,95.00920279,38289.66667,0,0,0.249534661,0.008377189,0.325211176,0.000679821,0.0679821
39077,54026,"58,199","2,230,681,000","2,230,681",1.616087117,-1.068064483,23.1,72.8,25.9,-0.233757612,1.435754165,154.5189176,41289,0,0,0.185917057,0.011245615,0.312967722,0.000654338,0.0654338
39079,66960,"32,606","1,000,206,000","1,000,206",1.423185411,2.144618237,387.3,66.3,31.3,0.478239744,1.127323971,112.6547102,14937.33333,0,0,0.4248972,0.00820724,0.307126218,0.001071021,0.1071021
39081,137181,"64,026","3,310,140,000","3,310,140",2.017084794,0.019646708,75.4,69.1,32.2,-0.125417671,2.0584766,272.3664542,24129.66667,0,0,0.289140095,0.015245167,0.290895916,0.001282266,0.1282266
39083,51495,"63,320","2,115,556,000","2,115,556",1.700630129,1.948253504,241.7,64,29.5,0.24741321,1.356505731,136.4772803,41082.66667,0,0,0.369631581,0.010656478,0.314669881,0.001239475,0.1239475
39085,46674,"231,640","11,486,331,000","11,486,331",2.123630521,0.725793876,48.5,59.4,27.5,-0.078011159,9.789310663,1641.831062,246095.6667,0,0,0.276524263,0.078301728,0.295338164,0.006394759,0.6394759
39087,46959,"56,118","1,778,136,000","1,778,136",2.377797805,0.270423851,105.7,47.3,40.9,-0.103431491,1.8156252,254.7549848,37865.66667,0,0,0.319180817,0.01395703,0.301846538,0.001344671,0.1344671
39089,47139,"183,201","7,746,383,000","7,746,383",1.933471124,0.083659318,99.8,59.2,30.5,-0.149334577,2.354765752,298.2331347,164331.6667,0,0,0.259404022,0.021723016,0.322500495,0.001817302,0.1817302
39091,64175,"46,057","2,034,619,000","2,034,619",2.006305072,1.656029027,215.4,57.4,29.5,0.167844535,1.579393092,137.241839,31704.33333,0,0,0.365206862,0.011911335,0.306808129,0.001334646,0.1334646
39093,29313,"317,910","10,829,079,000","10,829,079",1.700594351,0.709582562,72.1,71.8,28.7,-0.052310091,6.088344231,959.5552465,369434.6667,0,0,0.271927588,0.055231182,0.321879101,0.004834264,0.4834264
39095,42602,"425,484","24,869,446,000","24,869,446",2.027845179,0.147403878,97,63.3,26.1,-0.129494516,13.05195345,2635.325361,583761.3333,0,0,0.269199378,0.113286921,0.302644632,0.009229683,0.9229683
39097,94040,"44,602","2,056,628,000","2,056,628",1.910423422,-0.059997698,75.9,55.4,33.7,-0.155229006,1.057021679,98.84670475,21869.66667,0,0,0.244379897,0.007910673,0.290279354,0.000561171,0.0561171
39099,47489,"225,596","9,434,149,000","9,434,149",1.825618102,-0.073920095,75.5,70.5,29.1,-0.190215742,5.845999888,887.0771478,198660.3333,0,0,0.258450285,0.0480883,0.298305266,0.003707468,0.3707468
39101,89578,"64,851","2,595,839,000","2,595,839",1.823506388,-1.487789591,17.4,64.4,28,-0.238686177,1.689095519,216.298801,28978.66667,0,0,0.182592517,0.012731713,0.294174118,0.000683871,0.0683871
39103,37344,"184,042","7,410,530,000","7,410,530",1.684480495,0.267918584,92,67,25.4,-0.127076438,4.090484065,562.2372843,198437.3333,0,0,0.239609153,0.035310101,0.305761375,0.002586932,0.2586932
39105,77214,"21,767","370,549,000","370,549",1.867141576,1.892802604,251.8,56.9,35.8,0.316928213,0.963609725,81.11107427,4799,0,0,0.392156028,0.006697561,0.319998185,0.000840472,0.0840472
39107,104442,"42,439","2,393,852,000","2,393,852",1.922346243,0.603248312,98.4,58.2,30,-0.064908902,1.198432001,109.7944138,22920.33333,0,0,0.271871598,0.008944403,0.301244787,0.000732546,0.0732546
39109,54157,"110,876","4,497,993,000","4,497,993",1.88974544,-0.469996332,26.4,54.7,28.3,-0.149020739,2.502393349,316.9874184,83055,0,0,0.19750127,0.02024495,0.298362236,0.001192973,0.1192973
39111,195564,"13,153","808,268,000","808,268",1.849117391,0.535103801,118.1,71.9,35.1,-0.042227516,0.771738341,58.68675087,4133,0,0,0.317348608,0.005304826,0.294029069,0.000494992,0.0494992
39113,52337,"533,796","30,594,620,000","30,594,620",2.03008073,-0.300050771,66.6,51.5,31.9,-0.174592713,11.28679574,2017.476756,584573.6667,0,0,0.232470594,0.099938764,0.310652566,0.007217336,0.7217336
39115,83261,"13,646","376,811,000","376,811",1.659448526,-0.212352704,87.6,70.6,37.1,-0.160537875,0.829666345,69.90454136,4525.666667,0,0,0.262581859,0.005739414,0.315796968,0.000475927,0.0475927
39117,34890,"35,595","638,199,000","638,199",1.770933344,0.191878491,83.3,60.8,26,-0.146654526,1.077276957,100.7965888,18291.66667,0,0,0.230089447,0.007943085,0.316234238,0.000577956,0.0577956
39119,63804,"86,305","3,851,467,000","3,851,467",1.806950589,0.212663169,75.8,66.3,30.5,-0.11289338,1.535030791,187.3525068,60364,0,0,0.259606336,0.012589545,0.306472543,0.001001652,0.1001652
39121,102025,"14,311","384,293,000","384,293",1.662572447,-0.009845551,91.5,74.8,38.5,-0.134507759,0.689897828,48.68938366,3766.666667,0,0,0.285585027,0.004707414,0.321122493,0.000431707,0.0431707
39123,87779,"39,803","1,969,020,000","1,969,020",1.90170203,0.211447534,99.4,67.3,24.7,-0.157067221,2.849035997,332.3119625,22431.66667,0,0,0.263835544,0.020785677,0.283617456,0.001555358,0.1555358
39125,128739,"18,706","584,862,000","584,862",1.564918944,0.033697762,96.2,68.2,25.6,-0.162845983,0.843991079,68.28092396,4543,0,0,0.222672348,0.005836356,0.303458166,0.000394373,0.0394373
39127,43535,"35,551","703,568,000","703,568",1.700542965,1.727476186,191.7,67.9,34.7,0.192826397,1.223834985,118.1877627,16161,0,0,0.363318611,0.008925017,0.311919805,0.001011439,0.1011439
39129,51250,"61,086","1,956,381,000","1,956,381",1.617064538,0.490522244,135.2,62.5,30.7,-0.089265026,1.207026296,121.1820818,38173.33333,0,0,0.258376006,0.009500827,0.307202375,0.000754116,0.0754116
39131,75049,"27,001","1,120,835,000","1,120,835",1.908578759,0.118849663,95.1,57.2,34.5,-0.123066927,0.959356423,89.25760469,14934.66667,0,0,0.263074048,0.006999245,0.301562095,0.000555272,0.0555272
39133,38730,"162,665","6,289,123,000","6,289,123",1.913342221,0.210411951,98.7,69.3,27.4,-0.143297119,3.523908112,469.1160286,162383.6667,0,0,0.277549536,0.030084589,0.289864637,0.002420359,0.2420359
39135,68908,"40,556","1,251,007,000","1,251,007",1.624320944,0.110766318,92.7,55.3,30.8,-0.139401522,1.265480261,128.3054721,18154.66667,0,0,0.213745288,0.009294606,0.314002022,0.000623821,0.0623821
39137,78406,"34,199","1,268,000,000","1,268,000",1.753181771,-0.339098122,70.4,65.1,25.1,-0.19978723,0.971921761,83.93791138,16172.33333,0,0,0.214450063,0.007115313,0.317022523,0.000483738,0.0483738
39139,50646,"125,064","4,582,406,000","4,582,406",1.854341946,0.152662808,105.8,59.2,25.2,-0.178973003,2.594508623,346.3774403,90478.33333,0,0,0.239119434,0.021169298,0.305954138,0.001548737,0.1548737
39141,56673,"76,501","3,067,102,000","3,067,102",1.793342403,0.264747031,67,58.7,32.2,-0.082615677,1.365071936,147.6704264,54119,0,0,0.242619177,0.011143177,0.31300055,0.000846212,0.0846212
39143,81019,"58,709","2,874,148,000","2,874,148",1.708287543,-0.186472227,69.3,71.8,23.2,-0.191513261,1.663737885,202.662293,35475,0,0,0.22521382,0.012733626,0.303120168,0.000869285,0.0869285
39145,56660,"71,969","2,661,289,000","2,661,289",2.011562351,-0.088983806,66.6,53.5,39.2,-0.139272935,1.621228108,220.9761761,46969.66667,0,0,0.26368362,0.01283092,0.299834271,0.00101443,0.101443
39147,70731,"54,527","2,016,838,000","2,016,838",1.95196313,-0.178197514,66.4,66.8,26.9,-0.178326999,1.274825697,135.3833952,28514.33333,0,0,0.250856726,0.00969566,0.315258871,0.000766779,0.0766779
39149,106657,"47,765","3,220,354,000","3,220,354",1.740765751,-0.014563625,82.1,60.5,30.5,-0.159915118,1.351488731,144.072547,30193.66667,0,0,0.231779853,0.010295741,0.288121472,0.000687557,0.0687557
39151,46779,"372,716","16,974,392,000","16,974,392",2.054847734,2.001015398,335.3,63.6,25.7,0.386308048,5.84614088,866.6399241,362867.3333,0,0,0.445811127,0.053176341,0.326608436,0.007742777,0.7742777
39153,54046,"535,733","31,419,739,000","31,419,739",2.108122691,-0.078672999,71.6,60.4,26.4,-0.161264264,12.47038291,2340.40794,581349.3333,0,0,0.256045546,0.10863853,0.279965075,0.007787624,0.7787624
39155,42356,"200,373","6,955,556,000","6,955,556",1.923684872,0.408420517,38.9,66.7,32.8,-0.092237264,3.624786588,533.3654481,164218.3333,0,0,0.274921003,0.030959015,0.307982442,0.002621326,0.2621326
39157,59675,"91,874","3,737,584,000","3,737,584",1.799291838,1.923244247,319.2,73,30.4,0.345207711,1.800660179,209.9422345,62632.33333,0,0,0.44312697,0.014544232,0.308266755,0.001986761,0.1986761
39159,123018,"69,637","4,651,790,000","4,651,790",1.930240177,0.137057121,88.8,56.4,29.2,-0.14881189,1.280987453,122.1158208,37814,0,0,0.246592788,0.010004375,0.305077599,0.000752628,0.0752628
39161,209073,"28,704","1,301,272,000","1,301,272",1.780535517,0.126554896,87.7,65.2,28.1,-0.13992152,1.019389259,97.38287354,6224,0,0,0.247647101,0.007158695,0.293563418,0.000520438,0.0520438
39163,82446,"12,474","347,017,000","347,017",1.515355367,0.954873749,114.2,65.4,32.9,0.016506859,0.72346129,54.84263992,4209,0,0,0.269034056,0.004965285,0.313329001,0.000418555,0.0418555
39165,35379,"252,148","13,922,936,000","13,922,936",1.662432147,0.58133104,85.9,57.8,31,-0.049377528,7.099967688,1135.565685,393540.3333,0,0,0.238277175,0.063322501,0.298517007,0.004504116,0.4504116
39167,106095,"58,577","3,515,174,000","3,515,174",2.11356807,-0.024023854,95.9,63.5,39.5,-0.127715517,1.353087448,152.1854088,33132.33333,0,0,0.312575418,0.010413362,0.296741485,0.000965882,0.0965882
39169,67514,"116,510","6,563,850,000","6,563,850",1.709473627,-0.016054956,72.3,63.7,24.9,-0.167641379,2.082701586,245.9404233,97222.66667,0,0,0.21661436,0.017645937,0.331966191,0.001268895,0.1268895
39171,87409,"36,591","1,706,639,000","1,706,639",1.745887243,-0.252944767,67,65.6,24.7,-0.177422935,1.187028522,121.0585588,19524.66667,0,0,0.215483133,0.008779912,0.307027392,0.000580872,0.0580872
39173,53547,"132,650","7,754,851,000","7,754,851",1.746491484,-0.421375157,67.8,71.6,24,-0.204454548,2.281968377,285.6984537,144823.3333,0,0,0.223270424,0.020586334,0.298284624,0.001371011,0.1371011
39175,212342,"21,457","1,064,893,000","1,064,893",1.873910519,-1.683985111,17.5,64.7,28.2,-0.254649657,0.873286063,77.45712261,5015,0,0,0.184075741,0.006071066,0.310706912,0.000347226,0.0347226
40001,29090,"19,627","429,169,000","429,169",1.648670165,0.973699891,152.2,41.8,31.4,-0.127536143,0.815701652,67.48816948,14753,0,0,0.231145153,0.005957292,0.310034707,0.000426918,0.0426918
40003,61553,"5,673","300,297,000","300,297",1.527729403,0.727531987,131.1,57.9,31.8,-0.151612613,0.402241319,39.12970377,4878.666667,0,0,0.246864011,0.002729228,0.305820608,0.000206046,0.0206046
40005,70947,"14,525","350,809,000","350,809",1.553666459,0.229765357,106.4,40.6,29.2,-0.154761161,0.477045661,33.7369539,4944.666667,0,0,0.17157637,0.003240338,0.323026187,0.000179591,0.0179591
40007,69670,"5,018","346,261,000","346,261",1.961063576,-1.845445875,17.2,68.9,40.5,-0.323660657,0.299817945,23.08963787,4970,0,0,0.233961389,0.001992277,0.292216138,0.000136207,0.0136207
40009,87574,"22,042","923,054,000","923,054",1.681933365,-1.155621837,32.4,56.7,38.3,-0.284933918,0.56627847,81.53099827,10540.33333,0,0,0.189517617,0.004121283,0.291055035,0.00022733,0.022733
40011,246559,"8,539","1,216,853,000","1,216,853",1.615511397,0.128882965,75.9,52.8,35.1,-0.183953496,0.501027869,38.09428578,4935.333333,0,0,0.214345767,0.003414369,0.318015643,0.000232742,0.0232742
40013,59753,"48,967","1,946,140,000","1,946,140",1.428970027,0.247923046,81.1,40,31,-0.13699798,0.918679184,82.98711853,32569.66667,0,0,0.153566673,0.007255953,0.304315781,0.000339091,0.0339091
40015,48229,"26,214","919,840,000","919,840",1.586004451,1.376723943,298.6,50.4,36.6,-0.050951014,0.666973816,53.25407481,19072.33333,0,0,0.349469197,0.005034379,0.329863532,0.000580349,0.0580349
40017,38616,"175,829","6,184,233,000","6,184,233",1.414456539,1.147005285,150.3,50.8,31.3,-0.082994058,2.015160112,257.7800114,160145.6667,0,0,0.237907287,0.019162685,0.309571739,0.00141132,0.141132
40019,76992,"48,596","2,565,208,000","2,565,208",1.654756666,0.511868878,94.8,37.2,32,-0.125414604,1.05444611,107.1786409,33318,0,0,0.188245223,0.008265299,0.287596894,0.000447473,0.0447473
40021,22364,"48,185","1,396,651,000","1,396,651",1.582552768,-0.80522346,53.7,45,31.4,-0.236788805,1.491240911,156.6634669,62452,0,0,0.146669195,0.012294868,0.331092666,0.000597052,0.0597052
40023,74193,"14,276","404,797,000","404,797",1.503517882,0.203780727,75.3,39.2,31.4,-0.142146227,0.64621731,51.43169587,5456,0,0,0.158095704,0.00446214,0.30145911,0.000212663,0.0212663
40025,32617,"2,191","131,000,000","131,000",1.931290101,-2.169817497,36.7,74.7,39.4,-0.498793982,0.183195473,24.59500584,4016.333333,0,0,0.228678966,0.001156278,0.303547423,8.03E-05,0.00803
40027,21003,"301,193","9,380,862,000","9,380,862",1.639080234,0.356056756,143.3,47,32.3,-0.226022939,6.346275418,1152.438634,446645,0,0,0.22353764,0.05978234,0.305745128,0.004085857,0.4085857
40029,48066,"5,266","250,986,000","250,986",1.493912351,-0.190626129,78.4,41.5,29.3,-0.183830454,0.500298538,32.50053736,5221.666667,0,0,0.145942213,0.003408024,0.306173087,0.000152283,0.0152283
40031,38242,"121,574","5,038,354,000","5,038,354",1.640827177,1.055178826,150,46.2,36.9,-0.093211295,1.713291287,279.3252224,131749.6667,0,0,0.265152133,0.016221889,0.301255329,0.00129578,0.129578
40033,27763,"5,427","149,143,000","149,143",1.628817587,1.061110368,156.1,46.7,36.5,-0.091053612,0.489829759,44.24746051,5372,0,0,0.266419951,0.00336156,0.263829461,0.000236282,0.0236282
40035,81611,"14,494","416,163,000","416,163",1.72313556,0.951770114,153.6,43.9,32.1,-0.143398727,0.601020349,44.06529305,5099.333333,0,0,0.248207863,0.004124027,0.301131621,0.000308243,0.0308243
40037,31269,"73,332","2,096,829,000","2,096,829",1.625668815,-0.239564433,76.4,49.2,31.6,-0.236015192,1.223869063,136.8771627,67058,0,0,0.184931715,0.010547744,0.320378959,0.000624935,0.0624935
40039,73549,"28,266","1,529,665,000","1,529,665",1.802978922,-1.058828641,51.3,54.6,37.5,-0.29803219,0.626833275,78.38013872,20798,0,0,0.203322151,0.004855694,0.297685936,0.000293896,0.0293896
40041,17010,"41,703","916,678,000","916,678",1.705117574,0.331864191,84.6,41.5,32.5,-0.151384004,1.721947298,156.4143886,53892,0,0,0.196989224,0.01362765,0.315355516,0.000846572,0.0846572
40043,127899,"4,286","596,819,000","596,819",1.867456252,0.153582996,78.7,56.5,37.7,-0.189840491,0.368528216,26.96518526,4666.333333,0,0,0.26199298,0.002466513,0.277691163,0.000179447,0.0179447
40045,124480,"3,648","487,462,000","487,462",1.853673327,-1.028067142,67.8,61.1,36.9,-0.395549888,0.276631207,24.68841833,3916,0,0,0.225284379,0.001801464,0.287088541,0.000116513,0.0116513
40047,60312,"62,023","2,707,603,000","2,707,603",1.511583647,1.647008131,323.2,51.6,30.6,0.00584975,0.970363412,148.5708884,44893.33333,0,0,0.348058266,0.008118895,0.271868352,0.000768259,0.0768259
40049,127655,"25,865","1,579,903,000","1,579,903",1.504388183,1.196306968,154.6,43.1,32.2,-0.060842123,0.797221157,66.50756999,12376.33333,0,0,0.231673654,0.005753136,0.294783192,0.000392902,0.0392902
40051,72430,"57,375","3,346,705,000","3,346,705",1.736673154,0.282291289,120.1,43.8,35.9,-0.207878056,0.898314623,82.68827254,46206,0,0,0.227144632,0.00753969,0.338991791,0.000580557,0.0580557
40053,47283,"4,083","228,568,000","228,568",1.493592242,0.245170006,136.5,54.5,29.9,-0.246612389,0.385934008,40.71555855,4834,0,0,0.21267662,0.002617611,0.278742109,0.000155177,0.0155177
40055,16021,"5,466","84,921,000","84,921",1.541389443,0.22653757,78.6,58.3,38.2,-0.175582728,0.375225102,50.30887689,5300.666667,0,0,0.233096028,0.002575417,0.295626578,0.00017747,0.017747
40057,16256,"2,392","65,371,000","65,371",1.726718783,-0.484330016,57.6,59,40.5,-0.23887832,0.361926695,47.00357417,4021.333333,0,0,0.23365095,0.002437205,0.297339917,0.000169322,0.0169322
40059,36025,"3,190","156,611,000","156,611",2.010204673,-0.403378773,49.5,61.4,37.8,-0.231632179,0.27035944,25.74592513,4347.333333,0,0,0.264052139,0.001773351,0.265308371,0.000124233,0.0124233
40061,60293,"11,832","328,115,000","328,115",1.743052586,2.23260108,250.5,40.8,30.5,0.122716435,0.659238031,45.55086049,5442,0,0,0.322667612,0.00454128,0.301801786,0.000442237,0.0442237
40063,124208,"13,436","617,975,000","617,975",1.36269398,-0.621634228,73,42.6,30.2,-0.254911218,0.574993454,40.6462777,4975.333333,0,0,0.121867768,0.003933366,0.317342805,0.000152118,0.0152118
40065,56018,"24,669","1,085,456,000","1,085,456",1.49346096,0.253814939,87.3,57.3,36,-0.161637225,0.71902986,125.5024051,19377,0,0,0.22221655,0.005537001,0.281285829,0.000346098,0.0346098
40067,18681,"5,347","99,054,000","99,054",1.505670839,1.381856966,209.1,40.8,35.2,-0.013793574,0.400683193,40.12269891,5302.333333,0,0,0.268204623,0.002733455,0.304824718,0.000223475,0.0223475
40069,98848,"10,216","474,373,000","474,373",1.67077687,-0.315578321,86.7,37.5,31.4,-0.222045202,0.55923033,43.17099876,4799,0,0,0.160918734,0.00382313,0.307713351,0.000189309,0.0189309
40071,48978,"43,641","1,860,044,000","1,860,044",1.665365043,-0.476590199,57.1,49.5,29.5,-0.267309098,0.958908021,140.4375126,37977.33333,0,0,0.171065693,0.007808742,0.276755658,0.000369692,0.0369692
40073,376636,"15,481","2,545,429,000","2,545,429",1.224336091,-0.470435883,56.8,54.5,31.4,-0.231971138,0.54915707,50.08198498,6758.333333,0,0,0.138736214,0.003827027,0.280599441,0.000148983,0.0148983
40075,45457,"8,398","215,013,000","215,013",1.446716786,0.966396499,164.1,55.2,34.3,-0.115688539,0.443560536,55.1606325,4730,0,0,0.261766348,0.003040504,0.298119458,0.000237274,0.0237274
40077,56686,"9,526","276,061,000","276,061",1.963512291,0.200368621,85.8,38.6,34,-0.156601849,0.501766861,31.01834075,4870,0,0,0.220050373,0.003404527,0.286729832,0.000214809,0.0214809
40079,24932,"49,596","1,323,358,000","1,323,358",1.954455601,0.275450153,91,40.8,34.4,-0.13798807,0.744739346,88.26812972,53078,0,0,0.229546265,0.006699016,0.332251118,0.000510914,0.0510914
40081,33900,"34,562","867,338,000","867,338",1.576914216,-1.629224133,36.8,45.3,31.3,-0.292734354,0.796108542,66.57367956,25585.33333,0,0,0.118922506,0.006157752,0.335876882,0.000245961,0.0245961
40083,23414,"53,029","868,054,000","868,054",1.629227026,0.319222806,144.1,49.9,34.3,-0.233766669,0.98418114,100.8723879,37074.33333,0,0,0.234780185,0.007883585,0.300474571,0.000556151,0.0556151
40085,125316,"10,296","659,622,000","659,622",1.573321247,0.169422924,79.1,37.8,31.8,-0.154980461,0.597865035,39.73271999,5263.666667,0,0,0.164056934,0.004099351,0.289812278,0.000194907,0.0194907
40087,49031,"47,072","1,458,756,000","1,458,756",1.634999525,0.208205033,80.1,44.8,32.1,-0.179922412,0.988540279,88.84911276,29752,0,0,0.191196514,0.007663346,0.307245509,0.000450178,0.0450178
40089,55070,"30,660","1,247,017,000","1,247,017",1.802435215,0.254632511,80.4,37.3,35.2,-0.122103934,0.542279556,73.50097889,22644.33333,0,0,0.201686634,0.004317864,0.32832827,0.000285926,0.0285926
40091,29074,"19,603","385,728,000","385,728",1.642617512,-1.777567681,88.8,42.3,29.6,-0.389353357,1.136800596,93.69124812,13267,0,0,0.122070064,0.008186202,0.314722672,0.000314499,0.0314499
40093,84632,"7,581","409,759,000","409,759",1.80328618,-0.347112084,95.3,55.2,34.9,-0.310908411,0.427675436,28.623418,4841.666667,0,0,0.230962964,0.002885308,0.290995176,0.000193919,0.0193919
40095,68330,"15,970","551,928,000","551,928",1.699978997,-0.711729771,60,37.1,33.1,-0.216636297,1.223729318,102.5049556,8077.333333,0,0,0.149154622,0.008643361,0.295972173,0.000381567,0.0381567
40097,54969,"39,889","1,955,319,000","1,955,319",1.621807869,0.612582209,96.8,45,31.5,-0.132179538,1.222426104,114.6489321,35571,0,0,0.205925097,0.009514505,0.321087885,0.0006291,0.06291
40099,107933,"13,754","530,493,000","530,493",1.662524959,-0.717258531,60.7,38.6,32.1,-0.232699732,0.822183806,78.27549135,4915,0,0,0.145654865,0.005714954,0.282663905,0.000235292,0.0235292
40101,43317,"66,677","2,831,303,000","2,831,303",1.440023186,1.096848373,121.2,46.1,28.8,-0.087708336,1.384369149,179.4618588,65361.66667,0,0,0.203538755,0.011685977,0.32224918,0.000766486,0.0766486
40103,113729,"10,832","613,795,000","613,795",1.54691508,1.197872995,150.2,50,31.9,-0.111902703,0.536256055,46.38019466,5397,0,0,0.252278876,0.003688288,0.302670968,0.000281628,0.0281628
40105,37724,"9,438","191,852,000","191,852",1.796315197,-0.144647669,136.2,44.4,31.9,-0.304380477,0.565602678,46.91861943,5085.666667,0,0,0.214257927,0.003883128,0.311667863,0.000259305,0.0259305
40107,46949,"11,300","239,411,000","239,411",1.486348132,0.258537825,82,44.7,30.4,-0.175536201,0.586379075,41.49314436,5099.333333,0,0,0.170839758,0.004017763,0.300139506,0.000206014,0.0206014
40109,53948,"808,866","53,616,994,000","53,616,994",1.566234524,-0.099282944,67,48.5,31.6,-0.201221009,11.96113553,2283.01733,993855.3333,0,0,0.17765011,0.117874176,0.312009968,0.006533601,0.6533601
40111,31718,"37,035","855,997,000","855,997",1.323139993,0.249799923,77.2,51.3,28.4,-0.170947436,1.071611907,119.902797,26988,0,0,0.161107888,0.008210084,0.312237005,0.000412999,0.0412999
40113,24857,"46,130","961,637,000","961,637",1.717197911,0.230542431,82,47.6,31.1,-0.21506494,0.527601963,58.19168081,38687,0,0,0.205931108,0.004688718,0.314408984,0.000303579,0.0303579
40115,49676,"30,287","1,055,226,000","1,055,226",1.67695917,0.019235331,112,46.6,33.5,-0.233677447,1.31048498,144.0842269,21242.33333,0,0,0.208777795,0.009731983,0.306942657,0.000623653,0.0623653
40117,41888,"15,864","342,222,000","342,222",1.691831291,0.271522821,74.6,47.7,31.2,-0.185288367,0.907470211,73.40005053,8170,0,0,0.202448552,0.006399241,0.303624095,0.00039335,0.039335
40119,37711,"83,352","3,442,236,000","3,442,236",1.491146347,-0.23803896,68.2,49.1,31.3,-0.220192498,1.706854843,227.5894333,91279.66667,0,0,0.165980398,0.014819763,0.317232597,0.000780326,0.0780326
40121,60957,"43,479","1,971,652,000","1,971,652",1.593086365,0.767640328,126.6,41.5,29.8,-0.115102269,0.909892724,94.22764974,32345,0,0,0.203631952,0.00720853,0.307144116,0.000450853,0.0450853
40123,84861,"38,396","2,108,874,000","2,108,874",1.339560448,2.643639541,467.5,42,28.7,0.582229132,0.939255045,96.18448525,24851,0,0,0.438600213,0.007181921,0.297991728,0.000938672,0.0938672
40125,31367,"73,791","2,265,012,000","2,265,012",1.567124135,0.187803281,74.1,45.2,31.1,-0.179600253,1.37323401,152.9426485,72209.66667,0,0,0.178854327,0.011773984,0.312566622,0.000658212,0.0658212
40127,47163,"10,800","244,730,000","244,730",1.866031999,0.846407006,103.1,36.8,32.1,-0.092434443,0.367526795,28.1333437,5189,0,0,0.223796059,0.002478012,0.311090972,0.000172521,0.0172521
40129,91848,"3,295","322,357,000","322,357",1.864179961,-0.796139517,49.4,55.5,38.4,-0.294575068,0.30546517,16.69865491,3509.666667,0,0,0.221529246,0.001974201,0.278601206,0.000121844,0.0121844
40131,24776,"100,248","3,264,717,000","3,264,717",1.534303753,0.942475268,173.1,47.4,30.9,-0.14317184,2.174121366,270.9026282,131769.3333,0,0,0.238075033,0.019403808,0.317838289,0.001468274,0.1468274
40133,66268,"23,565","773,552,000","773,552",1.571714058,0.23191451,74.5,43.2,32,-0.171948875,0.852049846,75.77701945,11673,0,0,0.178394587,0.006128461,0.29356108,0.000320946,0.0320946
40135,17812,"40,291","746,836,000","746,836",1.589418033,0.268453002,78.6,44.6,28.8,-0.168355719,1.113844667,119.533724,41928.66667,0,0,0.176817116,0.008968624,0.317613673,0.000503674,0.0503674
40137,72378,"44,014","1,895,062,000","1,895,062",1.714744801,-0.956261659,65.4,39.2,34.5,-0.297953082,0.935128027,100.5021431,26183,0,0,0.153652613,0.00720275,0.294329006,0.00032574,0.032574
40139,85176,"20,371","1,546,462,000","1,546,462",1.96741741,-2.227388595,16.3,67.2,38.7,-0.383271506,0.347580401,44.82430041,18156,0,0,0.211870313,0.002774806,0.318653349,0.000187336,0.0187336
40141,30583,"6,869","147,511,000","147,511",1.638227395,0.347207346,88.4,50,38,-0.158325318,0.432221725,71.06725665,4823.333333,0,0,0.229552058,0.002993826,0.306116284,0.000210375,0.0210375
40143,51354,"682,868","42,194,793,000","42,194,793",1.523187204,1.081933916,119.5,48.8,30.3,-0.100013325,11.62493902,2290.2489,821652,0,0,0.224231101,0.110181309,0.296019626,0.007313483,0.7313483
40145,14845,"89,280","1,311,223,000","1,311,223",1.588172916,0.147513342,82.9,44.9,29.9,-0.178098062,2.341922554,236.4071305,88329.66667,0,0,0.178479081,0.019149164,0.323043968,0.001104075,0.1104075
40147,64816,"53,706","2,199,628,000","2,199,628",1.512784444,0.268195592,120.7,50.7,29.6,-0.238680266,1.641437567,239.2440995,33936.33333,0,0,0.199707203,0.012597758,0.247860261,0.000623582,0.0623582
40149,65733,"10,736","336,949,000","336,949",1.664814228,-0.560497962,92.5,53.5,36.1,-0.31781655,0.519023209,44.57369419,5126,0,0,0.206670468,0.003556989,0.313404433,0.000230391,0.0230391
40151,101798,"8,564","498,371,000","498,371",1.913570603,-1.494262321,41.8,55.7,35.5,-0.354130196,0.284718217,27.9368519,4895.666667,0,0,0.196699936,0.00189407,0.288429001,0.000107458,0.0107458
40153,144290,"19,947","1,182,508,000","1,182,508",1.920386391,-1.219472912,45.1,58,35.7,-0.340012135,0.462754847,45.79808373,8195.333333,0,0,0.212034769,0.003264687,0.284330295,0.000196821,0.0196821
41001,109948,"16,912","581,443,000","581,443",1.904197281,-1.569161483,3.2,85.7,34.4,-0.282155479,0.35571281,35.0387308,5288.333333,0,0,0.254490747,0.002411778,0.300913085,0.000184693,0.0184693
41003,70980,"97,713","4,770,134,000","4,770,134",1.929799821,-0.041935349,81.3,90.7,49.8,-0.479825092,1.532529364,271.8992901,67204,0,0,0.385692422,0.012940132,0.302932331,0.001511908,0.1511908
41005,58291,"423,173","22,708,731,000","22,708,731",1.606815103,-0.120750089,99.7,113,30.1,-0.526737834,2.257693051,667.9998358,389577.3333,0.000544055,0,0.349986309,0.029000513,0.437737601,0.004442941,0.4442941
41007,102388,"41,102","1,956,801,000","1,956,801",1.770399616,0.677346392,126.5,121.5,57.6,-0.497926329,1.256951836,157.7467711,19111.66667,0.008344367,0.000120366,0.502437707,0.013146548,0.293783715,0.001940536,0.1940536
41009,49691,"53,880","1,434,757,000","1,434,757",1.56703241,0.781873996,62.3,114.1,36,-0.330783778,1.223842825,127.2433038,28873.66667,0.001933691,6.69E-05,0.382102531,0.010242921,0.303352872,0.001187276,0.1187276
41011,71729,"64,212","2,398,801,000","2,398,801",2.034169557,4.257800355,506.2,103.2,69.6,-0.160659371,1.01327026,127.8052742,33442.66667,0.001612501,4.81E-05,0.813861027,0.008772133,0.312996281,0.002234573,0.2234573
41013,121840,"26,952","1,148,830,000","1,148,830",1.804980006,-0.785421065,13.1,83.5,34.6,-0.207871342,0.338682739,38.14245376,9429,0,0,0.261687739,0.002428532,0.298778438,0.000189879,0.0189879
41015,91112,"23,296","701,808,000","701,808",2.703160051,4.258534919,229.1,74.1,79.4,-0.266907641,0.471432499,108.1489251,7702.666667,0.000124543,0,0.693661369,0.003479748,0.284304344,0.000686244,0.0686244
41017,63821,"208,513","11,781,026,000","11,781,026",1.834246248,-0.002430186,65.2,78.5,28.8,-0.313492312,1.209313133,461.3189018,184593.6667,0,0,0.278049695,0.014707522,0.317008846,0.001296383,0.1296383
41019,53343,"112,435","3,823,050,000","3,823,050",2.129183623,-0.183912748,102.2,91.5,45,-0.504474581,0.546653483,85.33243414,71669.66667,0.00199924,1.87E-05,0.39813796,0.006812205,0.349552998,0.000948057,0.0948057
41021,165529,"2,026","269,482,000","269,482",1.617987301,0.133195069,70.4,99.7,30.2,-0.139192015,0.16949319,9.181241487,1628,0,0,0.3204649,0.000958531,0.270773857,8.32E-05,0.00832
41023,58457,"7,215","280,068,000","280,068",2.353303903,0.267691171,29.4,74.4,34.2,-0.152206129,0.255344094,18.01314455,4791,0,0,0.343601297,0.001668909,0.289196222,0.000165836,0.0165836
41025,62283,"7,440","308,031,000","308,031",2.435969346,0.057478931,66,67.4,33,-0.201143855,0.202012052,13.03073471,4945.666667,0,0,0.334873763,0.001294677,0.280659521,0.000121681,0.0121681
41027,125551,"23,745","1,290,832,000","1,290,832",2.207135068,1.790562533,93.4,104.5,30.1,-0.319289334,0.733573632,195.4735183,10281.33333,0,0,0.45280418,0.005481891,0.307187658,0.000762508,0.0762508
41029,46798,"220,768","10,021,222,000","10,021,222",1.755548939,0.390858216,70.4,91.6,29.5,-0.309350754,1.113555695,267.9089094,214138.6667,0,0,0.320017608,0.014611883,0.364403783,0.001703974,0.1703974
41031,54785,"25,454","762,611,000","762,611",1.508460555,-1.405615149,6.6,93.4,32.7,-0.296671594,0.44311981,45.41067598,13920,0,0,0.228654055,0.003306424,0.293803347,0.000222123,0.0222123
41033,50106,"87,821","3,055,792,000","3,055,792",2.187249921,0.641381501,117.8,82.6,38.5,-0.413623993,0.972374249,246.9123482,60986.66667,0,0,0.393371433,0.008814757,0.318185739,0.001103301,0.1103301
41035,58905,"70,003","2,461,052,000","2,461,052",2.034031089,0.021478346,81.6,81.4,35.7,-0.347296819,0.434788415,59.62124761,41780.33333,0,0,0.334736936,0.004144033,0.330467952,0.000458412,0.0458412
41037,60940,"8,293","315,993,000","315,993",2.283350317,-4.065773084,2.1,74,38.7,-0.510502534,0.256552566,16.10931953,5185.333333,0,0,0.208637906,0.001686119,0.272035257,9.57E-05,0.00957
41039,50361,"381,181","17,551,013,000","17,551,013",2.163169387,-0.080752265,100.3,82.1,46.6,-0.522895936,1.072193799,338.8498448,348503.3333,0.000340854,8.02E-06,0.385892842,0.018805452,0.369712294,0.002682961,0.2682961
41041,85863,"50,821","2,013,519,000","2,013,519",1.994625224,3.742313194,207.5,98.7,63.9,-0.231500794,1.370749405,183.7890489,23450.33333,0.001802593,8.02E-06,0.613904846,0.011110174,0.285628242,0.001948153,0.1948153
41043,58281,"131,496","4,996,612,000","4,996,612",2.031406458,-0.268155498,86.3,83.4,33.2,-0.517516259,0.829616113,144.8420769,85733.66667,0,0,0.324518816,0.008410247,0.359235855,0.000980456,0.0980456
41045,54003,"32,044","1,229,190,000","1,229,190",2.426518483,0.079392347,64,70.3,41.5,-0.15079033,0.188177912,38.66854513,22761.66667,0,0,0.367229885,0.001801541,0.342072151,0.000226308,0.0226308
41047,46929,"346,741","18,076,500,000","18,076,500",1.623545583,-0.091011788,90.2,100.1,31.4,-0.501747819,2.895956168,722.989744,385186,0,0,0.321151584,0.033145464,0.500682599,0.005329625,0.5329625
41049,230380,"12,302","1,399,868,000","1,399,868",1.649026282,0.138285694,85,94.8,28.8,-0.197659807,0.320653989,19.32856408,6076.333333,0,0,0.312427218,0.002164466,0.310580015,0.000210026,0.0210026
41051,99533,"789,698","72,341,927,000","72,341,927",1.996632345,-0.266312845,84.3,99.7,34.6,-0.515182982,11.80024702,4597.572318,726816.3333,0.001284757,1.34E-05,0.365011529,0.11324074,0.328784499,0.013590036,1.3590036
41053,30110,"89,805","2,144,067,000","2,144,067",1.502267117,2.712449203,315.7,108.7,42.2,-0.377382161,1.388038675,190.7033857,71208,0,0,0.532481083,0.011914418,0.359672906,0.002281838,0.2281838
41055,302533,"1,951","572,795,000","572,795",1.45226409,-0.817728921,34.7,98.9,26.8,-0.347374472,0.16546134,9.074920946,1893.333333,0,0,0.234162148,0.000938649,0.265356499,5.83E-05,0.00583
41057,109731,"27,417","1,170,939,000","1,170,939",1.984551178,4.344536407,186.6,107.7,55,-0.205806095,1.013951412,144.175268,10671,0.000917684,1.07E-05,0.613990134,0.007765031,0.295987778,0.001411167,0.1411167
41059,48649,"80,053","3,515,227,000","3,515,227",1.821466398,-0.255287856,19.2,88.8,32.2,-0.214245987,0.531806694,60.19517899,72256.33333,0,0,0.289443072,0.005769144,0.356916159,0.000595992,0.0595992
41061,87370,"25,944","1,026,574,000","1,026,574",1.947575593,0.150793391,82.8,88.5,33.5,-0.341032722,0.458301881,52.25039379,11749.66667,0,0,0.342421383,0.003356507,0.307552387,0.000353482,0.0353482
41063,68072,"7,674","338,681,000","338,681",1.783250228,0.279133251,24.8,79.1,27.4,-0.148041796,0.243759335,21.84108254,4975.333333,0,0,0.267388144,0.001601294,0.286624568,1.23E-04,0.0123
41065,214971,"26,333","1,743,916,000","1,743,916",1.703312998,-1.648922475,9.8,104.1,28.9,-0.339642806,0.337909637,49.92359808,8112.333333,0,0,0.259978138,0.002403606,0.297661121,1.86E-04,0.0186
41067,63024,"598,865","52,568,892,000","52,568,892",1.607145947,0.81584579,59.2,102,34.9,-0.331649993,7.462600493,1682.792206,834114.3333,0,0,0.35253653,0.080586891,0.404067428,0.011479484,1.1479484
41069,26250,"1,436","34,239,000","34,239",1.840424394,-5.470402161,0,81.6,33.4,-0.542902832,0.218904724,11.32555653,1304.333333,0,0,0.129057872,0.001295107,0.283569952,4.74E-05,0.00474
41071,36806,"108,644","3,928,228,000","3,928,228",1.635840661,3.59517825,535.3,107,42.7,-0.111113055,1.680441336,229.3394643,106729,0,0,0.695690237,0.015121862,0.361528638,0.003803329,0.3803329
42001,33297,"106,748","3,691,765,000","3,691,765",1.623887014,1.388322919,146.2,70.3,32.3,0.148532804,3.703590539,462.6029414,110875,0,0,0.316094865,0.029711683,0.323506068,0.003038275,0.3038275
42003,84275,"1,224,825","102,595,120,000","102,595,120",2.130561646,0.016350741,107.1,72.3,34.6,-0.129989142,15.59348132,3195.042311,1217384.333,0,0,0.327081104,0.151713212,0.304433791,0.015106773,1.5106773
42005,57940,"64,074","1,914,849,000","1,914,849",2.082303153,-0.053337236,83.8,73.6,37.9,-0.132672776,2.364856381,284.5204739,33049,0,0,0.324955151,0.017671021,0.298165927,0.001712155,0.1712155
42007,53597,"165,631","6,282,303,000","6,282,303",1.942581612,1.842983154,296.6,71.9,32.9,0.349966307,5.670171596,827.7013107,117213.6667,0,0,0.451272601,0.044218416,0.28569794,0.005700977,0.5700977
42009,77925,"47,350","1,470,008,000","1,470,008",2.185947774,-1.481749834,59.6,63.4,40.6,-0.26011332,1.521646428,178.2536203,18864.33333,0,0,0.268017892,0.011184995,0.306927577,0.000920101,0.0920101
42011,34981,"432,821","20,098,819,000","20,098,819",1.778845332,1.715658243,197.5,70.7,33.5,0.229574621,6.931425866,1114.858386,574563.6667,0,0,0.37053867,0.067764713,0.358119738,0.008992188,0.8992188
42013,81189,"120,273","6,106,454,000","6,106,454",2.141694794,-0.582779838,34.3,56.4,31.2,-0.14304048,3.245455454,578.5526602,75213,0,0,0.238081666,0.025632642,0.29559264,0.001803902,0.1803902
42015,116611,"59,695","3,639,830,000","3,639,830",2.125952737,-0.048726552,88.1,54.9,32.5,-0.122006087,1.580060494,181.9866219,31213.33333,0,0,0.268409696,0.011982399,0.321543811,0.001034147,0.1034147
42017,39088,"645,984","35,792,453,000","35,792,453",1.85582938,-0.03403529,130.1,63.1,35.2,-0.067634257,12.75036747,2192.788445,915685,0.001822258,1.07E-05,0.279760514,0.121573406,0.302905038,0.010302236,1.0302236
42019,55362,"198,413","10,729,375,000","10,729,375",1.958015888,-0.302901974,47.3,75.1,36.4,-0.151902047,3.653537966,466.6210015,193805,0,0,0.291142419,0.031959814,0.284684829,0.002648952,0.2648952
42021,56981,"130,668","4,606,726,000","4,606,726",2.041544024,0.444595221,126,61.3,37.4,-0.043130567,3.372847612,527.5235916,80846.33333,0,0,0.318256703,0.026598897,0.299501879,0.002535366,0.2535366
42023,51996,"4,380","185,453,000","185,453",2.317227044,0.819576054,71.9,58,45.1,0.013805521,1.054060364,165.8102296,3566.666667,0,0,0.358001118,0.007441305,0.281191344,0.000749092,0.0749092
42025,80824,"65,458","2,480,417,000","2,480,417",2.012751598,1.460809371,208.4,57.7,39.9,0.169101893,3.588993873,513.0895174,30689,0,0,0.377508248,0.026506632,0.290044674,0.002902324,0.2902324
42027,40153,"157,795","8,927,762,000","8,927,762",2.087462967,1.67495312,364.1,58.8,27.5,0.332517796,2.75865339,478.4111416,222341,0,0,0.432863178,0.026664227,0.300445826,0.003467734,0.3467734
42029,57510,"549,784","46,351,717,000","46,351,717",1.72339556,1.82708227,338.5,64.3,34.4,0.451710299,9.87502023,1496.008449,805982,6.55E-06,0,0.417788166,0.09610516,0.341847459,0.013725722,1.3725722
42031,64987,"36,970","1,063,126,000","1,063,126",2.167515158,2.390298825,418.9,67.9,41.1,0.595193158,1.918783384,228.1466523,16359,0,0,0.571473792,0.013952843,0.288953963,0.002304028,0.2304028
42033,68428,"77,090","2,783,563,000","2,783,563",2.036268239,0.048882216,105.9,69.3,37.6,-0.118729292,1.932509246,268.9793317,40678.66667,0,0,0.318354581,0.014881609,0.294054387,0.00139312,0.139312
42035,98967,"37,607","1,591,316,000","1,591,316",2.28847889,-0.002581367,111.3,61.2,43.9,-0.109080709,1.426065449,265.0935046,16079.33333,0,0,0.345327878,0.010593729,0.291700212,0.00106713,0.106713
42037,60284,"65,439","2,431,085,000","2,431,085",1.770705593,2.182130137,326.3,68.8,30.1,0.471918853,2.774557448,355.5610145,40327,0,0,0.436782593,0.020869972,0.301191378,0.002745552,0.2745552
42039,48239,"82,001","2,757,797,000","2,757,797",1.834208641,-0.209262982,36.7,66.8,31,-0.158103803,2.20903224,259.3771595,57170,0,0,0.239891564,0.017296899,0.319686094,0.001326499,0.1326499
42041,66254,"270,738","17,324,145,000","17,324,145",2.019555115,-0.020106334,103.9,70.7,35.5,-0.070769438,5.303472358,880.2355543,261482.3333,0,0,0.310841752,0.046272869,0.303880391,0.004370876,0.4370876
42043,71072,"289,234","22,650,480,000","22,650,480",1.957012609,-0.087332868,120,65.8,29.2,-0.079295537,6.625001226,1260.117406,318698,0,0,0.275527275,0.057919721,0.291697525,0.004655044,0.4655044
42045,50543,"576,720","35,003,794,000","35,003,794",2.128352012,-0.061846907,128.6,54.2,35.6,-0.04935546,24.00368256,5805.926287,692558.6667,0.001737044,1.60E-05,0.288386487,0.1992383,0.268309601,0.015416435,1.5416435
42047,217758,"30,198","1,281,070,000","1,281,070",2.150355812,0.101219836,64.8,57.7,39.6,-0.096750369,1.35358718,222.1363068,5883,0,0,0.296837746,0.009694272,0.274980985,0.000791292,0.0791292
42049,36820,"267,571","11,189,002,000","11,189,002",2.119696569,0.233497354,96,63.9,32.8,-0.160690057,4.167402098,675.5417268,303887.6667,0,0,0.303407427,0.039341483,0.328385231,0.00391977,0.391977
42051,44980,"123,915","4,097,296,000","4,097,296",1.845743527,0.034833241,82.6,75.2,37.5,-0.111204104,3.046953867,447.1253261,91090.66667,0,0,0.30336678,0.024511023,0.306733982,0.002280822,0.2280822
42053,49237,"6,449","213,294,000","213,294",2.006872855,0.023298255,99.8,62.4,34.6,-0.171693572,1.724597495,203.2022994,4332,0,0,0.285918242,0.012184906,0.294662351,0.00102657,0.102657
42055,54812,"157,854","6,162,110,000","6,162,110",1.901871229,0.082546722,120.8,77.2,36.3,-0.058933996,2.949494458,393.5354434,112423.6667,0,0,0.324761015,0.024402785,0.334547695,0.002651315,0.2651315
42057,146325,"14,468","631,003,000","631,003",1.875341898,-0.092375878,72.4,73.9,35.5,-0.081696456,1.323824483,137.7810018,4312.333333,0,0,0.290358304,0.009284665,0.294264692,0.000793302,0.0793302
42059,279378,"34,357","3,092,532,000","3,092,532",1.851923203,-3.308989784,12,80.6,41.3,-0.350540424,1.717647716,194.3607912,11069.33333,0,0,0.215444478,0.012330793,0.297230501,0.000789623,0.0789623
42061,68738,"43,514","1,240,399,000","1,240,399",1.874201806,0.080732332,111.7,67.2,31.9,-0.090410224,1.460545288,184.4162109,18045.33333,0,0,0.280547077,0.010746849,0.306794496,0.000924985,0.0924985
42063,57224,"83,094","3,466,487,000","3,466,487",2.10124882,0.159453492,93.7,70,32,-0.09525537,2.10028275,262.3764012,60577,0,0,0.310888928,0.016654326,0.290959588,0.001506486,0.1506486
42065,108837,"43,612","1,363,650,000","1,363,650",2.183171227,1.786313243,348.8,64.3,35.7,0.358694724,1.863209073,231.7760214,12529.33333,0,0,0.48268501,0.013454453,0.284578452,0.001848127,0.1848127
42067,116548,"23,243","754,143,000","754,143",2.172508554,-0.092315243,108.5,67.4,35.2,-0.096055254,1.661980331,183.3812167,6470.666667,0,0,0.318194733,0.011781066,0.305066374,0.001143594,0.1143594
42069,67738,"216,123","10,232,529,000","10,232,529",1.915805657,0.855640784,88,60.5,32.3,0.041529279,5.553789577,1002.517137,151061.3333,0,0,0.285803614,0.0447868,0.28070779,0.003593124,0.3593124
42071,40458,"558,589","29,968,719,000","29,968,719",1.860430466,-0.04793702,126.9,64.3,34.6,-0.084366065,7.422970175,1133.472261,740739,0,0,0.280062929,0.076394308,0.442380346,0.009464822,0.9464822
42073,73603,"84,472","3,217,688,000","3,217,688",1.664810716,-0.321884089,78.1,74.2,31,-0.207422873,3.847904245,553.6904825,43717,0,0,0.24738047,0.028783397,0.29455396,0.002097357,0.2097357
42075,57728,"144,252","6,130,358,000","6,130,358",1.924295903,0.380357356,175.4,68.1,33.3,-0.029495964,4.859506539,761.6210034,106193,0,0,0.323223187,0.038130315,0.301903677,0.003720843,0.3720843
42077,62448,"377,754","24,522,310,000","24,522,310",1.919573517,1.464394349,324.9,66.8,37.3,0.273661229,10.44083822,1942.716934,392683.3333,0,0,0.430381616,0.087945591,0.29245665,0.011069533,1.1069533
42079,62030,"327,388","15,046,493,000","15,046,493",1.862172847,0.129234572,112.7,60.2,29.7,-0.069770159,4.356640334,789.0129779,242566.3333,0,0,0.256775353,0.038947874,0.293869892,0.00293895,0.293895
42081,63902,"112,724","5,556,207,000","5,556,207",1.716230606,0.295789419,96.5,68.3,30.7,-0.058780636,1.874696412,312.078275,86948.33333,0,0,0.263888864,0.016003259,0.306685346,0.001295157,0.1295157
42083,166328,"39,519","1,526,114,000","1,526,114",2.023945974,-0.832150662,26.6,53.3,33.6,-0.190295029,1.41996494,174.9596525,9175.333333,0,0,0.21406252,0.010171266,0.287095463,0.000625089,0.0625089
42085,53043,"108,503","4,208,267,000","4,208,267",1.944688675,0.42077145,86.6,64.6,30.7,-0.100600929,3.133995924,432.7997243,79337.33333,0,0,0.282362579,0.024721857,0.312514228,0.002181514,0.2181514
42087,98852,"45,922","1,729,774,000","1,729,774",2.002690006,-0.230570661,139.3,67.9,30,-0.144448184,2.174340766,332.874103,17498.66667,0,0,0.289311821,0.015952521,0.302360014,0.001395468,0.1395468
42089,18777,"166,053","8,325,939,000","8,325,939",1.869035565,-0.000949215,100.9,55.5,37.1,-0.056634613,9.883466007,1575.057277,443419.6667,0,0,0.259713208,0.084990744,0.303611771,0.006701689,0.6701689
42091,92923,"868,742","86,932,684,000","86,932,684",1.824292456,-0.019618604,120.3,63.5,32.8,-0.054713978,16.32118483,3034.790102,935537.3333,2.62E-05,2.67E-06,0.267483065,0.147685819,0.255176354,0.010080348,1.0080348
42093,499017,"17,860","2,128,472,000","2,128,472",1.593638533,-0.01409864,116.7,75.9,29.1,-0.098274484,2.689198989,338.7719894,4265.333333,0,0,0.260447957,0.019121803,0.238613299,0.00118835,0.118835
42095,45350,"319,091","15,537,166,000","15,537,166",2.031912929,-0.048475763,115.6,61.4,40.2,-0.072419799,9.012393191,1544.212391,342608.3333,0,0,0.305451311,0.075745893,0.301423238,0.006973934,0.6973934
42097,75077,"90,120","3,270,446,000","3,270,446",1.756103014,0.036972633,106.1,70.1,27.4,-0.084523984,3.415901598,480.6293343,43561,0,0,0.25776721,0.025648308,0.300349054,0.001985696,0.1985696
42099,40155,"46,083","990,403,000","990,403",2.325228941,-0.143834676,110.4,63.9,36.7,-0.086673905,1.90279748,238.3765442,24664.66667,0,0,0.330255705,0.014119838,0.30640931,0.001428835,0.1428835
42101,65545,"1,550,542","107,668,917,000","107,668,917",2.284825179,-0.027839358,121.8,50.2,34.3,-0.046778769,43.38079287,20714.38788,1642680,0.004339333,3.21E-05,0.291306521,0.391728743,0.317945237,0.036281728,3.6281728
42103,06084,"61,247","1,398,020,000","1,398,020",1.491972158,-0.145577626,110.6,65.7,29.2,-0.075995464,8.38547485,1565.363749,229769.6667,0,0,0.217407333,0.067914367,0.293153455,0.004328435,0.4328435
42105,174506,"15,999","837,223,000","837,223",2.278735571,-0.214273785,58.4,51.6,43.5,-0.131807689,1.019548815,126.6834644,4797.666667,0,0,0.29565558,0.007168828,0.290150461,0.000614975,0.0614975
42107,65826,"143,786","4,783,835,000","4,783,835",1.789761384,0.717834472,177.2,65.6,29.5,0.012359598,3.078418032,458.2836763,72673.66667,0,0,0.30237612,0.024174934,0.303835566,0.002221015,0.2221015
42109,95873,"39,717","1,611,949,000","1,611,949",2.183959522,0.175987293,142.4,62.7,36.1,-0.07415845,2.343168226,314.8173906,16813.33333,0,0,0.329839336,0.017069266,0.298083234,0.001678243,0.1678243
42111,66497,"72,197","2,322,556,000","2,322,556",1.67638113,0.045952241,104.6,69.1,35,-0.086991645,1.957882111,236.7243096,34927,0,0,0.268491763,0.014819188,0.316616272,0.001259762,0.1259762
42113,69345,"5,834","265,014,000","265,014",2.099135524,-0.131622541,90,52.2,25.3,-0.099715339,1.127933858,146.5334411,3821.666667,0,0,0.235298566,0.007926487,0.282076593,0.000526099,0.0526099
42115,137856,"38,109","2,023,866,000","2,023,866",1.923282857,0.005362865,96.1,65.2,33.8,-0.088969948,1.716430207,188.2196503,14681,0,0,0.279316741,0.012423836,0.300602888,0.001043148,0.1043148
42117,92430,"40,840","1,520,323,000","1,520,323",1.959078416,-0.542046548,68.8,50.1,29.3,-0.199962168,1.270952141,150.7206729,16448.33333,0,0,0.205426902,0.00932027,0.313682406,0.000600587,0.0600587
42119,74317,"42,042","1,907,125,000","1,907,125",2.271675517,-0.292188342,99.9,62.4,38.2,-0.123181601,2.352709276,389.2274399,25662,0,0,0.317018771,0.017547552,0.298839296,0.001662414,0.1662414
42121,88578,"49,431","1,651,979,000","1,651,979",2.007276282,-0.204289326,44.5,63.6,34.2,-0.163014138,1.828846721,224.6091175,18650,0,0,0.263528327,0.013394,0.291596528,0.001029248,0.1029248
42123,114367,"37,572","1,227,239,000","1,227,239",2.203523561,0.128013363,63.8,56.9,36,-0.147735861,1.679647356,203.2601131,10730.66667,0,0,0.290859282,0.012072884,0.280702392,0.000985689,0.0985689
42125,98011,"210,232","13,232,174,000","13,232,174",1.724672234,0.070809452,102.2,80.2,34.5,-0.121398317,3.4778032,480.9981472,135007.6667,0,0,0.300673539,0.028932156,0.27791254,0.002417598,0.2417598
42127,47315,"51,262","1,872,874,000","1,872,874",1.506662708,-0.076184828,99.3,66.9,28.5,-0.079642971,2.310994779,245.122997,39583.33333,0,0,0.218694401,0.017429323,0.303915191,0.001158432,0.1158432
42129,51113,"351,163","14,546,227,000","14,546,227",1.995468147,0.07378973,102,74.4,36.8,-0.113702712,4.655184174,703.3833138,284588.6667,0,0,0.323841637,0.042173747,0.302551364,0.00413213,0.413213
42131,234745,"25,902","1,391,253,000","1,391,253",1.972498389,-0.343862534,66.7,62.8,34.7,-0.11009956,1.761046478,209.4681291,5926.666667,0,0,0.261512605,0.01249896,0.293128207,0.000958129,0.0958129
42133,43019,"464,640","21,185,253,000","21,185,253",1.836982816,-0.038703232,117.5,62.2,37.3,-0.056154858,5.964672444,840.3927185,492458,0,0,0.277458895,0.057994748,0.351326736,0.005653254,0.5653254
44001,49721,"50,255","1,949,701,000","1,949,701",2.125856019,0.012627165,166.7,40,42.6,-0.152998989,22.37463495,4932.27484,39213,0.001356861,2.67E-06,0.287309856,0.165774665,0.192482762,0.009167703,0.9167703
44003,56922,"171,278","9,690,992,000","9,690,992",2.068481699,0.555134144,134.4,47.1,51,-0.041463051,12.79147963,2724.631188,170249.6667,0.000970123,2.67E-06,0.330340864,0.099178652,0.262694071,0.008606583,0.8606583
44005,104532,"83,832","6,750,253,000","6,750,253",2.080765972,-0.090978998,110.9,42.2,39.7,-0.109656462,12.13470662,2400.155895,64575.66667,0.00115366,8.02E-06,0.258574147,0.090817499,0.214967518,0.005048095,0.5048095
44007,42619,"660,615","36,416,663,000","36,416,663",1.962930154,-0.107091015,118.7,48.3,42.8,-0.114788576,15.98143306,4062.802403,854463.3333,0.000616159,0,0.271507925,0.144942861,0.301588198,0.011868441,1.1868441
44009,42572,"129,982","7,384,834,000","7,384,834",1.736235859,0.168374432,165.3,55.3,47.2,-0.109418331,8.487026186,1344.532985,173466.6667,0.004116467,2.14E-05,0.299619497,0.068329255,0.26524992,0.005430402,0.5430402
45001,36669,"24,434","551,141,000","551,141",1.633703531,-0.179872941,89.2,44.9,47.1,-0.109072939,1.246532608,130.0676314,15030.33333,0,0,0.226692668,0.009068888,0.307481553,0.000632136,0.0632136
45003,36992,"177,130","7,057,685,000","7,057,685",1.508819204,0.35095702,121.8,34.5,48.9,-0.095324635,2.829970442,367.2812717,190792,0,0,0.217976381,0.025971336,0.304535873,0.00172402,0.172402
45005,45384,"7,369","240,383,000","240,383",1.657491504,0.345879026,119.2,31.5,55.9,-0.106703924,0.921474024,92.1656488,5296.666667,0,0,0.246975342,0.006441003,0.305560311,0.000486076,0.0486076
45007,35647,"213,076","7,635,645,000","7,635,645",1.675312349,0.600364149,180.9,42.9,47.5,-0.030325832,4.280588761,544.9219076,214200,0,0,0.282274986,0.037089089,0.330305435,0.003458074,0.3458074
45009,47600,"12,974","305,543,000","305,543",1.618585934,0.443505203,132.8,27.7,51,-0.10820757,1.172119315,122.5445226,6419,0,0,0.225890031,0.008270216,0.302761979,0.000565608,0.0565608
45011,27018,"20,447","448,308,000","448,308",1.541290769,1.563436023,156.7,28.1,50.2,0.04978561,1.163219098,147.9549988,16592.66667,0,0,0.260444764,0.008572396,0.307974032,0.000687594,0.0687594
45013,35397,"198,979","9,155,690,000","9,155,690",1.099472262,0.492127319,120.3,72.8,56.4,-0.115878431,5.453382119,905.0229653,258655.6667,0.026370299,0.000149788,0.293106051,0.059261258,0.274657582,0.004770756,0.4770756
45015,36457,"255,217","9,041,520,000","9,041,520",1.504730472,0.702739096,171.8,49.2,61.2,-0.114348422,2.769818495,462.9082969,248008.3333,0.004103357,4.55E-05,0.31861324,0.029390299,0.322078524,0.003015988,0.3015988
45017,77944,"14,186","628,565,000","628,565",1.723181523,0.292669131,128.4,28.5,52.6,-0.103762924,1.072117113,101.4445507,8064.333333,0,0,0.238594035,0.007589311,0.290331749,0.000525722,0.0525722
45019,79377,"424,367","35,090,098,000","35,090,098",1.319977327,0.555502974,183.3,53.1,56.5,-0.143210783,5.245186692,1089.50153,442066.6667,0.059970634,0.000310276,0.29277786,0.079143233,0.292808962,0.00678479,0.678479
45021,34685,"56,714","1,794,858,000","1,794,858",1.395714542,0.361136992,110.9,51.5,44.1,-0.054407753,2.286666221,269.7669227,51746.66667,0,0,0.230474023,0.01768517,0.309019384,0.001259554,0.1259554
45023,52399,"32,226","1,142,616,000","1,142,616",1.585921703,0.085001459,174,43.3,45.5,-0.122432338,1.265313413,131.5698912,21806,0,0,0.247104771,0.00941336,0.300427459,0.00069882,0.069882
45025,39870,"44,031","1,366,251,000","1,366,251",1.643115172,0.356955403,125.2,41.2,46.7,-0.086571959,1.63175615,180.324371,34268,0,0,0.244985316,0.012433292,0.314523832,0.000958031,0.0958031
45027,22905,"31,004","619,942,000","619,942",1.56698977,0.317736399,125.6,39.2,55.8,-0.11388449,1.31079146,135.018797,27065.33333,0,0,0.256920062,0.009899263,0.313668875,0.00079776,0.079776
45029,25598,"38,874","933,346,000","933,346",1.396774406,0.392975427,133.2,50.9,59.6,-0.14083467,1.016463299,91.31757111,36461.66667,0.006037048,0.000125715,0.282927241,0.010857518,0.294773656,0.000905512,0.0905512
45031,45518,"62,416","2,657,582,000","2,657,582",1.66779412,0.305120782,123.5,38.9,49.4,-0.09124117,2.172829929,259.0520018,58384.66667,0,0,0.247755213,0.017083082,0.296769173,0.001256053,0.1256053
45033,40272,"27,698","742,518,000","742,518",1.597831875,1.367330707,225.7,42.7,52.9,0.061582559,1.434392798,165.7850513,18437.66667,0,0,0.332768511,0.010543635,0.308321502,0.001081774,0.1081774
45035,25267,"169,833","4,523,498,000","4,523,498",1.52066093,0.273479054,119.3,47.1,59.5,-0.148726025,3.444572818,469.0529347,179027.6667,0.002392533,8.02E-06,0.279026649,0.031138992,0.312615584,0.002716194,0.2716194
45037,30395,"27,607","645,611,000","645,611",1.667948574,-0.383443785,66.3,40.9,49.9,-0.127731257,1.343775917,136.8311764,21240.66667,0,0,0.216111257,0.009949611,0.303306891,0.000652177,0.0652177
45039,77570,"20,422","1,107,965,000","1,107,965",1.6246692,0.267933952,119.9,42,48.5,-0.087718245,1.02352001,89.9468523,14283.33333,0,0,0.24576258,0.00742527,0.290579498,0.000530265,0.0530265
45041,49179,"137,214","7,246,018,000","7,246,018",1.596223728,0.294585997,129.2,40.2,53.4,-0.109047662,2.611016091,316.5630778,147338.6667,1.97E-05,0,0.256076711,0.023012662,0.30542111,0.001799849,0.1799849
45043,39711,"65,731","2,760,418,000","2,760,418",1.668814179,0.209160885,114.8,41,61.7,-0.132765686,1.700536186,200.4199127,69512.66667,0.005558542,9.63E-05,0.28336242,0.016603914,0.284058531,0.001336474,0.1336474
45045,58105,"558,036","34,323,026,000","34,323,026",1.819767425,0.46856353,125,39.3,46.1,-0.040023527,7.728127131,1222.059011,590702.3333,0,0,0.261665833,0.0739908,0.330635678,0.006401393,0.6401393
45047,46658,"69,460","3,373,972,000","3,373,972",1.491646062,0.331457625,114.8,46.4,46.1,-0.038693385,2.374100118,298.6383737,72312.66667,0,0,0.235027242,0.01898624,0.304152029,0.001357213,0.1357213
45049,29929,"18,122","431,276,000","431,276",1.602452968,0.350677823,121.3,39.3,57.2,-0.124159182,1.108010421,115.9865247,14410,6.55E-05,2.67E-06,0.264995876,0.008093745,0.31050861,0.000665982,0.0665982
45051,34184,"397,478","15,291,632,000","15,291,632",1.702810179,0.487835753,133.9,40.1,61,-0.111663732,5.036215529,782.1679098,447338.3333,0.008285373,2.41E-05,0.297962755,0.053797001,0.349950413,0.005609531,0.5609531
45053,56019,"33,544","1,333,219,000","1,333,219",1.3182079,0.415590799,119.7,56.9,58.7,-0.125955083,0.934128374,87.60643005,23799.33333,0.001225763,6.42E-05,0.282615768,0.007681137,0.302588023,0.000656861,0.0656861
45055,34523,"69,905","2,182,052,000","2,182,052",1.308966143,0.296683575,125.4,46.7,41.9,-0.084792409,1.824315045,188.0177191,63206.33333,0,0,0.204725733,0.014686174,0.304448323,0.000915366,0.0915366
45057,66563,"108,215","3,759,395,000","3,759,395",1.357078095,0.326518364,143.4,47.4,45,-0.084738359,2.009420603,221.097723,56478.33333,0,0,0.228079166,0.0158207,0.320759247,0.001157419,0.1157419
45059,29692,"68,873","2,399,195,000","2,399,195",1.429066292,0.389651194,120.9,50.6,46.7,-0.044108918,1.970475313,222.8392341,80803.66667,0,0,0.24405536,0.016312846,0.30915141,0.001230805,0.1230805
45061,30378,"15,967","345,004,000","345,004",1.498290642,0.283490907,122.6,38.7,47.1,-0.082622576,1.10545681,106.3801391,11357,0,0,0.22013646,0.007932355,0.307861,0.000537587,0.0537587
45063,32241,"309,528","13,793,436,000","13,793,436",1.505066378,0.120547483,104.5,34.3,48.2,-0.111156577,6.796352173,934.8472303,427822,2.62E-05,0,0.202274844,0.061931307,0.31886243,0.003994436,0.3994436
45065,43499,"9,941","222,774,000","222,774",1.689541758,0.344774234,103.6,45.6,49.1,-0.04255924,1.361708822,123.721517,5121.333333,0,0,0.261224073,0.009547019,0.294766216,0.000735121,0.0735121
45067,23098,"28,508","610,429,000","610,429",1.700242382,1.904613812,341.9,40.9,59.6,0.218156973,1.47854386,163.3010181,26428.33333,6.55E-06,0,0.429517812,0.011097693,0.306988759,0.00146331,0.146331
45069,60555,"25,704","753,000,000","753,000",1.728352807,0.289758091,124.4,38.4,50.9,-0.096634764,1.469972798,180.2800154,12435,0,0,0.257830575,0.010629607,0.306108196,0.000838932,0.0838932
45071,39432,"38,825","1,457,486,000","1,457,486",1.594228174,-0.170216504,98.7,45.4,47.1,-0.123472603,1.483821307,156.7891391,36961.66667,0,0,0.226599172,0.011448153,0.307657424,0.000798107,0.0798107
45073,47669,"81,221","3,724,438,000","3,724,438",1.299021298,0.295398217,87,53.1,39.8,-0.070920176,2.666340394,339.1425799,78131.33333,0,0,0.200748472,0.02126905,0.29829816,0.001273652,0.1273652
45075,27258,"82,820","2,751,189,000","2,751,189",1.683256553,0.349756356,133.8,28.9,52.4,-0.11883229,1.780770523,197.8973844,100929.6667,0,0,0.237997516,0.015579397,0.324209437,0.001202122,0.1202122
45077,23300,"135,495","4,172,579,000","4,172,579",1.741713739,0.307105234,93.7,44.3,44.7,-0.055784291,4.682790568,655.0559488,179078.3333,0,0,0.246230565,0.038984285,0.312603151,0.003000716,0.3000716
45079,51710,"425,138","27,337,102,000","27,337,102",1.636269186,0.028454677,99.9,35.6,48.8,-0.119157812,6.800410264,1227.010859,528664.3333,1.31E-05,0,0.218122267,0.065634353,0.311076139,0.004453464,0.4453464
45081,29906,"19,123","495,636,000","495,636",1.575019272,1.148306173,181.5,42.5,49.3,0.054709155,1.260659328,118.4945848,16573.33333,0,0,0.294098695,0.009193889,0.313949686,0.000848892,0.0848892
45083,43447,"356,698","16,727,329,000","16,727,329",1.686777863,0.147457172,105.6,41.3,45.4,-0.064652019,5.858521801,787.5606608,385007.3333,0,0,0.233561914,0.053808655,0.32726875,0.004113,0.4113
45085,31468,"104,165","4,217,560,000","4,217,560",1.713666824,0.340913776,125.1,32.5,51.3,-0.095712367,2.876494736,372.5484733,134026.3333,0,0,0.244169627,0.024532206,0.306364274,0.001835128,0.1835128
45087,69881,"26,629","709,481,000","709,481",1.388366863,0.440389712,115,46.9,44.1,-0.05302565,1.367717596,164.4144611,10152.66667,0,0,0.221898011,0.009820067,0.299448231,0.000652514,0.0652514
45089,31655,"29,891","703,658,000","703,658",1.521934533,0.202708359,120.3,45.3,59.2,-0.130511239,0.999026633,92.98001603,22229,3.28E-05,2.67E-06,0.271765963,0.007524895,0.313210417,0.000640519,0.0640519
45091,39743,"298,320","14,094,314,000","14,094,314",1.524252671,0.385361553,126.3,43.2,43.4,-0.064240266,5.629460101,755.6487981,354633.3333,0,0,0.22813901,0.051213505,0.320952686,0.003749946,0.3749946
46003,35146,"2,782","114,447,000","114,447",1.921039895,-2.810731763,44.9,63,38.9,-0.584656437,0.335031786,26.05845189,3256.333333,0,0,0.182319824,0.002188496,0.272492395,1.09E-04,0.0109
46005,133570,"19,591","856,987,000","856,987",1.708272047,0.06395841,70.1,65.4,36.4,-0.266006244,0.462139955,56.55015205,6416,0,0,0.256972641,0.00322454,0.254499088,0.000210883,0.0210883
46007,19957,"3,305","103,304,000","103,304",1.971781578,-1.771787952,17.4,58.2,36.3,-0.361152519,0.172687391,30.03165486,5176.333333,0,0,0.195536248,0.001129519,0.295401014,6.52E-05,0.00652
46009,49221,"7,065","257,934,000","257,934",1.976407551,-0.609279439,64.7,59.7,37.8,-0.341438697,0.611846637,54.20791829,5240.333333,0,0,0.252460606,0.004222059,0.295212064,0.000314668,0.0314668
46011,72662,"35,980","2,160,300,000","2,160,300",1.700564143,-0.411233452,89.4,66,37.1,-0.365493,0.899019975,101.2918922,29731,0,0,0.248307517,0.00706444,0.282364883,0.000495311,0.0495311
46013,94420,"37,733","2,429,956,000","2,429,956",1.843058381,0.09669711,76,66,35.7,-0.264747591,0.537439555,81.12607684,25735.66667,0,0,0.275052237,0.004394693,0.256252753,0.000309751,0.0309751
46015,48900,"5,311","262,528,000","262,528",1.808269818,-1.577379642,21.5,68.6,35,-0.330285376,0.38918353,29.71044925,5368.666667,0,0,0.208008826,0.002636729,0.279239386,0.000153152,0.0153152
46017,21160,"1,884","74,947,000","74,947",1.44096618,-1.838058319,25,76.5,34.6,-0.371016225,0.331934645,19.51728652,3542,0,0,0.177526536,0.002163974,0.322371302,1.24E-04,0.0124
46019,61065,"10,863","321,201,000","321,201",1.658583365,-1.764264544,29.4,69.9,31.1,-0.439923269,0.175736851,32.31062224,5260,0,0,0.172025071,0.001157448,0.28703977,5.72E-05,0.00572
46021,72987,"1,340","105,320,000","105,320",1.527427669,0.01313376,81.1,73.3,32.4,-0.280574194,0.243151631,20.81327239,1443,0,0,0.245919711,0.001484967,0.276616087,1.01E-04,0.0101
46023,78670,"9,240","426,284,000","426,284",1.921889891,0.154869145,84.1,61.4,36.8,-0.254144552,0.429328257,35.74945641,5418.666667,0,0,0.280311542,0.002927801,0.28606499,0.000234772,0.0234772
46025,58789,"3,948","232,570,000","232,570",1.85781817,-0.687262096,66,70.5,38.5,-0.392700654,0.343549397,25.23171751,3956,0,0,0.264337068,0.002267905,0.282645469,0.000169443,0.0169443
46027,62289,"15,431","652,226,000","652,226",1.62161286,0.895673789,170.5,65.5,36.4,-0.204939168,0.80482854,89.29174515,10471,0,0,0.316076812,0.005788078,0.269836529,0.00049366,0.049366
46029,67379,"28,971","1,539,280,000","1,539,280",1.920516496,0.104896478,78.5,63.2,36.8,-0.276662019,0.906997694,109.6183039,22845,0,0,0.281106819,0.006920103,0.28449038,0.000553416,0.0553416
46031,20971,"3,782","103,718,000","103,718",1.642732682,-2.052931744,12,69.6,29.6,-0.354538336,0.144554801,18.24933705,4945.666667,0,0,0.158822659,0.000905642,0.303317517,4.36E-05,0.00436
46033,50774,"9,117","261,080,000","261,080",1.641043303,-1.990676358,17.7,63.8,29.7,-0.398915087,0.411906697,43.88961766,5142,0,0,0.144552742,0.00281319,0.281294993,1.14E-04,0.0114
46035,97652,"19,922","1,213,135,000","1,213,135",1.644627384,0.127501556,85.1,65.3,37.9,-0.25877456,1.006536597,142.0837462,12423,0,0,0.261016344,0.007344668,0.255006998,0.000488868,0.0488868
46037,56490,"5,451","293,788,000","293,788",2.065651738,-1.721186373,27.1,62.7,37.7,-0.37313048,0.444171899,39.08081942,5200.666667,0,0,0.226629722,0.003030052,0.285525079,0.00019607,0.019607
46039,76470,"4,354","340,494,000","340,494",2.244527298,0.192457237,81.4,56.6,38.9,-0.261240031,0.50960869,36.38257469,4452.666667,0,0,0.311712282,0.003455702,0.271027086,0.000291946,0.0291946
46041,31730,"5,208","202,130,000","202,130",1.669377009,0.25288665,97.7,68.5,31.3,-0.254452568,0.135195259,20.09705361,6370.333333,0,0,0.262560436,0.000888552,0.301823415,7.04E-05,0.00704
46043,58004,"2,838","188,512,000","188,512",2.132936954,0.152864208,89.4,58.5,40.2,-0.251550392,0.481999409,40.27631611,3250,0,0,0.308832978,0.003233765,0.269421758,0.00026907,0.026907
46045,67977,"4,057","281,108,000","281,108",1.769470789,-0.090488692,71.3,66.8,34,-0.283730667,0.249492601,26.70065222,4135.333333,0,0,0.254951361,0.00162373,0.268656241,1.11E-04,0.0111
46047,46749,"7,393","238,515,000","238,515",1.559849794,0.144806806,62.5,66.5,34.2,-0.212706555,0.259743389,38.48979498,5102,0,0,0.237483654,0.001746546,0.275850627,1.14E-04,0.0114
46049,62537,"2,151","148,234,000","148,234",1.905845308,0.196206804,91.1,62.2,35.2,-0.256491576,0.240297645,21.72711942,2370.333333,0,0,0.279959228,0.001495779,0.27399686,0.000114738,0.0114738
46051,109392,"7,553","536,423,000","536,423",1.735025077,0.664918768,141.4,65.4,35.4,-0.241537768,0.551928259,49.45362388,4903.666667,0,0,0.306953791,0.003787223,0.275250974,0.00031998,0.031998
46053,43030,"4,018","174,832,000","174,832",1.906669293,0.573531596,129.8,66.6,36.5,-0.227723768,0.349411533,32.21302736,4063,0,0,0.323440108,0.002324665,0.286160242,0.000215161,0.0215161
46055,65290,"1,851","118,479,000","118,479",1.907450511,-1.686353589,29.2,62.6,32.4,-0.379244619,0.164740759,7.425360024,1814.666667,0,0,0.19225071,0.000928181,0.252840865,4.51E-05,0.00451
46057,52763,"6,451","278,027,000","278,027",1.80132236,0.12509014,77.3,67.9,40.1,-0.268889293,0.664120253,52.53587731,5269.333333,0,0,0.289355276,0.004582522,0.2923835,0.000387694,0.0387694
46059,66647,"3,107","199,542,000","199,542",1.881340565,0.211866042,91.5,64.2,35.1,-0.247517839,0.228129145,17.31238341,2994,0,0,0.282496235,0.001422764,0.264314703,0.000106235,0.0106235
46061,34194,"3,471","156,117,000","156,117",1.657008519,0.022922892,71.8,63.1,37.5,-0.263863552,0.490492243,35.79982563,4565.666667,0,0,0.247546279,0.003325557,0.278315425,0.000229117,0.0229117
46063,41654,"1,324","52,387,000","52,387",1.868777482,-0.472510771,38.3,62,31.9,-0.273333592,0.122340423,5.415091233,1257.666667,0,0,0.223923558,0.000613002,0.246595066,3.38E-05,0.00338
46065,97234,"17,624","1,209,786,000","1,209,786",1.671077663,-0.752011707,31,73,34.4,-0.271325763,0.520671681,90.07505113,12442,0,0,0.227387213,0.003879874,0.264806682,0.000233621,0.0233621
46067,78583,"7,394","422,461,000","422,461",1.774989693,0.782936417,160.9,62.5,40.2,-0.189306626,0.495438222,42.33385693,5376,0,0,0.330140041,0.003397093,0.272160662,0.000305233,0.0305233
46069,78156,"1,186","130,364,000","130,364",1.75223679,-0.057324482,73.9,72,36.5,-0.273850636,0.18538106,13.66199028,1668,0,0,0.275541633,0.001078178,0.272897348,8.11E-05,0.00811
46071,18608,"2,776","78,859,000","78,859",2.060785982,-1.461510645,39.2,61.5,33.8,-0.414603953,0.186190656,9.575235254,4238,0,0,0.218210692,0.001156529,0.305914063,7.72E-05,0.00772
46073,97829,"1,660","184,081,000","184,081",1.949300391,-1.383770945,62.6,59.5,35.3,-0.477875251,0.322710668,24.79872299,1881.666667,0,0,0.213499246,0.002057825,0.247272074,1.09E-04,0.0109
46075,60344,855,"62,255,000","62,255",1.800857452,0.165734565,89.4,67.4,33.6,-0.24814544,0.169345592,13.83215958,1031.666667,0,0,0.274800073,0.000947396,0.28256272,7.36E-05,0.00736
46077,52185,"5,276","263,710,000","263,710",2.043226682,0.217216291,77.5,62.2,41.5,-0.24494474,0.412388812,42.79860169,5053.333333,0,0,0.310256813,0.002811774,0.281145977,0.000245264,0.0245264
46079,113879,"11,031","577,441,000","577,441",1.94894776,0.604000009,118.3,60.6,40.1,-0.229401596,0.815796149,79.86385461,5070.666667,0,0,0.32106638,0.005678404,0.281518939,0.00051325,0.051325
46081,111233,"28,053","1,320,749,000","1,320,749",2.078713059,0.580013461,92.1,56.4,31.3,-0.132428298,0.964720593,161.7251698,11873.66667,0,0,0.290850642,0.007073343,0.274913548,0.000565576,0.0565576
46083,122269,"73,238","6,136,824,000","6,136,824",1.692068405,-0.914599092,71.4,63.6,37.2,-0.430754134,1.475519082,163.4227788,50191.33333,0,0,0.218873613,0.011815541,0.28656845,0.000741098,0.0741098
46085,35079,"3,705","171,488,000","171,488",1.749985804,0.338311298,105.3,71.8,37.6,-0.243021207,0.193616856,19.02517476,4888.666667,0,0,0.304439835,0.001245615,0.292258533,1.11E-04,0.0111
46087,56374,"5,809","288,562,000","288,562",1.834088332,-0.012555626,76.3,64.3,40.6,-0.282092295,0.560922778,49.00447489,5118.666667,0,0,0.280085623,0.003855505,0.282622609,0.000305196,0.0305196
46089,48637,"2,334","119,306,000","119,306",1.747945489,0.067875872,80.3,64.2,34,-0.263522301,0.23560342,19.92244166,2453,0,0,0.254836108,0.001462498,0.29443068,0.000109734,0.0109734
46091,63245,"4,390","285,321,000","285,321",2.207325695,-0.189573735,55.5,64.3,39.2,-0.274407669,0.443396572,36.02605639,4511.333333,0,0,0.305867063,0.00299758,0.283322123,0.000259767,0.0259767
46093,46512,"30,954","885,739,000","885,739",1.766343568,-1.992231986,21,71.1,32.6,-0.39299777,0.303915737,24.86752774,19043.33333,0,0,0.186816938,0.002463138,0.28358237,1.30E-04,0.013
46095,12733,"1,851","39,673,000","39,673",1.947212256,0.181635003,86.4,64.8,36.5,-0.250710005,0.148326516,21.5280008,3115.666667,0,0,0.293282074,0.000880687,0.303533646,7.84E-05,0.00784
46097,49354,"2,280","119,997,000","119,997",1.764239715,-0.94190452,25.3,66.9,39.7,-0.296590321,0.352170757,28.26908998,2431.333333,0,0,0.231630347,0.002285679,0.27178131,0.00014389,0.014389
46099,70783,"206,930","15,780,685,000","15,780,685",1.831546406,-1.036978342,57,63.8,39.3,-0.391785415,3.057889785,460.9391547,222943.6667,0,0,0.234719568,0.028726858,0.298096714,0.002009993,0.2009993
46101,59357,"6,450","299,021,000","299,021",1.674339037,-1.286364353,46.7,67.9,36.7,-0.400314718,0.628677435,53.31118468,5037.666667,0,0,0.209220592,0.004330849,0.272709981,0.000247103,0.0247103
46102,03420,"13,434","345,627,000","345,627",1.859117111,-1.278973185,37.9,64.3,35.4,-0.411973734,0.210907584,20.89349168,101072,0,0,0.2106457,0.004370563,0.279887167,0.000257675,0.0257675
46103,02145,"115,903","6,153,718","6,153,718",1.722266387,0.165332921,89.2,69.7,30.9,-0.266555808,0.740132285,160.9453739,2868.666667,0,0,0.264281793,0.005232971,0.2908525,0.000402243,0.0402243
46105,66644,"2,834","134,954,000","134,954",1.694254861,-0.527427562,38.6,67.7,31.9,-0.293657868,0.182413918,11.24465446,2025,0,0,0.216586321,0.001064319,0.253496034,5.84E-05,0.00584
46107,32460,"2,413","167,125,000","167,125",1.892258748,0.398087691,106.8,67.1,34.4,-0.231109863,0.239654372,34.79066421,5148.666667,0,0,0.303098298,0.001601889,0.291940527,0.000141746,0.0141746
46109,148534,"10,206","381,981,000","381,981",1.926832382,-0.604282011,60.3,61.8,35.3,-0.342010676,0.520481923,42.88350178,2571.666667,0,0,0.243316167,0.003484306,0.2459804,0.000208539,0.0208539
46111,08692,"2,399","117,900,000","117,900",1.442418297,0.13327115,82.6,69.8,36.7,-0.261300427,0.373622742,30.23688745,13563.66667,0,0,0.245075348,0.00278549,0.319214324,0.000217913,0.0217913
46115,80931,"6,166","411,532,000","411,532",1.767975085,-1.381291546,59.7,65.3,38.7,-0.475099508,0.286215512,31.8142104,5085,0,0,0.216296481,0.00191745,0.279806154,1.16E-04,0.0116
46117,42785,"3,043","137,398,000","137,398",1.851677188,0.169916001,83.3,64.1,32.5,-0.252896952,0.130850079,16.13376208,3211.333333,0,0,0.267572834,0.000752586,0.258031594,5.20E-05,0.0052
46119,86085,"1,494","130,017,000","130,017",1.882173402,-1.915005057,31,69.8,36,-0.419062273,0.179334689,16.99471563,1510.333333,0,0,0.211654184,0.001037405,0.217040466,4.77E-05,0.00477
46121,21625,"9,199","229,437,000","229,437",1.720976591,-1.033966665,27,69.3,36.3,-0.301727559,0.269144962,23.50115567,10609.66667,0,0,0.219632724,0.001956253,0.319943951,0.000137466,0.0137466
46123,50081,"5,621","254,743,000","254,743",1.964627934,0.317075721,94.4,65.2,36.1,-0.240158352,0.273931642,25.86283125,5086.666667,0,0,0.30286623,0.001821417,0.28941066,0.000159652,0.0159652
46125,91297,"9,027","458,647,000","458,647",1.599824465,0.156040062,112.3,64,36.5,-0.302551847,0.723228315,61.94168347,5023.666667,0,0,0.258232518,0.005002064,0.283137024,0.000365727,0.0365727
46127,234116,"17,183","1,723,797,000","1,723,797",1.649483777,0.095353769,80.6,62.7,37.2,-0.271918193,0.924740184,92.02439036,7363,0,0,0.250036307,0.006527885,0.236437699,0.000385916,0.0385916
46129,47811,"5,269","248,457,000","248,457",1.578829402,-2.08577748,19.9,71.8,30.8,-0.394842165,0.399270146,66.00628811,5196.666667,0,0,0.160298282,0.00276765,0.282568012,1.25E-04,0.0125
46135,94772,"23,517","1,385,821,000","1,385,821",1.677430606,0.867058009,177.1,62.6,36.1,-0.205653438,0.987845516,105.5278959,14622.66667,0,0,0.317359594,0.007216861,0.278277368,0.00063735,0.063735
46137,10341,"2,322","46,773,000","46,773",1.510134036,0.196840503,88.5,74.6,30.9,-0.245088612,0.09274596,10.85037413,4523,0,0,0.25300475,0.000519544,0.32552925,4.28E-05,0.00428
47001,126064,"80,234","5,753,009,000","5,753,009",1.602376646,0.17506916,106.4,52,47.9,-0.179854903,3.467684069,519.524796,45635.66667,0,0,0.259492986,0.026143327,0.28964962,0.001964986,0.1964986
47003,57266,"53,055","2,227,334,000","2,227,334",1.782932217,0.337632052,96.7,36.4,43.6,-0.105943911,1.556720313,166.1356064,38894.66667,0,0,0.229793266,0.012031241,0.322844308,0.000892567,0.0892567
47005,75021,"16,103","402,589,000","402,589",1.410522748,0.142726312,83.6,46.1,40.4,-0.135013573,1.124853263,119.6828203,5366.333333,0,0,0.192235846,0.007904261,0.302689239,0.000459931,0.0459931
47007,57104,"15,060","232,583,000","232,583",1.829595542,0.643649423,105.3,40.5,45.5,-0.104393472,0.852810284,75.51198245,4073,0,0,0.262899858,0.005896078,0.315111637,0.000488448,0.0488448
47009,48643,"141,456","6,626,401,000","6,626,401",1.627550101,0.804073117,85.5,54.4,49.3,-0.085204293,3.636663557,620.6445468,136224,0,0,0.285745477,0.030327261,0.313091141,0.002713209,0.2713209
47011,49193,"111,579","4,812,055,000","4,812,055",1.384613304,-0.040531084,92.7,50.7,43.2,-0.14909091,4.005776544,535.3615657,97820,0,0,0.206591161,0.03153343,0.308350145,0.002008756,0.2008756
47013,41155,"40,223","994,736,000","994,736",1.506006696,-0.056431571,86.3,54.7,48.6,-0.1988362,1.740626262,273.4656216,24170.66667,0,0,0.243972389,0.013043584,0.305745553,0.000972966,0.0972966
47015,72013,"15,063","312,201,000","312,201",1.822177776,1.853818133,203.2,41.6,46.7,0.067209208,1.094245078,99.18244062,4335.333333,0,0,0.343150426,0.007622305,0.307235418,0.000803604,0.0803604
47017,49133,"28,860","643,026,000","643,026",1.488466822,-0.056787951,68.5,41.6,41.4,-0.147830032,1.118624045,121.9624005,13087.33333,0,0,0.182247252,0.008106164,0.291610123,0.000430803,0.0430803
47019,40071,"57,022","1,103,034,000","1,103,034",1.880415278,0.159160346,114.4,67.5,61.7,-0.137172316,3.032059265,561.0230548,27527,0,0,0.373545701,0.022632185,0.305138818,0.002579691,0.2579691
47021,23598,"42,254","1,279,600,000","1,279,600",1.474070078,0.272249322,91.2,45.8,40.3,-0.117956674,2.334374441,285.8042559,54224,0,0,0.204883502,0.018122727,0.305793445,0.001135426,0.1135426
47023,42674,"17,606","370,833,000","370,833",1.547445812,0.193879714,98.3,38.7,43.5,-0.142019083,1.212358955,120.6749558,8690,0,0,0.204591621,0.008616807,0.301813707,0.000532075,0.0532075
47025,42750,"32,654","774,012,000","774,012",1.320275515,0.023244775,91.8,65,45.7,-0.177264339,1.396858478,163.7206585,18105.66667,0,0,0.244258233,0.010269134,0.320414128,0.000803701,0.0803701
47027,59633,"7,714","225,514,000","225,514",1.526342692,-0.13048705,53.8,47.6,43.5,-0.146507976,0.941811609,89.73422522,3781.666667,0,0,0.201165959,0.00653036,0.310807401,0.000408303,0.0408303
47029,45575,"37,404","826,257,000","826,257",1.875431965,-0.050471728,56.5,52.2,53.5,-0.164558336,1.694952726,229.7181462,18129.66667,0,0,0.28529452,0.012458299,0.321674716,0.001143323,0.1143323
47031,73789,"60,633","3,141,646,000","3,141,646",1.707397971,0.332656273,98,39.7,44.2,-0.129602053,2.146627981,251.5393244,42576.33333,0,0,0.231485405,0.016394266,0.307491763,0.001166942,0.1166942
47033,137566,"13,982","577,457,000","577,457",1.596952838,1.185570046,262.8,39.9,41.1,-0.05990892,1.231042076,127.276415,4197.666667,0,0,0.297483317,0.008618278,0.298366341,0.00076495,0.076495
47035,36348,"64,760","1,810,683,000","1,810,683",1.729113174,0.232254521,97.2,41.4,39.3,-0.168557895,1.594187563,182.1807991,49815,0,0,0.220653436,0.012661253,0.308033098,0.000860567,0.0860567
47037,94017,"712,334","85,468,316,000","85,468,316",1.65220661,2.607282662,338.3,39.3,39.2,0.364365329,15.12480101,2935.249289,909077.3333,0,0,0.391137988,0.138366039,0.305724949,0.0165459,1.65459
47039,60051,"11,656","320,711,000","320,711",1.498078933,3.031909384,355.7,42.7,45.1,0.441729445,1.126306188,111.6451734,5340.666667,0,0,0.421804273,0.007898852,0.284439364,0.000947686,0.0947686
47041,69369,"21,225","824,964,000","824,964",1.373849801,0.337319048,87.4,47.4,41.9,-0.132819332,1.408430885,145.8655697,11892.33333,0,0,0.202910017,0.010122885,0.311061781,0.000638932,0.0638932
47043,43890,"56,729","2,100,186,000","2,100,186",1.674811155,0.880560012,105.8,43.6,43.3,-0.052322067,1.73065327,186.3646767,47850.66667,0,0,0.254421251,0.013554234,0.320074976,0.001103774,0.1103774
47045,60940,"36,498","1,794,520,000","1,794,520",1.648534064,0.270949002,101.3,41.7,38.7,-0.12483199,1.301591087,174.39878,29447.33333,0,0,0.212845754,0.009981731,0.289582361,0.000615238,0.0615238
47047,56255,"44,175","1,346,086,000","1,346,086",1.475945383,0.346986966,105.3,40.1,40.2,-0.134880545,0.977844091,84.32295607,23928.33333,0,0,0.196962848,0.00739914,0.300403792,0.000437795,0.0437795
47049,105135,"19,696","512,498,000","512,498",1.831604836,0.145415602,77.8,41.4,44.9,-0.167281609,0.944705269,93.20447034,4874.666667,0,0,0.240293968,0.006590882,0.304288768,0.000481917,0.0481917
47051,44033,"44,654","1,301,389,000","1,301,389",1.844015543,2.757408187,279.6,34.6,45.2,0.281273291,1.680344748,163.3551452,29555,0,0,0.390095098,0.012592258,0.316462952,0.001554522,0.1554522
47053,51263,"51,045","1,459,094,000","1,459,094",1.379699889,0.316514166,96.9,43,39,-0.12083849,1.572874353,196.9626384,28462.66667,0,0,0.1860707,0.011874074,0.307134127,0.000678587,0.0678587
47055,89162,"30,721","1,256,240,000","1,256,240",1.756217229,0.211742168,97.2,35.8,44.3,-0.109455843,1.096883727,111.5226443,14089.33333,0,0,0.223611555,0.00796755,0.327503365,0.000583492,0.0583492
47057,47417,"24,681","491,949,000","491,949",1.434595623,0.082747444,101.4,54.1,46.6,-0.162014647,1.710456827,163.1568514,10375,0,0,0.237446024,0.012202228,0.327962375,0.000950229,0.0950229
47059,54017,"72,577","2,473,363,000","2,473,363",1.542637312,-0.043023349,104.4,63.8,53.6,-0.181635431,2.010159713,245.5997083,45788.66667,0,0,0.291748999,0.015537005,0.332878811,0.001508908,0.1508908
47061,53439,"13,955","248,294,000","248,294",2.077305511,0.855221309,102.5,35.6,49.1,-0.084981507,1.0200992,120.0583395,4646.333333,0,0,0.295027168,0.007155818,0.314759948,0.000664509,0.0664509
47063,45564,"66,216","3,458,238,000","3,458,238",1.543820755,0.032136589,95,52.7,48.4,-0.175554515,5.570441406,824.9815983,75899,0,0,0.248140575,0.04223233,0.308903818,0.003237174,0.3237174
47065,73998,"379,864","29,064,512,000","29,064,512",1.629836723,0.396249611,107,45.3,44.8,-0.113544323,8.467740382,1332.320942,392774.6667,0,0,0.243368201,0.073146108,0.287371009,0.005115617,0.5115617
47067,22525,"6,956","88,244,000","88,244",1.263814532,-0.441218085,43.6,61.7,47.7,-0.178475034,0.929053536,82.66115531,3917.666667,0,0,0.206783593,0.006433179,0.324619214,0.000431833,0.0431833
47069,36143,"25,567","616,839,000","616,839",1.447338631,0.293242844,86.8,40.5,41.9,-0.120888324,0.935180534,88.05664965,17066.66667,0,0,0.192114911,0.006895881,0.306233809,0.000405699,0.0405699
47071,71470,"27,229","1,032,198,000","1,032,198",1.748185869,3.185109013,369.5,39.9,46.9,0.468370384,1.19599447,133.4692128,14442.33333,0,0,0.459646552,0.00870618,0.302263765,0.001209589,0.1209589
47073,41086,"58,600","1,824,164,000","1,824,164",1.452950782,-0.155569925,108.9,57.4,51.1,-0.203616275,2.08802411,224.8522046,44398.66667,0,0,0.255628536,0.015995849,0.338826056,0.001385458,0.1385458
47075,96982,"17,328","853,635,000","853,635",1.56977729,2.264385939,229.7,39.8,39.7,0.131868916,0.81992649,83.92895732,8802,0,0,0.317701301,0.005830927,0.296037265,0.000548407,0.0548407
47077,44239,"28,070","774,043,000","774,043",1.711962086,0.421925983,160.7,40,43.9,-0.133923953,1.183537424,126.8070667,17497,0,0,0.255319443,0.008702921,0.31020933,0.000689293,0.0689293
47079,74496,"32,554","1,295,266,000","1,295,266",1.445366317,0.195999907,84.3,44.2,38.5,-0.132162283,1.42115783,150.635988,17387,0,0,0.187645689,0.010391358,0.298855172,0.000582736,0.0582736
47081,36411,"25,826","536,795,000","536,795",1.691082086,0.157850679,88,42.7,47,-0.127503572,0.904568537,77.09240199,14742.66667,0,0,0.237101904,0.006590972,0.322002731,0.000503204,0.0503204
47083,33129,"8,393","150,484,000","150,484",1.545825868,2.041955688,197.8,45.6,40.4,0.120483012,1.122925196,101.3253601,4542.333333,0,0,0.309487905,0.007831629,0.305115004,0.000739536,0.0739536
47085,118048,"19,209","841,682,000","841,682",1.425147406,0.181208693,88.3,48.7,43.4,-0.131839019,0.92284312,85.66490948,7130,0,0,0.21195102,0.006495835,0.302335671,0.000416255,0.0416255
47087,68288,"12,363","225,351,000","225,351",1.461708653,-0.043781632,50.4,49.7,43.8,-0.137339958,0.88354751,71.09837313,3300,0,0,0.201411483,0.006077109,0.304569223,0.000372793,0.0372793
47089,30857,"57,838","1,724,316,000","1,724,316",1.429914593,0.096927382,98.5,59.9,48.1,-0.158787026,3.333715566,375.3143433,55881.66667,0,0,0.25558177,0.025270258,0.321962154,0.00207943,0.207943
47091,100999,"18,375","425,810,000","425,810",1.942908962,0.143374939,99,67,60.7,-0.120622861,1.317649222,167.8861041,4216,0,0,0.371064677,0.00929383,0.322136514,0.001110924,0.1110924
47093,57472,"500,669","31,306,893,000","31,306,893",1.744941198,-0.197579166,103.8,48.6,48.1,-0.205836692,10.81953865,1790.822444,544730.6667,0,0,0.255455897,0.095039966,0.323988952,0.007865972,0.7865972
47095,23038,"6,347","117,085,000","117,085",1.572987699,-0.451694042,65.6,46.4,37.4,-0.162237025,0.681502458,150.9414615,5082.333333,0,0,0.180108161,0.004877069,0.301041531,0.000264435,0.0264435
47097,38832,"24,610","705,230,000","705,230",1.529727598,0.287820091,102.8,42.5,39.3,-0.126918293,0.981343953,134.2569183,18161,0,0,0.203977623,0.007334675,0.318155067,0.000475995,0.0475995
47099,43553,"46,114","1,140,579,000","1,140,579",1.740878642,1.166473896,146,37.6,45.9,-0.021021375,1.415497997,151.4273085,26188.33333,0,0,0.276278075,0.010628206,0.334365582,0.000981811,0.0981811
47101,79293,"13,066","328,694,000","328,694",1.825926758,0.338252907,92.2,40.2,48.7,-0.105491758,0.979726175,98.60702703,4145.333333,0,0,0.257879387,0.006820927,0.309875597,0.000545064,0.0545064
47103,73189,"36,169","1,191,329,000","1,191,329",1.516415281,1.502914086,147.3,37.9,43,0.021546305,1.277950969,125.8992927,16277.33333,0,0,0.254573449,0.00931813,0.319417937,0.000757707,0.0757707
47105,63122,"60,591","2,367,297,000","2,367,297",1.654341037,0.173613092,96.5,50.7,47.7,-0.158768259,3.139510627,366.507063,37503.33333,0,0,0.258472684,0.023333469,0.298165441,0.001798255,0.1798255
47107,67410,"55,678","2,265,351,000","2,265,351",1.531048393,0.291753555,113.1,53.9,48.3,-0.133571305,2.100947049,245.8108817,33605.66667,0,0,0.262896011,0.015786972,0.312094583,0.001295296,0.1295296
47109,44873,"26,163","548,036,000","548,036",1.497380733,0.618368958,97.2,41.7,43.2,-0.09482833,1.159603448,109.6047662,12213,0,0,0.217621583,0.008340566,0.307627353,0.00055837,0.055837
47111,53354,"26,793","569,007,000","569,007",1.851013477,2.759349121,312.2,40.1,39.4,0.360525488,1.279102511,125.9041187,10664.66667,0,0,0.409023363,0.009150973,0.324910371,0.001216127,0.1216127
47113,58012,"99,193","6,441,399,000","6,441,399",1.5964087,2.656349082,298.6,38.1,41.2,0.279756557,2.52927154,335.6456018,111035.6667,0,0,0.367546539,0.021338683,0.286678647,0.002248409,0.2248409
47115,65222,"29,382","853,126,000","853,126",1.825035637,0.380951685,98.4,39.9,49.7,-0.126611782,1.200052814,129.4906367,13080.33333,0,0,0.263293228,0.008684558,0.29007879,0.00066329,0.066329
47117,67809,"36,961","1,353,372,000","1,353,372",1.5266276,0.289958448,89.8,39.6,43,-0.102588875,1.463257492,153.7047933,19958.66667,0,0,0.203103163,0.010769257,0.321443718,0.000703084,0.0703084
47119,58511,"110,760","4,932,361,000","4,932,361",1.664649879,2.66720231,266.1,40,42.1,0.327432626,2.07491418,251.936417,84297.66667,0,0,0.368388958,0.017199523,0.32818635,0.002079426,0.2079426
47121,57907,"13,691","263,537,000","263,537",1.475629503,0.313639616,103.4,52.5,45.8,-0.124723689,1.615922752,144.8828567,4551,0,0,0.24322256,0.011331323,0.31008566,0.000854606,0.0854606
47123,40035,"48,594","1,557,106,000","1,557,106",1.778349126,0.019305662,95.1,45.6,50.7,-0.19246416,1.479123646,217.2291557,38894,0,0,0.263480842,0.011586304,0.318433474,0.000972104,0.0972104
47125,23297,"239,872","6,608,140,000","6,608,140",1.672903627,1.300796341,156.7,43.6,40.3,0.003662708,4.880894364,793.7882972,283644,0,0,0.277263599,0.043875165,0.32377553,0.003938725,0.3938725
47127,168984,"6,748","581,867,000","581,867",1.656187382,0.364727694,101.7,38.3,42.9,-0.116773445,1.271235449,115.9558282,3443.333333,0,0,0.220297082,0.008852867,0.298230192,0.000581627,0.0581627
47129,69354,"21,573","308,165,000","308,165",1.572597478,0.183854449,97.1,49.5,44.6,-0.167629494,0.936185664,88.77407556,4443.333333,0,0,0.237359269,0.006510228,0.312311009,0.000482603,0.0482603
47131,80816,"30,411","1,284,924,000","1,284,924",1.534671591,2.495422483,221.3,44.1,38.3,0.250800748,1.282562334,157.5192226,15899.33333,0,0,0.3260761,0.009396098,0.28837884,0.000883547,0.0883547
47133,134801,"23,327","566,568,000","566,568",1.85657468,0.255852646,71.3,43.1,46.7,-0.135137254,1.126673386,108.7762194,4203,0,0,0.253780225,0.007860654,0.32020389,0.000638768,0.0638768
47135,44244,"8,891","177,094,000","177,094",1.446030125,0.189727329,81.5,45.6,45.1,-0.129553992,0.762493556,58.52695509,4002.666667,0,0,0.209619731,0.005236338,0.301487449,0.000330925,0.0330925
47137,28793,"5,128","141,680,000","141,680",1.714208112,0.189865938,66.6,45.7,45.3,-0.135326087,1.096177409,113.2552275,4920.666667,0,0,0.236574833,0.007679689,0.305282561,0.000554644,0.0554644
47139,87001,"18,033","376,568,000","376,568",1.59473897,2.442539186,227.8,45.2,50.4,0.184969922,1.006150445,189.8405498,4328.333333,0,0,0.370262139,0.00717664,0.297379714,0.000790209,0.0790209
47141,64273,"83,844","3,848,819,000","3,848,819",1.634758167,0.26842229,72.6,46.1,44.6,-0.142377909,2.666806629,319.0884053,59882.33333,0,0,0.230691172,0.020666145,0.31929418,0.001522234,0.1522234
47143,145628,"33,924","2,444,762,000","2,444,762",1.504538452,0.302960525,105.5,46.9,42.1,-0.144657833,1.837879475,199.2750929,16787.66667,0,0,0.221741989,0.013352251,0.305659822,0.000904984,0.0904984
47145,92957,"56,096","2,725,719,000","2,725,719",1.43710288,0.209129404,97.7,53.8,45.5,-0.153417372,2.810489032,351.6015536,29322.33333,0,0,0.236282226,0.020768566,0.286627729,0.001406552,0.1406552
47147,38223,"76,776","2,523,155,000","2,523,155",1.546075006,0.422427278,89.3,40.5,37,-0.112766482,1.967481643,217.8285025,66011,0,0,0.194020847,0.01582129,0.33026362,0.001013797,0.1013797
47149,35736,"367,101","20,367,932,000","20,367,932",1.63687975,0.703981498,150.4,40.5,41.2,-0.079048613,7.027730895,1163.182357,569957.3333,0,0,0.246032715,0.06837731,0.348437733,0.005861787,0.5861787
47151,90281,"22,171","494,257,000","494,257",1.443475171,0.445012022,118.2,54.1,47.7,-0.132293108,0.90922329,112.846571,5474.666667,0,0,0.258358577,0.006399364,0.310321066,0.000513063,0.0513063
47153,70359,"17,161","326,371,000","326,371",2.030665727,0.993772039,108.4,36.5,51.2,-0.061829125,1.065376773,94.8114828,4638.666667,0,0,0.304294461,0.00742353,0.296483938,0.000669739,0.0669739
47155,46009,"99,415","5,189,391,000","5,189,391",1.625756328,-0.016522293,94.1,64,57.4,-0.192412224,3.414139837,602.0993024,112790.6667,0,0,0.310726073,0.028018484,0.312505876,0.002720699,0.2720699
47157,52259,"910,042","66,224,936,000","66,224,936",1.69513701,0.035159996,91.1,34.6,39.2,-0.163334804,13.02574434,2828.185552,1267240.333,0,0,0.1914553,0.134786822,0.316353975,0.00816372,0.816372
47159,112552,"20,538","745,620,000","745,620",1.504266955,0.156135655,70.5,46.2,39.7,-0.123879376,1.291247974,124.9460878,6624.666667,0,0,0.197484549,0.009107397,0.314867611,0.000566311,0.0566311
47161,121064,"14,222","882,596,000","882,596",1.510272411,0.457946094,165.3,47,35.6,-0.1335683,0.794107207,92.9014631,7290.333333,0,0,0.228322059,0.005621043,0.309432505,0.000397128,0.0397128
47163,71011,"162,135","8,914,979,000","8,914,979",1.953690638,0.127736028,117.3,61.1,52.2,-0.150659732,5.320814779,852.2953505,125543,0,0,0.337751525,0.042099862,0.301696413,0.00428991,0.428991
47165,37272,"207,994","8,425,032,000","8,425,032",1.594077918,0.234770311,87.2,39.8,36.3,-0.129894104,4.626501993,591.6892068,226039.6667,0,0,0.18923987,0.03994356,0.336618802,0.002544473,0.2544473
47167,14758,"62,015","1,303,519,000","1,303,519",1.509137469,0.234108866,83,39.5,39.3,-0.138541288,2.183875524,265.0623063,88324.33333,0,0,0.186136929,0.018105012,0.311390686,0.00104939,0.104939
47169,51091,"12,271","210,374,000","210,374",1.558235395,0.264359871,85.4,41.6,38.5,-0.121148258,1.572173419,165.9464742,4117.666667,0,0,0.196433901,0.011052806,0.303385293,0.000658694,0.0658694
47171,143911,"17,756","585,718,000","585,718",1.991062214,0.321888277,40.7,61.6,64.1,-0.099824412,2.326041974,419.5731618,4070,0,0,0.359694118,0.016744192,0.28328858,0.001706187,0.1706187
47173,19586,"20,741","341,585,000","341,585",1.496898806,-0.174674539,65,55,47.9,-0.187898605,1.73781808,188.2229809,17440,0,0,0.23147868,0.012658306,0.318912789,0.000934455,0.0934455
47175,28026,"6,493","106,320,000","106,320",1.67608599,1.456717035,158.2,42.7,40,-0.022749904,0.638302767,67.56704474,3793.666667,0,0,0.280492667,0.004384844,0.295949754,0.000363994,0.0363994
47177,60249,"42,638","1,415,198,000","1,415,198",1.676346542,0.447703885,109.6,42.1,42,-0.134098596,1.719040914,192.4021394,23489,0,0,0.234885447,0.012724459,0.329373873,0.000984429,0.0984429
47179,60426,"138,420","6,671,260,000","6,671,260",1.672640198,-0.358159935,51.3,64.4,53.2,-0.174970724,5.263719786,731.1654766,110403.6667,0,0,0.280924059,0.041010024,0.31436106,0.00362166,0.362166
47181,80223,"16,066","376,701,000","376,701",1.489181347,3.452387882,563.6,43.6,46.7,0.880170458,0.694839291,53.20973715,4695.666667,0,0,0.561552079,0.004778943,0.321758027,0.000863478,0.0863478
47183,53217,"33,084","1,129,336,000","1,129,336",1.53086263,0.298416084,90.4,43.1,39.9,-0.119607736,1.305186436,140.8532401,21221.33333,0,0,0.203682951,0.009688669,0.303222409,0.000598384,0.0598384
47185,164043,"28,692","820,925,000","820,925",1.528536913,0.378779336,85.6,48.6,42.5,-0.150839584,1.282605288,142.5711243,5004.333333,0,0,0.226179902,0.009029083,0.324569231,0.000662834,0.0662834
47187,80447,"264,460","28,843,963,000","28,843,963",1.913634588,0.208867208,93.7,36,43.2,-0.113020975,5.299612978,770.6805299,358544.3333,0,0,0.237776253,0.049074931,0.272358706,0.003178114,0.3178114
47189,42462,"163,674","6,833,539,000","6,833,539",1.563550313,0.207417325,85.4,43.1,40.3,-0.125022755,3.485001973,422.9878558,160934,0,0,0.204465049,0.02968518,0.321219074,0.001949665,0.1949665
48001,35496,"57,736","2,080,081,000","2,080,081",1.32475333,0.081664743,67.6,34.9,40.6,-0.080365814,0.875356914,88.05035877,58599.66667,0,0,0.148086435,0.007777003,0.332759966,0.000383229,0.0383229
48003,411469,"18,664","2,703,487,000","2,703,487",1.90267023,0.316552273,82.9,46.4,50.6,-0.135563238,0.155225582,145.2110834,6570.333333,0,0,0.288254229,0.001262347,0.273053706,9.94E-05,0.00993579
48005,32152,"87,319","3,322,589,000","3,322,589",1.494658812,0.15290278,77.9,44.4,47.1,-0.085662123,1.684746787,277.133459,103341.3333,0,0,0.215857725,0.015133338,0.302245036,0.000987328,0.0987328
48007,26155,"25,374","731,431,000","731,431",1.09360485,0.364127382,61.8,41.9,61.5,-0.112846953,1.809573792,510.0256566,27965,0.002877594,1.34E-05,0.207581906,0.0153797,0.280689249,0.000896114,0.0896114
48009,53926,"9,029","283,399,000","283,399",1.746385383,0.295835684,82.9,43.3,38.3,-0.162765097,0.353096358,35.78705286,5255.333333,0,0,0.222638278,0.002393965,0.264931677,0.000141205,0.0141205
48011,17908,"1,832","43,599,000","43,599",1.725363859,-2.397748552,17.2,66.1,41.6,-0.362200879,0.162906413,21.42531787,2434.666667,0,0,0.188038319,0.000960386,0.271431182,4.90E-05,0.0049
48013,39724,"51,784","2,621,346,000","2,621,346",1.626851914,-1.785360001,47.7,22.5,48.6,-0.325306143,0.834441789,93.96423657,65988.33333,0,0,0.112769855,0.007734566,0.329696698,0.00028757,0.028757
48015,78921,"31,677","1,644,744,000","1,644,744",1.515070664,-0.179669925,98.6,27.8,46.3,-0.128845169,0.835513213,70.64183326,20840.33333,0,0,0.170449289,0.006290451,0.307034057,0.000329203,0.0329203
48017,65395,"6,672","329,459,000","329,459",1.853141356,-2.844426531,14.2,62.8,44.9,-0.391348065,0.355721567,61.59968213,5038,0,0,0.18975756,0.002452558,0.275627637,0.000128275,0.0128275
48019,09108,"22,637","391,445,000","391,445",1.489834422,0.725050785,85.8,28.9,47.2,-0.075027508,1.198749165,114.27714,42976,0,0,0.19850174,0.00958067,0.294286276,0.000559668,0.0559668
48021,17388,"110,778","2,842,297,000","2,842,297",1.329063858,1.611631159,187.7,29.8,42.1,0.192774977,2.325942755,247.5052113,163464,0,0,0.24030591,0.021403309,0.336611209,0.001731306,0.1731306
48023,38880,"3,463","162,377,000","162,377",1.557898269,0.276726282,82.5,51.7,36.7,-0.153654288,0.304759811,32.33903437,4176.333333,0,0,0.216902879,0.002018691,0.27913943,0.000122224,0.0122224
48025,23731,"30,850","715,139,000","715,139",1.434434119,-0.926717158,67.8,26.3,48.8,-0.284690976,0.647826017,79.11838502,30134.66667,0,0,0.132499276,0.005294035,0.319788798,0.000224318,0.0224318
48027,38073,"393,193","17,980,355,000","17,980,355",1.45349959,-1.115193467,50.6,33.4,39.4,-0.231701306,4.245206873,645.4102054,472257,0,0,0.114760609,0.045080443,0.330227812,0.00170842,0.170842
48029,45643,"2,087,679","115,265,382,000","115,265,382",1.617674805,0.300102372,83.1,21.5,44.9,-0.09253026,13.55465912,2794.270288,2525377.333,0,0,0.172472851,0.177656498,0.47058109,0.014419039,1.4419039
48031,69455,"13,048","493,454,000","493,454",1.599763896,0.056364578,69.4,29,44.7,-0.124653731,0.49232013,31.65494942,7104.666667,0,0,0.176597905,0.003409897,0.267711828,0.000161211,0.0161211
48033,568983,572,"464,480,000","464,480",1.983449035,0.345150163,82.4,47.7,49.7,-0.14829241,0.135162633,12.14872557,816.3333333,0,0,0.297319145,0.000700479,0.27611576,5.75E-05,0.00575
48035,54853,"18,996","606,269,000","606,269",1.669015163,0.168291899,77,32.5,40.5,-0.123444087,0.623806943,49.32027433,11052.66667,0,0,0.186809133,0.004477481,0.311969618,0.000260942,0.0260942
48037,36194,"91,687","3,706,115,000","3,706,115",1.632070749,0.109065185,108.8,39.9,38.6,-0.12998397,1.744270659,208.056253,102396.6667,0,0,0.203606978,0.015390547,0.299654562,0.000939004,0.0939004
48039,33879,"398,938","16,348,599,000","16,348,599",1.242066999,0.394232587,73.4,56.5,58,-0.070518194,3.393758199,550.9605691,482561.6667,0.027163439,0.000363772,0.255222281,0.051769894,0.351073139,0.00463867,0.463867
48041,30651,"244,703","11,495,568,000","11,495,568",1.567397224,0.178640185,81.3,21.8,41.6,-0.067034523,5.237589055,886.9581788,375041.6667,0,0,0.153078775,0.049371976,0.328769877,0.002484777,0.2484777
48043,75260,"9,513","400,762,000","400,762",1.519962457,0.314343626,93.4,62.9,60.3,-0.151559255,0.111226536,23.17704743,5325,0,0,0.320460883,0.000695291,0.274949212,6.13E-05,0.00613
48045,42389,"1,445","92,662,000","92,662",1.863702529,-3.278664762,19.4,60.3,42.8,-0.468685601,0.201285726,30.23983819,2186,0,0,0.166880361,0.001234962,0.270605881,5.58E-05,0.00558
48047,46275,"6,848","262,147,000","262,147",1.32346808,-0.34124655,85.1,24.8,52.7,-0.263706295,0.21410666,77.36937683,5665,0,0,0.149488285,0.001518582,0.294981958,6.70E-05,0.0067
48049,39975,"38,709","1,401,067,000","1,401,067",1.541277688,-0.933509918,56.9,40.4,41.6,-0.266096995,0.880528302,89.68833772,35048.66667,0,0,0.155640632,0.007080913,0.31700895,0.000349369,0.0349369
48051,67274,"19,475","827,068,000","827,068",1.456402207,0.270780531,87,25.3,40.1,-0.069916129,0.750027458,56.57099049,12294,0,0,0.149445715,0.005405036,0.307740932,0.000248581,0.0248581
48053,25000,"53,991","1,911,392,000","1,911,392",1.472373222,0.184962473,81.4,35,41.8,-0.121352603,1.360046702,131.3588594,76455.66667,0,0,0.176553135,0.011775573,0.290765904,0.000604506,0.0604506
48055,24814,"49,859","1,033,608,000","1,033,608",1.363997847,-0.95167729,58.3,28.4,44.6,-0.200861126,1.143866202,114.9146321,41653.66667,0,0,0.114546061,0.009159856,0.322740896,0.000338628,0.0338628
48057,135983,"19,696","3,508,866,000","3,508,866",1.286681195,0.259071936,54.6,35.7,60.6,-0.10375816,0.794453431,191.5909444,25803.66667,0.00025564,5.35E-06,0.205863367,0.006499524,0.29998256,0.000401381,0.0401381
48059,57662,"14,374","361,404,000","361,404",1.945916957,-1.900410842,29.3,38.5,42,-0.303850185,0.448656148,39.3052201,6267.666667,0,0,0.16399654,0.003094866,0.304826757,0.000154714,0.0154714
48061,11777,"426,710","12,032,752,000","12,032,752",1.360954741,-0.692087386,87.2,40.5,78.2,-0.323004434,8.416822467,1832.675564,1021709.333,0.003002137,1.87E-05,0.256869039,0.094700218,0.380518538,0.009256324,0.9256324
48063,32426,"13,000","396,199,000","396,199",1.407688521,0.137132399,67.5,45.8,39.2,-0.1185518,1.215746533,115.4983168,12218.66667,0,0,0.182395656,0.008740966,0.29739945,0.000474148,0.0474148
48065,174217,"5,878","907,787,000","907,787",2.142508754,0.177630223,76.5,60.7,44,-0.179191684,0.345699322,31.17029978,5210.666667,0,0,0.323346563,0.002332824,0.269534718,0.000203313,0.0203313
48067,57694,"28,659","999,944,000","999,944",1.367440222,0.191048279,89.8,46.9,38.2,-0.098351432,0.767347322,65.30688063,17332,0,0,0.186174309,0.005698364,0.304582525,0.000323128,0.0323128
48069,97490,"7,227","516,273,000","516,273",1.80521136,-0.015116555,69.4,66.4,44.1,-0.204987286,0.392566966,48.18478936,5295.666667,0,0,0.29013625,0.002691677,0.294869901,0.00023028,0.023028
48071,60108,"53,876","2,517,353,000","2,517,353",1.318775648,0.371515469,92.7,60.5,61.3,-0.057773182,1.082517489,145.2376357,41880.33333,0.000288415,9.09E-05,0.289270749,0.008968302,0.26761791,0.000694272,0.0694272
48073,19501,"52,217","1,337,756,000","1,337,756",1.304217369,1.567041094,155.9,40.3,41.3,0.083242865,1.100801104,109.524414,68598,0,0,0.2374351,0.009692124,0.331248944,0.000762287,0.0762287
48075,52754,"6,788","282,215,000","282,215",1.651668191,0.289776488,90.8,57.2,38.5,-0.162017181,0.327603896,51.78720833,5349.666667,0,0,0.250407763,0.002249308,0.309969367,0.000174588,0.0174588
48077,42445,"10,738","217,969,000","217,969",1.439603887,0.445262181,84.2,48,35.7,-0.137883396,0.414502401,28.28297973,5135.333333,0,0,0.196923449,0.002802472,0.292606796,0.000161482,0.0161482
48079,37403,"2,509","180,558,000","180,558",1.817075315,0.046677425,73.7,63.3,43.6,-0.190524181,0.250776638,52.63388015,4827.333333,0,0,0.285922927,0.001701618,0.263043613,0.000127979,0.0127979
48081,51215,"3,352","194,838,000","194,838",1.746617021,-1.366334926,34.1,48.7,51,-0.292111013,0.300769734,35.55773474,3804.333333,0,0,0.208357773,0.001985284,0.2812839,0.000116353,0.0116353
48083,42741,"7,842","214,247,000","214,247",1.491121203,0.36782135,85.7,41.1,41.6,-0.148381426,0.392361488,32.69416316,5012.666667,0,0,0.201227965,0.002653116,0.286335896,0.000152869,0.0152869
48085,37969,"1,195,359","83,208,852,000","83,208,852",1.655830192,1.798049307,198.5,34.5,35.4,0.126270487,15.46982454,3085.397817,2191485.333,0,0,0.279505085,0.181053838,0.36692254,0.018568287,1.8568287
48087,17902,"2,563","73,519,000","73,519",1.803688227,0.375574605,80,58.8,40.4,-0.158222003,0.232314916,36.02590534,4106.666667,0,0,0.27721331,0.001520716,0.293798515,0.000123855,0.0123855
48089,54762,"21,117","878,495,000","878,495",1.350096847,0.268525681,82.7,34.4,48.9,-0.089418613,0.589107448,52.05225969,16042,0,0,0.184627316,0.00439747,0.299663094,0.000243294,0.0243294
48091,37385,"193,928","7,965,447,000","7,965,447",1.602251,0.334810663,81.6,23.6,43.5,-0.08703571,4.410487214,535.5869582,213064.3333,0,0,0.172121539,0.037937674,0.298845304,0.001951427,0.1951427
48093,56457,"14,050","429,900,000","429,900",1.521924444,-0.840182142,70.5,40.5,38.7,-0.271478628,0.578911669,38.13417415,7614.666667,0,0,0.151438648,0.004038322,0.324240526,0.000198292,0.0198292
48095,47622,"3,297","184,092,000","184,092",2.116353353,0.346589331,93.3,33.2,52.4,-0.141834915,0.242950908,17.36136451,3865.666667,0,0,0.286647572,0.001552872,0.310607697,0.00013826,0.013826
48097,54307,"43,782","2,346,919,000","2,346,919",1.578085998,2.034774583,302.3,38.9,34.7,0.19610458,0.911085533,90.27906937,43215.66667,0,0,0.338318113,0.00754883,0.281721634,0.000719491,0.0719491
48099,15163,"84,878","1,660,310,000","1,660,310",1.648498619,1.711308731,352.1,31.5,41.3,0.310507654,1.192823227,132.9930405,109494.3333,0,0,0.372044296,0.011649597,0.303140134,0.00131386,0.131386
48101,42336,"1,294","81,059,000","81,059",1.600178417,0.253383435,83.4,56.9,39.4,-0.157494874,0.157488919,27.45427107,1914.666667,0,0,0.242869279,0.000917594,0.265020495,5.91E-05,0.00591
48103,120595,"4,574","634,570,000","634,570",1.755280576,-1.207167901,33.8,48.5,52.8,-0.255557942,0.139416882,115.3931458,5262,0,0,0.216908267,0.001057373,0.259159697,5.94E-05,0.00594
48105,97345,"2,858","479,913,000","479,913",1.548460562,0.343009222,79.3,40.1,47.5,-0.135685983,0.087992135,18.91035209,4930,0,0,0.221618522,0.000513995,0.261692209,2.98E-05,0.00298
48107,37054,"4,917","191,567,000","191,567",1.930439581,-2.325338822,33.6,55.3,46.6,-0.41615272,0.372130507,46.11999178,5170,0,0,0.202419691,0.002542219,0.276223384,0.000142143,0.0142143
48109,556056,"2,196","2,288,356,000","2,288,356",1.961354525,-1.296166668,25.8,50.1,50.1,-0.260977282,0.060465503,30.18258862,4115.333333,0,0,0.230665354,0.000318221,0.290862197,2.14E-05,0.00214
48111,112318,"7,237","565,224,000","565,224",1.879505843,-0.278376531,44.1,71.9,40.4,-0.20803834,0.180680069,32.13546019,5032.333333,0,0,0.284538458,0.001184313,0.28478028,9.60E-05,0.0096
48113,79939,"2,606,358","299,773,355,000","299,773,355",1.715965225,2.126012687,308.7,31.2,36.2,0.355037431,25.63266576,6507.493507,3750032,0,0,0.352630984,0.306441989,0.445127332,0.048100878,4.8100878
48115,95453,"12,004","589,964,000","589,964",1.616143948,-2.431221076,10.9,60.2,50.5,-0.311869357,0.419073259,107.9685075,6180.666667,0,0,0.186879572,0.003012401,0.305984322,0.000172256,0.0172256
48117,98379,"18,347","1,249,449,000","1,249,449",1.898743813,0.341771487,85.8,69.1,44.3,-0.152950952,0.295987489,52.6943827,12700.33333,0,0,0.328524393,0.00226104,0.296740993,0.000220421,0.0220421
48119,16381,"5,520","87,909,000","87,909",1.393864911,0.134986324,116.3,36.9,33.3,-0.145143628,0.604848043,47.87557852,5366.666667,0,0,0.156317812,0.004165884,0.287218064,0.000187037,0.0187037
48121,27216,"1,007,703","45,868,233,000","45,868,233",1.572147193,1.930843837,311.4,35.1,33.9,0.224615094,12.18219106,2384.023722,1685330.333,0,0,0.329338128,0.141171004,0.367248566,0.017074485,1.7074485
48123,248470,"19,929","2,589,637,000","2,589,637",1.508225543,0.554985978,127.5,26.2,49.7,-0.116368318,0.624422862,52.20737948,10422.33333,0,0,0.209621292,0.004467358,0.313227616,0.000293323,0.0293323
48125,30554,"1,711","88,159,000","88,159",2.003263851,0.185972998,75.2,53.8,44.8,-0.16414349,0.218956635,19.88209545,2885.333333,0,0,0.291939738,0.00136044,0.296811493,0.000117884,0.0117884
48127,308955,"8,257","2,125,196,000","2,125,196",1.474354973,-0.813038705,64.2,25.9,47.3,-0.275070618,0.193798984,65.78465405,6878.666667,0,0,0.132033139,0.001394419,0.301876101,5.56E-05,0.00556
48129,25060,"3,214","110,541,000","110,541",1.875689083,-0.661668322,37.3,61.5,44.3,-0.237202478,0.28190395,37.57015322,4411,0,0,0.256444952,0.001877025,0.29280709,0.000140944,0.0140944
48131,34108,"9,604","309,646,000","309,646",1.595359908,0.23647646,84.8,31.2,54.7,-0.163835958,0.233433005,31.57286279,9078.333333,0,0,0.222265429,0.001675486,0.301571078,0.000112306,0.0112306
48133,101355,"18,037","721,781,000","721,781",1.63800693,0.157543266,79.6,41.9,39.3,-0.146406967,0.652209009,51.40181003,7121.333333,0,0,0.204007014,0.004555619,0.286050121,0.000265849,0.0265849
48135,67098,"164,494","11,363,572,000","11,363,572",1.763547965,0.298654853,82.7,45.8,51.1,-0.126050719,1.690970729,666.3835025,169356.6667,0,0,0.271572601,0.017947885,0.285352722,0.001390853,0.1390853
48137,29183,"1,393","79,523,000","79,523",1.967483719,0.397621153,85.2,23.8,46.5,-0.150617327,0.098634292,13.95083921,2725,0,0,0.228032018,0.000509945,0.28719547,3.34E-05,0.00334
48139,24044,"222,829","6,964,273,000","6,964,273",1.563139815,0.123356292,84.3,32.3,37.6,-0.104873421,3.118071281,379.5233942,289646,0,0,0.166431145,0.031077143,0.339067617,0.001753727,0.1753727
48141,24294,"869,880","34,763,020,000","34,763,020",1.864498503,0.238148828,78,44.3,47.7,-0.099010777,8.088938749,2394.713124,1430956.667,0,0,0.268075377,0.104858149,0.386869478,0.010874858,1.0874858
48143,39858,"44,195","1,613,999,000","1,613,999",1.825091339,0.672681254,129.8,33.9,37,-0.102582067,0.737415264,64.76111084,40493.33333,0,0,0.233616337,0.006212529,0.350683463,0.000508964,0.0508964
48145,45209,"17,286","383,430,000","383,430",1.529904318,1.449066251,143.7,28.7,39.8,0.091782816,0.644625466,50.64784767,8481.333333,0,0,0.226828029,0.004544077,0.310952843,0.000320507,0.0320507
48147,41178,"37,571","964,099,000","964,099",1.520563981,0.43071971,142.9,38.2,34.2,-0.137614159,0.782829088,76.13705321,23413,0,0,0.1950377,0.006015317,0.324849967,0.000381118,0.0381118
48149,131167,"25,474","1,616,234,000","1,616,234",1.517646894,-0.164189971,66.6,25.9,43.9,-0.11753199,0.721424866,55.63960572,12322,0,0,0.149545158,0.005205797,0.322620441,0.000251161,0.0251161
48151,73696,"3,612","326,840,000","326,840",2.058965413,-0.801562041,48.4,47.1,51.7,-0.242057304,0.366742192,25.88676062,4435,0,0,0.262667148,0.002444934,0.292670685,0.000187954,0.0187954
48153,48464,"5,090","240,399,000","240,399",1.842251915,0.082301531,61.7,62.3,43,-0.182226227,0.36649983,43.04182257,4960.333333,0,0,0.28192239,0.002490992,0.283541981,0.000199122,0.0199122
48155,55406,"1,079","96,296,000","96,296",1.609253902,-2.18644969,36.1,55,38.9,-0.356384555,0.152042129,33.3327839,1738,0,0,0.15018874,0.000885039,0.282845978,3.76E-05,0.00376
48157,29746,"916,778","33,408,557,000","33,408,557",1.332451873,0.119666432,68.3,36.9,51.9,-0.090316254,8.904214271,1516.023064,1123134,1.31E-05,0,0.188558133,0.099307746,0.36337239,0.006804251,0.6804251
48159,78740,"10,735","446,746,000","446,746",1.395730344,-0.17993239,110.4,38.1,36.8,-0.173100502,0.987228722,78.36803738,5673.666667,0,0,0.158421769,0.006883685,0.298472383,0.000325492,0.0325492
48161,91269,"20,441","874,483,000","874,483",1.551162193,0.193530186,78,27.9,42,-0.078589666,0.596075629,51.9084359,9581.333333,0,0,0.167188469,0.004243927,0.319117548,0.000226425,0.0226425
48163,70618,"17,987","964,524,000","964,524",1.44926391,-0.440786174,60.6,21.3,47.7,-0.19407157,0.336591788,46.02372144,13658.33333,0,0,0.130730966,0.002560413,0.314799138,0.000105371,0.0105371
48165,130248,"22,523","1,413,581,000","1,413,581",1.756043818,-1.313206891,34.4,56.4,48.4,-0.295340581,0.280468946,46.29058124,10853,0,0,0.220488009,0.00208404,0.307353113,0.000141231,0.0141231
48167,38427,"361,744","16,281,603,000","16,281,603",1.318446219,0.422509763,78.7,50.1,57,-0.050587589,10.55801173,1980.102249,423705.6667,0.015830045,0.000179211,0.247071518,0.097033625,0.306409966,0.007345948,0.7345948
48169,37529,"4,517","185,708,000","185,708",1.726630748,-2.433037945,38.4,55.7,48,-0.418975491,0.20846476,57.27663547,4948.333333,0,0,0.18329937,0.001420367,0.256819045,6.69E-05,0.00669
48171,83352,"27,733","1,286,201,000","1,286,201",1.993936661,0.134846027,77,23.6,43.5,-0.143565219,0.593056725,42.88108905,15431,0,0,0.209423828,0.004389041,0.291989375,0.000268388,0.0268388
48173,1187754,"1,141","2,093,218,000","2,093,218",1.534090821,0.362628345,86.9,56.6,49.4,-0.127566666,0.169392474,14.86643424,1762.333333,0,0,0.270203163,0.000972413,0.26800043,7.04E-05,0.00704
48175,46568,"7,144","268,571,000","268,571",1.589475708,0.462012914,83,22.8,51.9,-0.117193532,0.396364666,21.19149789,5767.333333,0,0,0.197836496,0.002683419,0.30023159,0.000159386,0.0159386
48177,184380,"19,930","2,269,355,000","2,269,355",1.375798404,0.319910346,79.7,28.3,44.3,-0.089246487,0.572188837,39.47426597,12308,0,0,0.159482397,0.0041406,0.336765331,0.000222384,0.0222384
48179,113092,"20,916","936,442,000","936,442",2.214688625,0.346142222,77.2,56.3,43,-0.154158565,0.487515015,116.2048705,8280.333333,0,0,0.323845278,0.003567743,0.255274106,0.000294943,0.0294943
48181,38541,"146,907","5,325,544,000","5,325,544",1.601888326,1.970950644,220.1,37,34.3,0.124544205,2.000770797,253.7353285,138179.3333,0,0,0.288917182,0.018369975,0.335097978,0.001778499,0.1778499
48183,59976,"126,243","7,885,905,000","7,885,905",1.394241447,2.599476024,370.4,44.3,41.3,0.509771594,5.270915331,729.5215355,131484.6667,0,0,0.405480006,0.041714809,0.271740505,0.00459636,0.459636
48185,33857,"32,384","1,053,305,000","1,053,305",1.506850517,0.232644722,82.5,29.4,45,-0.067279215,0.785547481,66.46639082,31110,0,0,0.177207988,0.006256704,0.323025029,0.00035815,0.035815
48187,48075,"188,454","9,590,455,000","9,590,455",1.484867439,0.325594098,83.6,25.9,46.4,-0.084191914,3.014026013,371.5343937,199488,0,0,0.17360071,0.027527243,0.339502107,0.001622395,0.1622395
48189,37862,"31,761","1,160,738,000","1,160,738",1.931581908,-1.82167183,17.2,56.4,45.1,-0.307332514,0.696050136,108.3345248,30656.66667,0,0,0.213359602,0.005698231,0.318667444,0.000387427,0.0387427
48191,13936,"2,818","65,719,000","65,719",1.864567346,-1.206211493,37.3,56,40.6,-0.275190745,0.209274037,33.56179291,4715.666667,0,0,0.214511882,0.001375388,0.305941758,9.03E-05,0.00903
48193,52712,"8,619","257,654,000","257,654",1.683798193,1.228371389,141.5,35.3,43,0.017970236,0.497970221,28.66437241,4888,0,0,0.26449433,0.003374451,0.298710482,0.000266606,0.0266606
48195,68113,"5,071","351,711,000","351,711",2.113622704,-0.176610103,48.9,67.2,47.2,-0.192631466,0.254805795,46.20439126,5163.666667,0,0,0.3249641,0.001728315,0.270009491,0.000151648,0.0151648
48197,45242,"3,490","207,916,000","207,916",1.536520931,0.101922239,95,56.3,37.8,-0.195351014,0.295210303,53.55853818,4595.666667,0,0,0.227514405,0.002004306,0.283016834,0.000129058,0.0129058
48199,30512,"58,261","1,357,119,000","1,357,119",1.243430827,0.198301956,68.4,51.9,56.6,-0.038306556,0.987788133,125.896755,44477.66667,0,0,0.232117436,0.008185366,0.273592122,0.000519816,0.0519816
48201,78125,"4,835,125","402,792,333,000","402,792,333",1.381959529,0.211692009,80.2,39.6,51.3,-0.068065239,18.77805802,4315.461984,5155745,0.004516315,4.28E-05,0.205604117,0.300817079,0.615339801,0.038058293,3.8058293
48203,65432,"70,895","4,355,012,000","4,355,012",1.410681052,2.238574505,216.2,43.3,40.4,0.199595968,1.221643289,129.3838735,66557.66667,0,0,0.302289022,0.010502998,0.294508235,0.000935046,0.0935046
48205,103292,"5,145","534,332,000","534,332",1.912073365,-0.123282548,54,70,42.9,-0.19568254,0.146990121,24.63682896,5173,0,0,0.299252536,0.0009413,0.301184398,8.48E-05,0.00848
48207,56870,"5,385","294,641,000","294,641",1.888562171,0.199843351,100.4,48.5,45.3,-0.191316222,0.377645027,42.19754913,5181,0,0,0.275506849,0.002573648,0.287452872,0.000203821,0.0203821
48209,29394,"280,486","9,724,156,000","9,724,156",1.652918962,-0.594426861,42.5,25.5,42.5,-0.162654716,4.804446985,612.3493223,330823.3333,0,0,0.139976797,0.044485664,0.316697082,0.00197206,0.197206
48211,85724,"3,189","341,666,000","341,666",2.064245466,0.015291423,63.2,60.6,42.2,-0.209058937,0.213776871,20.54150739,3985.666667,0,0,0.298766654,0.001360052,0.213350954,8.67E-05,0.00867
48213,14516,"86,158","1,835,540,000","1,835,540",1.372553384,0.043158911,71.6,32.8,37.9,-0.099139019,2.440374158,252.4757563,126448.6667,0,0,0.140385832,0.021051044,0.330960377,0.000978077,0.0978077
48215,14855,"898,471","22,818,175,000","22,818,175",1.291860578,0.492213899,91.9,30.2,57.3,-0.124762963,6.940240257,1729.859733,1536025.667,0,0,0.204167822,0.098953908,0.476272576,0.009622232,0.9622232
48217,35470,"38,101","1,090,539,000","1,090,539",1.563136364,0.124860798,103.6,30.9,38.1,-0.142426096,0.861045504,77.1932863,30745.33333,0,0,0.170721706,0.00678864,0.329259207,0.000381601,0.0381601
48219,79918,"21,460","1,300,445,000","1,300,445",1.80110514,0.012589344,80,62.3,46.9,-0.209767541,0.600310896,86.46165209,16272.33333,0,0,0.291975425,0.004545247,0.279226965,0.000370562,0.0370562
48221,22440,"67,774","2,420,953,000","2,420,953",1.987560501,0.078471764,83.5,30,37.4,-0.15732632,3.394424467,398.3484924,107886,0,0,0.207085486,0.027356371,0.28616966,0.001621182,0.1621182
48223,53065,"38,172","1,706,381,000","1,706,381",1.468899795,0.161437396,83,36.6,35,-0.111226036,0.854373912,77.50283045,32156.33333,0,0,0.159368073,0.006786959,0.329631116,0.000356537,0.0356537
48225,76047,"22,066","873,777,000","873,777",1.28535082,0.130919012,71.8,43.8,43.3,-0.07757022,0.593365362,45.0500572,11490,0,0,0.176718184,0.004272158,0.320668346,0.000242094,0.0242094
48227,234461,"30,554","5,849,258,000","5,849,258",1.853068693,0.359075123,87.1,48.1,48.4,-0.136674572,0.647367856,94.60561078,24947.66667,0,0,0.28171328,0.005157284,0.273765638,0.000397747,0.0397747
48229,27299,"3,451","146,220,000","146,220",1.78106516,0.321547111,87.4,64.3,55.7,-0.110590138,0.053451026,22.57456867,5356.333333,0,0,0.340902856,0.00029439,0.30393626,3.05E-05,0.00305
48231,44809,"113,347","5,065,001,000","5,065,001",1.562764695,0.627248801,106.8,34,33.4,-0.071051021,1.935791924,212.1113545,113035,0,0,0.180807003,0.017058495,0.328650487,0.001013655,0.1013655
48233,351092,"20,033","4,439,446,000","4,439,446",2.009761993,-0.680301012,41.2,64.9,44.5,-0.25533551,0.523471545,183.7804804,12644.66667,0,0,0.280699799,0.004076838,0.271062913,0.000310196,0.0310196
48235,319021,"1,549","679,303,000","679,303",1.904173815,0.322943473,80.5,43.2,51.1,-0.149595613,0.118692828,16.3095663,2129.333333,0,0,0.279824389,0.000634808,0.220931827,3.92E-05,0.00392
48237,79266,"8,875","421,298,000","421,298",2.073896566,0.077929637,78.4,36.7,40,-0.16665298,0.41031922,28.18761475,5315,0,0,0.239815218,0.002778886,0.265115133,0.000176678,0.0176678
48239,52070,"15,221","547,675,000","547,675",1.262235416,2.473280836,256.6,30.4,48.5,0.310204756,0.509323237,42.0428663,10518,3.28E-05,2.67E-06,0.315816745,0.003669374,0.293146795,0.000339713,0.0339713
48241,33985,"32,694","990,549,000","990,549",1.266891985,0.179524485,72.6,58.7,55.6,-0.062079199,0.838785471,87.55397096,29146.66667,0,0,0.249826419,0.006603267,0.296552801,0.000489214,0.0489214
48243,21301,"1,856","68,796,000","68,796",1.747803183,-1.707597115,13.5,51.2,47.9,-0.298499774,0.075749755,26.33330117,3229.666667,0,0,0.187946908,0.000389573,0.289611465,2.12E-05,0.00212
48245,50585,"251,496","16,611,587,000","16,611,587",1.270712657,0.091829123,70.7,58.7,61.5,-0.078233948,3.189057279,956.4636353,328391.6667,0.073113177,0.000834535,0.264585169,0.067269322,0.289168718,0.005146759,0.5146759
48247,29020,"4,720","160,858,000","160,858",1.449087357,-1.088951275,40.8,31.9,57.7,-0.258036038,0.159566289,52.91622954,5543,0,0,0.162050544,0.001091757,0.273224703,4.83E-05,0.00483
48249,30245,"38,662","1,474,235,000","1,474,235",1.474501414,-0.901335805,54.1,25.7,49.5,-0.27124854,0.826506904,124.8776556,48742.33333,0,0,0.134464454,0.007197812,0.287852531,0.000278598,0.0278598
48251,19987,"202,906","6,303,488,000","6,303,488",1.827067613,0.418797705,131.5,28.5,40.5,-0.134846999,4.418407351,560.2435513,315386.3333,0,0,0.221454691,0.041230828,0.345450396,0.003154225,0.3154225
48253,37163,"20,381","445,483,000","445,483",1.960808581,0.170284676,80.7,47.7,49.3,-0.159302296,0.541407999,56.32849423,11987.33333,0,0,0.285958823,0.003947868,0.316053644,0.000356802,0.0356802
48255,486979,"15,018","4,796,419,000","4,796,419",1.557714695,-0.046645432,73.6,24.8,48.8,-0.14821503,0.550914592,39.50662713,9849.333333,0,0,0.171450813,0.003916356,0.318121162,0.000213606,0.0213606
48257,22882,"185,690","4,631,701,000","4,631,701",1.366894443,0.489145177,133.2,34.8,35.4,-0.079426289,2.868262485,327.1537032,202417.3333,0,0,0.171713911,0.026526432,0.335392843,0.0015277,0.15277
48259,40534,"50,537","2,318,665,000","2,318,665",1.538914315,0.544212268,83.7,27.4,42.8,-0.084529445,1.259891265,145.2604232,57202.33333,0,0,0.179995581,0.010505375,0.270588213,0.000511661,0.0511661
48261,346505,343,"241,052,000","241,052",1.343945112,-1.31662451,31,34.5,68.9,-0.268902427,0.051545101,13.70783049,695.6666667,0,5.35E-06,0.180768493,0.000121941,0.231073937,5.09E-06,0.000509
48263,158392,734,"105,753,000","105,753",1.629024353,-1.01509176,57.2,57.2,46.5,-0.3113141,0.098713911,11.37988879,667.6666667,0,0,0.217681468,0.000441596,0.272835395,2.62E-05,0.00262
48265,45833,"53,915","2,289,090,000","2,289,090",1.531988104,-0.425338711,53.1,31.2,42.7,-0.193036206,0.83546187,87.27604343,49944.33333,0,0,0.148828484,0.007228737,0.277629218,0.000298685,0.0298685
48267,27827,"4,442","145,609,000","145,609",1.859925565,0.358518859,90.9,34.5,52.9,-0.146386422,0.340711064,18.0117687,5232.666667,0,0,0.261856959,0.002274864,0.287272778,0.000171125,0.0171125
48269,169433,217,"63,481,000","63,481",1.718636577,-0.245958793,62.7,57.6,44.5,-0.194843919,0.061373703,12.03631189,374.6666667,0,0,0.249911076,0.00017463,0.253785036,1.11E-05,0.00111
48271,23467,"3,148","112,401,000","112,401",1.476479585,-0.287814213,55.4,28.9,41,-0.1956813,0.119865588,62.48811964,4789.666667,0,0,0.13604694,0.000810341,0.287518871,3.17E-05,0.00317
48273,28297,"30,069","1,101,754,000","1,101,754",1.281228895,0.370318883,84.7,33.1,60.5,-0.141645919,0.54001355,341.227026,38935.33333,7.21E-05,5.35E-06,0.212179113,0.005334746,0.268844975,0.000304311,0.0304311
48275,44915,"3,302","224,920,000","224,920",1.848809209,0.84052353,181.9,48.9,40.4,-0.102617011,0.273977665,47.9060342,5007.666667,0,0,0.314401968,0.001859548,0.268469608,0.00015696,0.015696
48277,53745,"51,127","2,694,410,000","2,694,410",1.481700474,0.268604226,81.1,38,33.2,-0.126973348,0.939122696,100.3377293,50133.33333,0,0,0.161618376,0.007977577,0.318529575,0.000410688,0.0410688
48279,85679,"12,711","605,093,000","605,093",1.807275705,0.310107519,140.2,62.1,42.8,-0.224714845,0.477925683,88.63743013,7062.333333,0,0,0.31402119,0.003412842,0.307905625,0.000329984,0.0329984
48281,28160,"23,262","521,561,000","521,561",1.546699247,-0.79876094,59.3,35.3,44.7,-0.238301124,0.700663724,55.34722051,18521.66667,0,0,0.157049747,0.00525472,0.280616745,0.00023158,0.023158
48283,404764,"6,537","2,247,116,000","2,247,116",1.396118772,0.322634522,87.5,25.4,46.9,-0.143471573,0.159859808,32.02449838,5551.666667,0,0,0.165987838,0.001055891,0.295504966,5.18E-05,0.00518
48285,132948,"20,571","1,096,909,000","1,096,909",1.33950872,0.73517564,106.2,27.8,45.6,-0.055968619,0.611485928,49.93121166,8250.666667,0,0,0.179709172,0.004305686,0.32043985,0.000247947,0.0247947
48287,53706,"18,240","801,574,000","801,574",1.347771865,0.32112495,83.7,27.5,39.1,-0.066756909,0.681640493,47.20827792,14925.33333,0,0,0.140143617,0.004995657,0.309446532,0.000216646,0.0216646
48289,49630,"16,538","743,965,000","743,965",1.415503676,0.213219863,78.3,28.8,43.3,-0.066757359,0.594350413,35.4974298,14990.33333,0,0,0.15844533,0.004370772,0.315150021,0.00021825,0.021825
48291,19090,"108,272","2,223,527,000","2,223,527",1.407616093,2.409604726,182.8,46.9,55.7,0.255257041,1.334282743,174.0009316,116475.6667,1.31E-05,0,0.346360938,0.0129296,0.309534235,0.00138619,0.138619
48293,87414,"22,250","1,353,048,000","1,353,048",1.493847109,1.606434852,184.8,29.5,41.9,0.13983917,0.686007727,56.04729456,15478.66667,0,0,0.253165509,0.00505937,0.298929673,0.000382886,0.0382886
48295,91204,"2,906","407,380,000","407,380",1.731890669,-2.251679305,7.9,70.7,38.7,-0.314855566,0.232154807,23.14682076,4466.666667,0,0,0.195707101,0.001507307,0.240023398,7.08E-05,0.00708
48297,206275,"11,584","1,277,802,000","1,277,802",1.480947617,0.799909723,102.8,29.1,51.4,-0.077641316,0.46174874,38.60487134,6194.666667,0,0,0.219289708,0.00318213,0.303068597,0.000211484,0.0211484
48299,55968,"22,875","776,794,000","776,794",1.51271755,-0.206256872,64.1,33.9,40.7,-0.177659005,0.801861005,72.06463201,13879.33333,0,0,0.157319698,0.00584238,0.273218562,0.000251121,0.0251121
48301,90898,43,"5,423,583","5,423,583",1.805395963,0.306005607,83.2,46.6,49,-0.100636379,0.039648306,5.70088038,59.66666667,0,0,0.273718129,2.52E-06,0,0,0
48303,38102,"320,940","14,606,518,000","14,606,518",1.947915194,-0.336979795,53,57.9,46.5,-0.208831244,4.017429342,662.6430769,383349.3333,0,0,0.276375602,0.040757339,0.324280943,0.003652809,0.3652809
48305,61708,"5,761","304,552,000","304,552",1.69843818,0.071896239,75.5,60.5,45.3,-0.185370836,0.348275895,53.31118303,4935.333333,0,0,0.271710939,0.00238256,0.288665531,0.000186873,0.0186873
48307,61550,"7,452","319,628,000","319,628",1.634892305,-0.658671292,105.7,37,47.2,-0.337851908,0.336047114,32.36964171,5193,0,0,0.194481406,0.002267508,0.27632802,0.000121857,0.0121857
48309,36897,"268,583","13,355,996,000","13,355,996",1.499123213,1.302186297,147,33.2,38.4,0.051132211,3.376682132,487.4041137,361981.6667,0,0,0.227088599,0.035325576,0.347553302,0.002788085,0.2788085
48311,834337,568,"908,593,000","908,593",1.473917373,-1.079539077,40,28.6,51,-0.2428996,0.094774007,8.393076956,1089,0,0,0.137144601,0.000421957,0.277692764,1.61E-05,0.00161
48313,75429,"13,742","470,026,000","470,026",1.621113758,1.455838713,147.2,26.1,45,0.1291123,0.627347063,42.78794456,6231.333333,0,0,0.244405314,0.004339643,0.320160673,0.000339573,0.0339573
48315,53247,"9,571","270,565,000","270,565",1.459496679,0.155775779,74.7,43.7,38.5,-0.097879513,0.961838045,78.31275388,5081.333333,0,0,0.183763583,0.006688969,0.291885541,0.000358782,0.0358782
48317,1293950,"5,216","6,677,211,000","6,677,211",1.728824474,0.378899975,84.6,52.8,50.9,-0.121350449,0.263726656,29.64179415,5160.333333,0,0,0.287665417,0.00175983,0.289531516,0.000146573,0.0146573
48319,27768,"3,931","112,246,000","112,246",1.497536416,0.31240608,91,36.7,43.4,-0.145409559,0.341944412,17.47253043,4042.333333,0,0,0.195936607,0.002245288,0.284655079,0.000125229,0.0125229
48321,52763,"36,359","2,170,089,000","2,170,089",1.359009597,2.209468207,212.4,40.6,55.7,0.21207812,0.626183642,113.2726048,41129.33333,0.002713722,2.94E-05,0.337244697,0.006789772,0.307772616,0.000704742,0.0704742
48323,16751,"57,762","1,808,257,000","1,808,257",1.331916702,0.5727024,91,31.3,40.7,-0.096759752,0.689912311,340.7708235,107952.3333,0,0,0.166101368,0.008492523,0.321422177,0.000453404,0.0453404
48325,16510,"54,797","1,096,891,000","1,096,891",1.520581196,1.381211213,171.4,21.5,46.8,0.092948943,0.842848566,87.24383367,66438.66667,0,0,0.245218296,0.007794656,0.332714002,0.000635947,0.0635947
48327,20812,"1,958","46,861,000","46,861",1.972383866,0.418067243,87,31.5,51.9,-0.129539944,0.259930319,16.04554174,2251.666667,0,0,0.264868714,0.001617882,0.262060401,0.0001123,0.01123
48329,123391,"177,108","23,980,249,000","23,980,249",1.644426799,-0.775494033,44.1,50.3,50.5,-0.229542424,2.039538142,537.3459539,194344.3333,0,0,0.21772589,0.020909848,0.235637274,0.001072766,0.1072766
48331,42871,"25,951","612,757,000","612,757",1.58976399,-0.160209109,66.5,25.4,41.1,-0.110975879,0.638371967,48.18794491,14293,0,0,0.148257355,0.004677568,0.31765618,0.000220289,0.0220289
48333,50342,"4,548","252,785,000","252,785",1.898873472,-1.22027452,39,30.7,45.5,-0.261997355,0.420416865,19.71409369,5021.333333,0,0,0.170714904,0.002824285,0.299914365,0.000144603,0.0144603
48335,45533,"9,075","236,682,000","236,682",1.792584386,-0.643223057,48.3,50,46,-0.230374071,0.308101567,52.10368251,5198,0,0,0.226888037,0.002109869,0.311584937,0.000149157,0.0149157
48337,64552,"21,598","608,269,000","608,269",1.730677104,0.808742592,110.8,39,36.9,-0.096752168,0.674789164,52.26776642,9423,0,0,0.232454142,0.004785664,0.292126496,0.000324975,0.0324975
48339,40260,"711,354","35,006,940,000","35,006,940",1.414797074,0.306406516,86.2,41.6,47.3,-0.042029769,7.744177399,1149.217164,869516,0,0,0.207319925,0.082669975,0.331600951,0.005683353,0.5683353
48341,116889,"21,190","2,590,813,000","2,590,813",2.169629336,-0.982839891,31.8,63.2,45.5,-0.260141568,0.351036129,109.8723922,22164.66667,0,0,0.28603076,0.003042731,0.286471992,0.000249321,0.0249321
48343,118766,"12,066","589,952,000","589,952",1.744471518,0.643726486,93.3,38.3,41.9,-0.075505747,1.152275519,112.2749602,4967.333333,0,0,0.233491001,0.008068497,0.284889595,0.00053671,0.053671
48345,21169,"1,020","26,355,000","26,355",2.000360077,0.19047155,81.4,56.1,42.8,-0.158042481,0.141500443,22.04711262,1245,0,0,0.293678264,0.000775907,0.288093132,6.56E-05,0.00656
48347,31594,"65,375","2,671,272,000","2,671,272",1.44382682,0.140139951,71,46.6,45.6,-0.093418804,1.290879976,157.8181524,84549.66667,0,0,0.208642414,0.011596712,0.325864327,0.00078845,0.078845
48349,31341,"55,635","1,637,023,000","1,637,023",1.348392208,0.098783605,77.7,31,34.9,-0.102584839,0.878005233,91.57338809,52233,0,0,0.127797541,0.007603127,0.328818993,0.000319501,0.0319501
48351,74257,"12,039","463,362,000","463,362",1.356280839,0.178819677,72.8,60.1,56.1,-0.05717988,0.561829678,46.16379738,6240,6.55E-06,0,0.265073921,0.003894563,0.308683241,0.000318668,0.0318668
48353,160941,"14,306","909,100,000","909,100",2.005823458,0.96755302,131.1,41.4,51.4,-0.057908989,0.444345193,72.27972437,5648.666667,0,0,0.331555895,0.003105896,0.294017174,0.000302772,0.0302772
48355,34925,"352,289","18,312,690,000","18,312,690",1.267552234,0.874011388,104.6,35.4,57.6,-0.095305232,4.955407353,1029.586408,524340.6667,0.005217688,2.67E-05,0.232029305,0.054705654,0.300885863,0.003819239,0.3819239
48357,133569,"9,704","698,434,000","698,434",1.770996891,0.073269423,61,72.1,41.9,-0.193672615,0.287978433,37.40685935,5229,0,0,0.294690692,0.001944392,0.225108241,0.000128986,0.0128986
48359,105746,"1,783","283,786,000","283,786",1.659683812,-0.134498648,50.5,74.7,40.9,-0.189842692,0.072457773,28.18097109,2683.666667,0,0,0.274905236,0.000353074,0.293865527,2.85E-05,0.00285
48361,47038,"85,722","3,859,712,000","3,859,712",1.173105949,0.184617044,73,56.5,57.9,-0.062246563,2.850421654,450.2339669,82056,0.001527288,3.21E-05,0.24052577,0.023576547,0.286974112,0.001627363,0.1627363
48363,54644,"29,747","996,325,000","996,325",1.957398601,1.3210932,173.8,36.3,39.9,0.020200423,0.768315183,93.46758386,18233,0,0,0.306621083,0.00578465,0.280447867,0.000497429,0.0497429
48365,183731,"22,838","2,352,003,000","2,352,003",1.420456121,0.477700249,175.7,45.4,43.5,-0.086905856,0.712897149,57.41118535,12801.33333,0,0,0.241422279,0.005164838,0.278086805,0.000346748,0.0346748
48367,25255,"173,494","5,105,148,000","5,105,148",1.720266253,-0.321125076,133.2,35.4,38.3,-0.281012515,2.649653972,309.42646,202142,0,0,0.194181202,0.024969001,0.333805892,0.001618461,0.1618461
48369,159350,"9,617","876,318,000","876,318",1.951993802,-1.459778807,21.3,62.4,44.4,-0.274251481,0.460916181,62.91403936,5499.333333,0,0,0.239398658,0.003199072,0.29457147,0.000225599,0.0225599
48371,179145,"14,623","1,898,933,000","1,898,933",1.973722397,-1.872803896,14.8,54.9,68.9,-0.289328204,0.093938298,35.71242435,10600,0,0,0.282335873,0.000762887,0.316318162,6.81E-05,0.00681
48373,20721,"54,186","1,286,541,000","1,286,541",1.257104629,0.188185986,75.7,55.7,51.9,-0.074910373,1.247075572,143.2872721,62088,0,0,0.23156251,0.010565337,0.287668704,0.000703792,0.0703792
48375,53079,"114,647","8,875,835,000","8,875,835",1.919686656,-0.642576027,37.2,67.5,43.1,-0.238083183,1.710366649,586.530628,167218,0,0,0.272653039,0.017869783,0.294441632,0.001434593,0.1434593
48377,24139,"5,795","224,332,000","224,332",1.237071397,-0.927645194,28.9,66.4,51.6,-0.245538516,0.099780467,43.98093472,9293.333333,0,0,0.205122295,0.000777744,0.316068399,5.04E-05,0.00504
48379,16652,"12,986","222,077,000","222,077",1.387401915,0.166736986,80.8,36.2,34.4,-0.090304575,1.135638576,97.03500657,13336,0,0,0.146768383,0.008186404,0.306422727,0.000368169,0.0368169
48381,26581,"148,255","4,229,413,000","4,229,413",2.266801995,-0.962150968,33,63.2,46.8,-0.258956695,1.647391348,344.5513025,159114.3333,0,0,0.301880022,0.016737902,0.287670389,0.001453552,0.1453552
48383,499897,"3,141","2,239,205,000","2,239,205",1.594509979,0.36353859,86,48.6,51.6,-0.134146942,0.133437735,51.98794787,4479.333333,0,0,0.263312394,0.000875618,0.231825981,5.35E-05,0.00535
48385,26726,"2,854","89,264,000","89,264",1.452803112,-0.630359659,60.2,33.3,43,-0.259540614,0.316016267,20.48416509,3340,0,0,0.140971006,0.002049014,0.282727745,8.17E-05,0.00816664
48387,62486,"11,678","306,516,000","306,516",1.487544727,0.290570713,89.9,37.5,35.7,-0.116289716,0.476220613,31.05815347,4905.333333,0,0,0.171767563,0.003228493,0.301217895,0.00016704,0.016704
48389,15097,"11,770","80,502,420","8,050,242",1.897243071,-1.009595321,35.2,54.5,57.8,-0.23400713,0.139173941,54.02909074,5332.333333,0,0,0.268145921,0.000945759,0.302238946,7.66E-05,0.00766
48391,66641,"6,666","340,204,000","340,204",1.311366783,0.411133312,66.4,31.7,57.9,-0.128878112,0.296809308,56.32669283,5105,5.90E-05,5.35E-06,0.199195902,0.002065444,0.262950982,0.000108185,0.0108185
48393,180805,840,"159,711,000","159,711",1.862951387,0.337502756,90.5,63.7,40.4,-0.178652401,0.100586969,11.08754837,883.3333333,0,0,0.299260506,0.000460786,0.261509236,3.61E-05,0.00361
48395,255031,"17,267","2,202,531,000","2,202,531",1.656393639,0.175340873,81.3,21.5,42.6,-0.061389237,0.597409807,47.30949923,8636.333333,0,0,0.165389061,0.004215288,0.295922623,0.000206306,0.0206306
48397,17688,"131,307","4,939,265,000","4,939,265",1.471192054,-0.075338563,103.5,33.7,33.7,-0.162877619,14.20794534,2398.361902,279245.3333,0,0,0.147767599,0.111369825,0.279278492,0.004596045,0.4596045
48399,55077,"9,868","289,758,000","289,758",1.552879253,-1.5976778,28.6,43.7,45,-0.294679442,0.462950709,37.34466598,5261,0,0,0.148559306,0.003159028,0.304083129,0.000142707,0.0142707
48401,61614,"53,079","2,363,178,000","2,363,178",1.335627892,0.113341072,71.8,41.7,41.1,-0.107377347,1.014078029,94.77905997,38354.33333,0,0,0.170132962,0.008119785,0.303936584,0.000419871,0.0419871
48403,45097,"10,106","242,637,000","242,637",1.270959486,0.16217648,71.2,62.7,50.3,-0.085742929,0.557564081,90.9785078,5380.333333,0,0,0.243839966,0.003917067,0.281142527,0.00026853,0.026853
48405,124455,"7,833","634,514,000","634,514",1.301634699,0.14713982,69.4,56.9,49.5,-0.085601859,0.596148995,59.82627518,5098.333333,0,0,0.229422295,0.004119002,0.290470788,0.000274492,0.0274492
48407,08690,"28,936","334,986,000","334,986",1.186553678,2.359313906,219.1,52.7,47.2,0.289420721,1.417319899,157.7695258,38547.66667,0,0,0.329167385,0.01103813,0.300844064,0.001093085,0.1093085
48409,29536,"70,660","2,722,849,000","2,722,849",1.289152133,0.496543828,85.1,32.9,53.9,-0.142621126,1.54888057,238.7830673,92187.66667,0.000825915,1.34E-05,0.19683464,0.014152208,0.302263779,0.000842,0.0842
48411,29981,"5,845","148,626,000","148,626",1.659194586,1.461784487,220.7,36.1,45.8,0.056349063,0.299918704,21.04338611,4957.333333,0,0,0.323633112,0.001988842,0.297101996,0.000191231,0.0191231
48413,31372,"2,391","118,107,000","118,107",1.686573753,0.149007711,76.2,38.8,44.7,-0.172007278,0.151223536,14.79707109,3764.666667,0,0,0.216826645,0.000908738,0.263589563,5.19E-05,0.00519
48415,187542,"16,212","1,327,482,000","1,327,482",1.823661749,-0.182708282,80,51,48.7,-0.225694805,0.483076581,64.85607904,7078.333333,0,0,0.264691145,0.003405619,0.278841872,0.000251358,0.0251358
48417,74041,"3,229","265,462,000","265,462",1.688951323,0.747898347,109,45.5,38.8,-0.091769708,0.194229096,42.78182427,3585.333333,0,0,0.248520613,0.001252597,0.228863795,7.12E-05,0.00712
48419,73413,"24,179","1,410,124,000","1,410,124",1.296495803,3.020380973,353.3,58.9,47.4,0.616811075,0.747821091,78.50860421,19208,0,0,0.448958301,0.00564558,0.319267836,0.000809226,0.0809226
48421,65082,"2,678","259,091,000","259,091",2.023619041,0.114706694,67.2,65,40.4,-0.176850322,0.211954574,24.91612921,3981,0,0,0.304809929,0.001355259,0.275072696,0.000113632,0.0113632
48423,36639,"245,209","12,000,949,000","12,000,949",1.217402488,0.012606096,77.2,44.3,40.1,-0.114797627,3.887339421,499.4045284,327549.3333,0,0,0.158930488,0.037815311,0.332924187,0.002000876,0.2000876
48425,203049,"9,888","1,257,277,000","1,257,277",1.745720112,0.780463041,109.1,36.4,40.7,-0.075673882,0.771608014,63.26116432,6192,0,0,0.237691712,0.005376536,0.28641498,0.000366026,0.0366026
48427,07692,"65,934","1,285,475,000","1,285,475",1.402993851,-1.530443757,26.8,34.8,59.1,-0.287900972,1.291243488,247.4211541,167112.6667,0,0,0.151553209,0.014339497,0.339980097,0.000738844,0.0738844
48429,68194,"9,343","339,718,000","339,718",1.650399521,1.028036266,154.4,44.2,39,-0.036663959,0.424113405,45.54316097,4981.666667,0,0,0.26970423,0.002895884,0.283871,0.000221712,0.0221712
48431,114631,"1,397","200,070,000","200,070",1.794361537,0.333896136,83.7,53.6,55.3,-0.141252509,0.082453968,24.28762956,1745.333333,0,0,0.307092126,0.00038602,0.254748843,3.02E-05,0.00302
48433,83846,"1,218","109,223,000","109,223",1.782973834,0.463758939,96.7,50.8,46.3,-0.131908404,0.186690742,17.06580848,1302.666667,0,0,0.280678141,0.001082081,0.26029094,7.91E-05,0.00791
48435,37381,"3,221","189,108,000","189,108",1.952010715,-0.578848911,50.2,33.1,52.2,-0.221199459,0.139527053,25.1132682,5059,0,0,0.223682882,0.000886843,0.170299786,3.38E-05,0.00338
48437,68308,"6,955","343,178,000","343,178",1.918368561,-1.624204562,34.8,62.9,45.1,-0.330963253,0.400555228,58.65876871,5024,0,0,0.23703698,0.002757751,0.312342676,0.000204175,0.0204175
48439,45893,"2,182,947","127,597,428,000","127,597,428",1.520028383,-0.595045732,95,33.8,33.7,-0.249050379,21.89949226,4768.316006,2780352,0,0,0.134077784,0.247107045,0.449590793,0.014895647,1.4895647
48441,41635,"146,836","7,087,583,000","7,087,583",1.873558277,0.6101806,114.5,44.1,46.6,-0.132564976,2.083468779,354.108526,170232.6667,0,0,0.286966443,0.020127325,0.297421025,0.001717864,0.1717864
48443,53694,687,"71,932,000","71,932",1.523345352,0.404991507,82.8,46.2,56.5,-0.107845374,0.063872994,10.61343501,1339.666667,0,0,0.265657749,0.000219482,0.261289942,1.52E-05,0.00152
48445,61161,"11,547","401,198,000","401,198",1.656018661,-0.270693381,55.4,62.3,45,-0.208038096,0.391568958,82.89629096,6559.666667,0,0,0.252244411,0.002787624,0.285604727,0.000200827,0.0200827
48447,36810,"1,526","62,810,000","62,810",1.552672123,0.525346534,106.2,50,37.1,-0.13408733,0.195326166,21.44810611,1706.333333,0,0,0.229981584,0.001162588,0.23026163,6.16E-05,0.00616
48449,41165,"31,357","2,084,581,000","2,084,581",1.405203847,0.277962834,82.5,44.6,39.4,-0.113624867,1.616017581,185.9636146,50639.66667,0,0,0.188453935,0.012845331,0.300484838,0.0007274,0.07274
48451,42056,"119,057","6,499,206,000","6,499,206",1.793715585,-0.19271081,60.4,40.6,48.5,-0.201189753,1.192486472,288.7038862,154538.3333,0,0,0.228311857,0.013337462,0.307659725,0.000936855,0.0936855
48453,70342,"1,334,961","150,752,659,000","150,752,659",1.625951888,0.230379751,82.4,25.6,41.5,-0.086727845,14.1963181,2889.914456,2143128,0,0,0.171250075,0.170353482,0.358071668,0.010446041,1.0446041
48455,23696,"14,228","258,117,000","258,117",1.413054944,2.174703026,204.9,47.2,48.1,0.257756939,0.742320147,114.7219985,10892.66667,0,0,0.330457066,0.005414094,0.304043571,0.000543972,0.0543972
48457,32738,"20,382","467,877,000","467,877",1.327204421,0.158731708,72.3,53.1,53.1,-0.083126816,0.640373633,61.89947605,14291.66667,0,0,0.2345892,0.004716465,0.306889015,0.000339552,0.0339552
48459,25107,"43,281","853,384,000","853,384",1.302383396,0.107888175,70.2,48,39.7,-0.115114042,1.171248802,111.128969,33990.33333,0,0,0.177394357,0.009103738,0.313825446,0.000506813,0.0506813
48461,886950,"3,109","3,929,483,000","3,929,483",1.8036352,0.035888335,73.9,44.1,53.6,-0.168025108,0.119323455,58.78249338,4430.333333,0,0,0.265218556,0.000788596,0.229945647,4.81E-05,0.00481
48463,26623,"24,960","892,593,000","892,593",1.4518305,-0.363274755,49.8,27.6,46.2,-0.195243802,0.422830166,58.85117363,33527.66667,0,0,0.141276527,0.003802133,0.302117329,0.000162283,0.0162283
48465,21467,"47,720","1,850,013,000","1,850,013",1.645751923,0.31737976,78.2,33.8,47.1,-0.146325851,0.473288368,54.46753013,86180,0,0,0.213881196,0.005787263,0.304056118,0.000376357,0.0376357
48467,17749,"64,000","1,289,175,000","1,289,175",1.393281388,0.044205126,79.2,36.3,37.4,-0.102570792,1.342814735,135.6948261,72633.66667,0,0,0.152471751,0.011544688,0.33605243,0.000591533,0.0591533
48469,37190,"91,664","4,602,176,000","4,602,176",1.397911022,0.213836731,62.4,24.9,48.6,-0.128622978,1.510266952,259.1381741,123747.3333,0,0,0.157117534,0.014526931,0.29402518,0.000671094,0.0671094
48471,22512,"81,268","2,196,217,000","2,196,217",1.465926275,0.259969798,76,37.4,46.3,-0.053131278,1.38440142,176.4357998,97558.66667,0,0,0.195198646,0.012685443,0.322214801,0.000797862,0.0797862
48473,46555,"63,553","3,159,376,000","3,159,376",1.341212628,0.193176422,81.4,33.3,45.3,-0.06217987,1.722273524,197.9295052,67863.66667,0,0,0.16735284,0.014141782,0.300390538,0.000710924,0.0710924
48475,508966,"10,966","2,488,336,000","2,488,336",1.619535392,0.398184991,93.7,52.9,51.6,-0.087497801,0.290551729,162.1318761,4889,0,0,0.283705043,0.002179528,0.269295051,0.000166517,0.0166517
48477,60881,"37,007","2,258,874,000","2,258,874",1.537659017,0.238918783,80.8,26.4,43.8,-0.07522681,1.033113687,103.3529573,37103.33333,0,0,0.169350504,0.008228458,0.303457463,0.000422866,0.0422866
48479,15150,"269,148","11,679,742,000","11,679,742",1.731526432,0.612603695,97.1,27.4,55.8,-0.111701306,1.059442461,252.6254049,770939,0,0,0.250500917,0.031584642,0.34094691,0.002697566,0.2697566
48481,38227,"41,739","1,826,651,000","1,826,651",1.415612137,0.092454794,67.4,29.7,51.1,-0.114199822,0.79953075,87.10700602,47784,0,0,0.176522711,0.006911763,0.306890097,0.000374431,0.0374431
48483,64182,"4,804","324,267,000","324,267",1.981045995,-1.041894824,32.1,55.7,42.4,-0.264668775,0.331806442,36.66032072,5052.333333,0,0,0.236043906,0.002241541,0.224853732,0.000118971,0.0118971
48485,33667,"130,180","5,801,591,000","5,801,591",1.608733735,0.479465852,105.8,46.6,35,-0.148092624,2.95780214,583.5637903,172320.3333,0,0,0.219338226,0.026676826,0.281609113,0.001647765,0.1647765
48487,115028,"12,522","757,113,000","757,113",1.634006088,0.453622715,118.1,50,36.7,-0.158872275,0.339396395,78.48347242,6582,0,0,0.239679911,0.002418347,0.272961096,0.000158216,0.0158216
48489,18077,"20,037","540,059,000","540,059",1.30945975,-0.588879642,66.4,36.3,68.6,-0.256070875,0.662698184,175.2636378,29875,7.21E-05,0,0.210840577,0.005597376,0.29941129,0.000353351,0.0353351
48491,26736,"697,191","29,305,284,000","29,305,284",1.553576127,0.044060397,75.5,30.4,43.8,-0.111050518,7.364327315,1182.603468,1096084.333,0,0,0.1737404,0.087166541,0.365469495,0.005534798,0.5534798
48493,16994,"54,183","1,092,947,000","1,092,947",1.439765358,-1.161068466,44.7,26.2,45.7,-0.233765066,1.167461581,110.9280716,64315,0,0,0.110392356,0.010023441,0.333171375,0.000368658,0.0368658
48495,249556,"7,414","1,225,985,000","1,225,985",1.868217729,0.346413969,87.7,45.7,50.9,-0.113121593,0.159188282,308.4906993,4912.666667,0,0,0.28689335,0.001536448,0.23273131,0.000102587,0.0102587
48497,28839,"78,097","3,105,224,000","3,105,224",1.605118769,0.23966469,81.2,39.4,37.2,-0.148773882,1.763132285,198.922949,107672.6667,0,0,0.190709803,0.015669346,0.325611819,0.000973025,0.0973025
48499,31342,"47,921","1,456,214,000","1,456,214",1.309545695,0.117688451,81.2,43.4,36.9,-0.099097768,1.344190742,134.5923778,46461.66667,0,0,0.162090725,0.010735469,0.323125129,0.000562277,0.0562277
48501,267858,"7,468","1,316,435,000","1,316,435",1.517483581,-0.507685056,44.5,67.2,43,-0.219892922,0.301107918,56.38178822,4914.666667,0,0,0.232100758,0.00206033,0.221745864,1.06E-04,0.0106
48503,120783,"18,124","899,955,000","899,955",1.802447084,-1.379657343,35.6,44.4,40.3,-0.271784607,0.510462623,61.0346211,7451,0,0,0.173940153,0.003600239,0.265689662,0.000166382,0.0166382
48505,21137,"13,736","590,581,000","590,581",1.823958299,-0.724275538,50.7,27,60.5,-0.231493477,0.500534036,115.2553921,27941,0,0,0.214000188,0.004269869,0.318681191,0.000291196,0.0291196
48507,51494,"9,312","541,952,000","541,952",1.463865576,0.793830703,123.6,25.4,46.9,-0.067953294,0.175952013,63.08327325,10524.66667,0,0,0.206529975,0.001379462,0.320578041,9.13E-05,0.00913328
49001,96102,"7,233","504,761,000","504,761",1.66518631,0.144507943,58.7,82.4,36.5,-0.073231809,0.346334848,106.4374946,5252.333333,0,0,0.297206861,0.00247606,0.280881355,0.000206701,0.0206701
49003,61642,"62,684","2,610,519,000","2,610,519",1.847238596,0.104592147,59.8,83.1,33.7,-0.039601387,0.128139363,64.61529986,42350,0,0,0.310273699,0.002043766,0.314162775,0.000199219,0.0199219
49005,36022,"142,393","6,371,260,000","6,371,260",2.218050922,0.141553521,95.4,70.1,41.4,-0.234246158,2.827463757,791.2368471,176871,0,0,0.353605267,0.026294162,0.336636907,0.003129967,0.3129967
49007,200310,"20,609","967,164,000","967,164",2.556932423,0.350223246,49,91.1,36.6,-0.019583991,0.237846227,186.2694486,4828.333333,0,0,0.42781295,0.00185613,0.265612301,0.000210917,0.0210917
49009,104363,992,"103,876,000","103,876",1.954642314,-0.127071768,17.6,81.6,29.2,-0.124372944,0.203462561,79.44305072,995.3333333,0,0,0.281443511,0.001302809,0.29254353,1.07E-04,0.0107
49011,30109,"373,207","16,232,965,000","16,232,965",1.910678663,-0.223507441,25.8,101.5,39.8,-0.166263908,4.836670207,3473.797677,539144.6667,0,0,0.357387939,0.056438681,0.326926986,0.006594282,0.6594282
49013,159730,"20,477","1,066,994,000","1,066,994",2.342005579,0.142258276,66.7,82.2,35.4,-0.060450585,0.174531368,31.33060696,6680,0,0,0.372954628,0.001191609,0.277786962,0.000123453,0.0123453
49015,249453,"10,144","1,203,860,000","1,203,860",2.308909426,0.14105147,62.7,82.6,34.7,-0.092596363,0.137547993,70.60156615,4826,0,0,0.368700939,0.00094896,0.301334036,1.05E-04,0.0105
49017,73215,"5,314","347,748,000","347,748",1.972789068,0.187397961,70,92,35.3,-0.092807099,0.143472117,56.68017852,4749.666667,0,0,0.359721613,0.000962235,0.281284009,9.74E-05,0.00974
49019,137937,"9,706","673,728,000","673,728",2.571942126,0.186299664,62.1,86.8,36.6,-0.073851997,0.182354749,163.0544406,4884.333333,0,0,0.416605639,0.001430525,0.268920218,0.000160267,0.0160267
49021,38747,"64,211","2,211,325,000","2,211,325",2.008312685,0.106084953,75.9,76.8,37.7,-0.154851013,0.382935335,114.9536684,57070.66667,0,0,0.329084225,0.004362605,0.315802305,0.000453386,0.0453386
49023,133603,"13,023","684,092,000","684,092",2.301750318,0.141038342,59.5,71.4,38.1,-0.055881717,0.258719326,46.21710845,5120.333333,0,0,0.347785261,0.001754133,0.30837979,0.000188131,0.0188131
49025,78467,"8,425","417,970,000","417,970",1.892308001,0.260196132,85.2,103.2,38.2,-0.118991743,0.12430194,69.13454225,5326.666667,0,0,0.395828583,0.000870018,0.277865107,9.57E-05,0.00957
49027,124798,"13,437","963,314,000","963,314",1.994468607,-3.192631779,13.5,73.8,37.7,-0.467972378,0.24740287,35.63462921,7719,0,0,0.194132874,0.001737394,0.310250923,1.05E-04,0.0105
49029,76242,"13,000","363,878,000","363,878",2.431832694,0.187887688,88.8,76.6,45.1,-0.230382773,0.249071093,33.92432994,4772.666667,0,0,0.404933312,0.001653895,0.291886398,0.000195481,0.0195481
49031,44998,"1,550","69,777,000","69,777",1.630109189,-0.217964455,25.1,102.4,36.2,-0.128347713,0.255443592,50.47489543,1550.666667,0,0,0.315921483,0.001627792,0.279264452,1.44E-04,0.0144
49033,52915,"2,670","140,929,000","140,929",1.952732011,0.078417879,59.1,84.8,36.6,-0.112129821,0.220763113,56.29506846,2663.333333,0,0,0.332666682,0.001432577,0.305716274,0.000145695,0.0145695
49035,72184,"1,185,813","110,953,294,000","110,953,294",2.186255524,-0.112492616,60.1,116.2,42.2,-0.211857529,11.01067907,4172.255454,1537095,0,0,0.446681345,0.131685899,0.362958296,0.0213498,2.13498
49037,59565,"14,358","498,364,000","498,364",2.213470066,-0.186946828,32.8,92,37.8,-0.147718183,0.113533265,12.63442135,8366.666667,0,0,0.363886293,0.00078695,0.310623416,8.90E-05,0.0089
49039,50690,"30,277","1,018,245,000","1,018,245",2.219227826,-0.293703962,16.1,97.9,38.3,-0.124933722,0.244739152,64.50044942,20087.66667,0,0,0.374044966,0.002157648,0.323956148,0.000261451,0.0261451
49041,145394,"22,344","1,239,529,000","1,239,529",2.139816171,-0.572933771,13,98.3,36.7,-0.164476451,0.240593186,114.327101,8525.333333,0,0,0.350636766,0.001859105,0.298506232,0.000194587,0.0194587
49043,47658,"42,759","4,363,032,000","4,363,032",2.252922932,0.065171999,68,82.7,40.2,-0.141451176,0.836672346,360.1935385,91549,0,0,0.374147713,0.009034162,0.217634798,0.00073563,0.073563
49045,29154,"82,051","2,125,272,000","2,125,272",2.235721031,0.137402082,58.2,67.2,35.5,-0.081364691,0.267361926,182.9111855,72897.66667,0,0,0.321742479,0.004178978,0.315428534,0.000424111,0.0424111
49047,96845,"37,747","1,772,587,000","1,772,587",2.342490423,0.133855602,50.3,79.6,36.7,-0.149670811,0.227097166,59.73764483,18303.33333,0,0,0.365826365,0.001970883,0.288466661,0.000207985,0.0207985
49049,37890,"719,174","34,604,155,000","34,604,155",1.925900941,-1.853902987,2.1,113.1,40.5,-0.26333677,2.487119481,1332.351622,913284.3333,0,0,0.336117468,0.047903213,0.41196173,0.00663304,0.663304
49051,96776,"37,144","1,267,180,000","1,267,180",1.963339274,0.536269849,52.2,93.5,41.8,-0.027079523,0.503292532,111.1689359,13094,0,0,0.385944782,0.003818207,0.302839895,0.00044627,0.044627
49053,21648,"202,452","7,944,998,000","7,944,998",2.092485066,-0.103819684,105.5,76.2,40.5,-0.279399321,1.584927401,989.410368,367007,0,0,0.344027657,0.023970583,0.326633891,0.002693601,0.2693601
49055,36250,"2,614","107,335,000","107,335",2.009409828,-1.009333702,26.9,87.2,35.2,-0.357680066,0.157557165,65.13951868,2961,0,0,0.283463074,0.001019578,0.294459066,8.51E-05,0.00851
49057,41975,"271,926","13,096,916,000","13,096,916",1.90561179,0.227195327,82.6,85.9,36.6,-0.222745073,3.986787142,1112.402823,312017,0,0,0.342516443,0.039140509,0.321855426,0.00431488,0.431488
50001,55662,"37,720","1,724,774,000","1,724,774",1.8355569,1.430874081,164.3,51.3,32.3,0.13330721,1.48408372,169.6299206,30986.33333,0,0,0.30670113,0.011286964,0.298132757,0.001032053,0.1032053
50003,127990,"37,183","1,742,201,000","1,742,201",2.300045316,3.12527481,570.9,47.7,39.9,1.47290178,1.816965203,282.4084869,13612,0,0,0.661938934,0.01325997,0.250478416,0.002198522,0.2198522
50005,64209,"30,610","1,171,143,000","1,171,143",1.552944474,0.946431419,74.7,52.7,33.2,0.022324432,1.820717801,203.773735,18239.66667,0,0,0.228378596,0.013286736,0.294484934,0.000893587,0.0893587
50007,66204,"169,481","12,699,864,000","12,699,864",1.832546419,1.699804487,153.4,53.5,28.5,0.166733696,4.1218071,701.3116694,191830.6667,0,0,0.308314159,0.035575324,0.274377072,0.003009471,0.3009471
50009,28171,"6,010","141,811,000","141,811",1.916380039,-0.500749028,90.1,49.3,38.5,-0.240248121,1.037401455,89.32072007,5034,0,0,0.232629078,0.007231775,0.303494111,0.000510575,0.0510575
50011,43487,"50,994","2,108,763,000","2,108,763",1.8131418,1.092578751,99.9,50.8,31.5,0.011699342,1.918495089,216.5809848,48492.33333,0,0,0.264198995,0.014932495,0.300497053,0.001185506,0.1185506
50013,36838,"7,467","211,193,000","211,193",1.854294379,-1.524706543,15,47.1,27.1,-0.264998216,2.472127647,328.1753172,5733,0,0,0.136281912,0.017642458,0.287086429,0.000690256,0.0690256
50015,67378,"26,060","1,213,884,000","1,213,884",1.7050862,-0.232588746,34.5,52.5,34.3,-0.118356834,1.657063567,182.6698569,18016,0,0,0.197709266,0.012105955,0.268945637,0.00064371,0.064371
50017,51249,"29,943","832,385,000","832,385",1.848379433,0.666968892,70.5,59.2,39.3,0.005508333,1.715932087,176.6342194,16242,0,0,0.285459626,0.012447926,0.298423512,0.001060412,0.1060412
50019,74514,"27,516","1,129,192,000","1,129,192",1.993872652,1.407528119,87.9,48.1,42,0.095371947,1.732441256,169.4214857,15154,0,0,0.314314647,0.012515315,0.298966558,0.001176059,0.1176059
50021,65891,"60,271","2,645,533,000","2,645,533",2.463339457,0.059373561,140.2,42.7,42,-0.119622876,2.030617379,265.9436345,40150,0,0,0.324277104,0.015540123,0.278732907,0.00140462,0.140462
50023,96602,"60,142","3,868,214,000","3,868,214",1.942616635,0.388862952,82.1,48.3,33.1,-0.054152873,2.242847569,285.8001379,40043,0,0,0.245125357,0.017045268,0.267647084,0.00111829,0.111829
50025,86705,"45,966","2,329,838,000","2,329,838",1.800766149,0.237269652,142.1,53.4,32.6,-0.006232282,2.098589907,239.8386463,26871,0,0,0.254255664,0.01554954,0.269925443,0.001067166,0.1067166
50027,86898,"58,101","2,802,347,000","2,802,347",1.776329997,-0.31413216,84.8,58.6,39.2,-0.100062303,2.281394543,260.6309993,32248.66667,0,0,0.247950387,0.017023435,0.26224602,0.001106932,0.1106932
51001,47618,"33,239","1,750,550,000","1,750,550",1.75473269,0.230753384,119.5,40.1,33.8,-0.045576548,1.879450043,235.7222851,36762.33333,0.017108247,0.000192585,0.211162143,0.022153366,0.299685756,0.001401916,0.1401916
51003,51917,"115,676","6,450,817,500",6450818,2.193209659,0.275794089,115,55.4,42.6,-0.059248791,2.350460308,291.5039056,124251.6667,0,0,0.325826405,0.020430078,0.268814797,0.001789408,0.1789408
51005,115557,"14,595","432,570,000",432570,1.981641276,0.025594817,98.9,61.3,47.5,-0.081942824,1.248820156,175.9924434,3743.333333,0,0,0.318192734,0.008816436,0.279630091,0.000784454,0.0784454
51007,101052,"13,480","323,164,000",323164,1.652534912,0.275267869,113.4,60.8,36.7,-0.049120038,0.874725287,70.04092268,3198,0,0,0.259605839,0.006010796,0.294168432,0.000459032,0.0459032
51009,54306,"31,396","813,435,000","813,435",1.763173252,2.327892943,373.3,56.2,35.7,0.65524609,1.348168906,154.1287499,14978.66667,0,0,0.448389254,0.009816272,0.293611152,0.001292333,0.1292333
51011,95571,"16,864","335,803,000","335,803",1.679359297,-0.285849617,88,61.8,36.3,-0.099410342,1.02198725,93.63804615,3513.666667,0,0,0.238930304,0.007085293,0.292790519,0.000495663,0.0495663
51013,172900,"234,162","38,871,754,000","38,871,754",2.197940471,1.789892964,198,58.2,40.3,0.23321977,47.18571086,19268.85322,224821.6667,1.31E-05,0,0.408416336,0.369263753,0.194307692,0.029304194,2.9304194
51015,28732,"78,247","1,765,158,333",1765158,1.392315881,-0.038946669,93.6,67.4,36.5,-0.088374055,1.392713742,198.5586862,61436.33333,0,0,0.229895118,0.011656257,0.324360817,0.000869195,0.0869195
51017,49076,"4,051","224,816,000","224,816",2.011416693,0.041356248,100.3,55.9,48.4,-0.074415371,0.677813394,70.13696506,4581,0,0,0.311588466,0.004688189,0.25898946,0.000378328,0.0378328
51019,19205,"81,525","2,040,196,000","2,040,196",1.909674772,1.721021886,321.5,53.1,33,0.372538852,2.379079238,255.7555063,106232,0,0,0.394279585,0.020000944,0.291127509,0.002295821,0.2295821
51021,74711,"6,179","189,716,000","189,716",1.835204896,0.089113303,108.9,57.8,41.4,-0.075100906,0.859324377,77.03583216,2539.333333,0,0,0.279959413,0.005896189,0.295584742,0.00048792,0.048792
51023,68602,"34,125","1,375,303,000","1,375,303",2.034364992,0.080450621,106.6,55.9,39.2,-0.066706983,1.220480813,145.5344519,20047.66667,0,0,0.290236399,0.009073008,0.267793291,0.000705185,0.0705185
51025,123971,"15,749","786,598,000","786,598",1.645801039,0.692469454,105.5,62.7,41.1,0.001474125,0.948956408,80.91201437,6345,0,0,0.286634563,0.006643796,0.298641977,0.000568716,0.0568716
51027,227331,"19,087","1,071,412,000","1,071,412",1.930587404,-0.113462328,78.4,72.8,53.5,-0.126101029,1.249708386,118.889398,4713,0,0,0.348110248,0.00874852,0.281416743,0.00085704,0.085704
51029,89327,"16,978","475,903,000","475,903",1.699607484,0.226149977,118.3,62.6,35.7,-0.057871438,0.770491997,59.46138102,5327.666667,0,0,0.266649519,0.005334878,0.307278554,0.000437117,0.0437117
51031,105931,"55,270","3,650,906,000","3,650,906",1.656116947,0.245262136,110.5,62.1,37.2,-0.0325486,1.817495769,195.3576792,34465,0,0,0.263055236,0.013755351,0.304943857,0.001103414,0.1103414
51033,59771,"32,640","819,814,000","819,814",1.625875253,0.157024237,136.1,61,38.1,-0.066444512,1.111757745,115.9364528,13716,6.55E-06,0,0.264718955,0.008070106,0.293108729,0.000626171,0.0626171
51035,97108,"29,239","462,042,000","462,042",1.752232138,0.05866464,79.9,55.3,43.4,-0.082638425,1.472089936,148.0257033,4758,0,0,0.259810226,0.010345783,0.30882575,0.000830105,0.0830105
51036,43449,"6,610","225,948,000","225,948",1.652201591,0.324757062,164.7,54.6,37.5,-0.06412198,1.064184776,97.53956374,5200.333333,0.000190092,8.02E-06,0.264558701,0.007527355,0.265752441,0.000529227,0.0529227
51037,73102,"11,336","277,497,000","277,497",1.711725389,0.164085669,106.6,62,37.5,-0.049956115,0.866140523,71.72540998,3796,0,0,0.266202367,0.005972985,0.292286144,0.000464742,0.0464742
51041,26132,"383,876","16,951,584,000","16,951,584",1.738572349,0.235676075,132.5,54.6,37.8,-0.055017218,11.01682175,2028.788716,648695,0.000111433,8.02E-06,0.261852043,0.10014172,0.295305867,0.007743603,0.7743603
51043,123428,"15,466","456,723,000","456,723",1.546192493,2.196494186,420.4,66,26.5,0.733387171,1.621784399,179.4390972,3700.333333,0,0,0.45379197,0.011408578,0.264009121,0.001366807,0.1366807
51045,25513,"4,843","111,043,000","111,043",2.03988727,-0.380769356,71.3,48.4,37.2,-0.118586952,0.805018557,103.300554,4352.333333,0,0,0.240884981,0.005624048,0.286414162,0.000388019,0.0388019
51047,40712,"54,973","1,960,780,000","1,960,780",1.821589935,0.237961358,113.4,57.8,37.3,-0.042191443,1.746719694,192.9349859,48162.33333,0,0,0.27216027,0.013687416,0.290397141,0.001081779,0.1081779
51049,48813,"9,878","170,421,000","170,421",1.516717459,-0.343805241,90.5,63.8,34.5,-0.112230585,0.897533367,71.82822662,3491.333333,0,0,0.218951763,0.006181431,0.297765769,0.000403007,0.0403007
51051,135280,"13,640","560,013,000","560,013",1.916629255,0.005106787,86.9,64.4,49.9,-0.126217136,1.305005167,128.819596,4139.666667,0,0,0.321274494,0.009132356,0.288959199,0.000847804,0.0847804
51053,00000,"28,343",0,,1.692276509,0.156855278,121.2,59,41.3,-0.063011498,1.202593182,112.9062849,10677.66667,0,0,0.271929383,0.008596897,0.271466117,0.00063462,0.063462
51057,65451,"10,598","349,375,000","349,375",1.790980405,1.812536666,196.2,52.8,40.4,0.213297549,1.01837322,89.2985246,5338,0.000511281,1.07E-05,0.349922108,0.007345246,0.283774058,0.000729374,0.0729374
51059,00000,"1,141,878",0,,1.926879114,0.040062471,113.8,61.7,40.9,-0.060550584,30.42831769,8375.181278,2252787.667,0,0,0.298492339,0.296396704,0.300350917,0.02657269,2.657269
51061,36331,"75,165","2,967,634,000","2,967,634",1.684077519,0.149845396,113.5,60.9,31.9,-0.05484545,1.861646517,204.0722748,81683,0,0,0.24557709,0.015551071,0.258841163,0.000988511,0.0988511
51063,87764,"15,679","392,303,000","392,303",1.669890714,0.028489116,81,53.8,39.7,-0.085090053,1.027968491,92.68535887,4470,0,0,0.235067349,0.007154887,0.31071477,0.000522585,0.0522585
51065,20992,"28,462","894,789,000","894,789",1.676984637,0.189783291,145,63.8,36.6,-0.074635954,1.845062018,212.7579654,42625.33333,0,0,0.277220348,0.014233026,0.284677775,0.001123249,0.1123249
51067,33001,"55,549","1,618,697,000","1,618,697",1.850143188,0.259674115,109.1,53.8,38.3,-0.042194677,1.733714828,163.5194505,49049.66667,7.21E-05,0,0.267572832,0.013603749,0.301756803,0.001098393,0.1098393
51069,31252,"95,994","3,610,353,000","3,610,353",1.818446265,-0.312484411,81.7,65.3,32.3,-0.12743003,3.406245815,424.7386504,115524.6667,0,0,0.248764092,0.027724973,0.305365147,0.002106097,0.2106097
51071,125943,"16,457","570,480,000","570,480",1.911680311,1.492058321,124,59.3,42.9,0.163767108,1.267014284,156.5570699,4529.666667,0,0,0.351831206,0.008931673,0.291154655,0.000914936,0.0914936
51073,14431,"40,057","918,753,000","918,753",1.780456395,0.14068702,127.5,54,39.1,-0.087564402,3.790505325,455.974528,63665,0.002444972,6.15E-05,0.264290661,0.029962546,0.282012399,0.002233206,0.2233206
51075,241676,"27,197","3,069,526,000","3,069,526",1.579219234,1.192320524,127.7,62,37.8,0.082351745,1.366749322,128.132384,12701,0,0,0.292107892,0.009826582,0.215811018,0.000619469,0.0619469
51077,63577,"15,285","264,121,000","264,121",2.021242027,0.043127487,77.4,49.8,49.3,-0.087383896,1.197617424,122.0062858,4154.333333,0,0,0.292921021,0.008375435,0.309163057,0.000758482,0.0758482
51079,17448,"21,301","458,967,000","458,967",2.028486923,0.010510879,137.7,55,33.6,-0.102150058,2.372738062,315.5531772,26305.33333,0,0,0.278167959,0.017571948,0.277307657,0.001355467,0.1355467
51081,154218,"11,133","787,128,000","787,128",1.664534681,0.141519549,115.5,61.8,43.3,-0.081881331,0.947103514,87.66260555,5104,0,0,0.279442215,0.006604549,0.30133525,0.000556141,0.0556141
51083,69667,"33,432","1,136,989,000","1,136,989",1.738781305,0.076572752,120.7,58.9,37.8,-0.067930277,1.002608567,88.226948,16320.33333,0,0,0.264004329,0.007340637,0.300895491,0.000583123,0.0583123
51085,39513,"114,148","6,459,459,000","6,459,459",1.610892625,0.238406733,131.6,59.4,34.8,-0.056284392,3.492929421,480.7293344,163477.3333,6.55E-06,0,0.250400235,0.029928009,0.280484193,0.002101943,0.2101943
51087,57991,"334,760","32,073,153,000","32,073,153",1.723183516,0.194778919,134.1,54.6,35,-0.059079761,16.79323215,3602.541248,553073,3.93E-05,0,0.251052948,0.140066876,0.279403544,0.009825003,0.9825003
51089,26947,"49,702","1,107,382,500","1,107,383",1.485532295,1.489323611,138,66.8,39.1,0.120823674,2.838933829,321.3158892,41094.66667,0,0,0.311550716,0.021277924,0.296945623,0.001968498,0.1968498
51091,35539,"2,339","75,022,000","75,022",1.912338373,-0.026753385,102.3,52.6,44.2,-0.075026431,0.60257571,47.2891866,2111,0,0,0.277926428,0.00404745,0.287616613,0.000323538,0.0323538
51093,40292,"40,711","1,313,076,000","1,313,076",1.729676707,0.131230147,133.3,46.4,44.9,-0.090557534,1.882434404,194.2827172,32589,0.001265093,2.67E-06,0.258013616,0.014718548,0.284325829,0.001079752,0.1079752
51095,18511,"82,654","2,884,612,500","2,884,613",1.632521955,0.313211146,136.1,57.1,40,-0.069363821,9.384503896,1724.687921,155833.3333,0.001075001,5.35E-06,0.266085102,0.073316731,0.256781931,0.005009428,0.5009428
51097,36405,"6,720","139,116,000","139,116",1.758462489,0.174954135,127.9,53.5,38.6,-0.065899936,0.748364779,51.84837527,3821.333333,0.000183537,5.35E-06,0.260351227,0.005205875,0.278749664,0.000377805,0.0377805
51099,89414,"28,568","2,172,678,000","2,172,678",1.901608976,0.028870773,119.6,55,40.3,-0.074385254,1.972102882,219.3832256,24299,0.000150762,0,0.278393422,0.014622651,0.293421033,0.001194473,0.1194473
51101,55409,"19,030","530,227,000","530,227",1.652258715,0.229472852,129.3,55.7,35.4,-0.057193848,1.187723143,102.700846,9569.333333,0.000412958,8.02E-06,0.246479581,0.008630864,0.280534406,0.00059679,0.059679
51103,88799,"10,859","452,906,000","452,906",1.748881189,0.096731327,124.7,51,37.9,-0.087406642,2.444021584,241.8704169,5100.333333,0.001501068,2.41E-05,0.247375137,0.017959666,0.221768757,0.000985269,0.0985269
51105,73673,"21,745","376,911,000","376,911",1.337197857,-0.208847478,80.8,65.3,49.5,-0.192044103,1.451755185,147.335311,5116,0,0,0.24751131,0.010214635,0.310707407,0.000785542,0.0785542
51107,32428,"436,347","33,771,834,000","33,771,834",1.788001232,0.123044531,122.2,64.5,32.5,-0.051252439,11.92161227,2476.55227,1041440.333,0,0,0.270192828,0.11943862,0.3037287,0.009801768,0.9801768
51109,86247,"41,037","2,238,553,000","2,238,553",1.590198852,0.284660222,122.7,64.9,37.8,-0.056409012,1.318679271,125.8835423,25955,0,0,0.269470033,0.009902637,0.275948887,0.00073636,0.073636
51111,44668,"12,038","230,025,000","230,025",1.698321598,0.17405997,111.7,61.3,37.5,-0.046599391,0.894800305,79.04993238,5149.666667,0,0,0.264805441,0.00622742,0.303951055,0.000501232,0.0501232
51113,99819,"14,128","363,273,000","363,273",1.787414383,0.28246306,111.4,59,31.9,-0.047036913,0.968795021,98.04477445,3639.333333,0,0,0.255944055,0.006728282,0.295476506,0.000508829,0.0508829
51115,36858,"8,514","185,800,000","185,800",1.664157427,2.221756463,251.9,57.5,33.6,0.311054001,2.716137919,287.2958501,5041,0.002543295,8.02E-05,0.366673918,0.020425092,0.224289592,0.001679783,0.1679783
51117,65694,"30,648","1,099,951,000","1,099,951",1.802532713,0.180844271,121,58,40.7,-0.059636506,1.522558106,145.8752694,16743.66667,0,0,0.281040756,0.011065978,0.291069269,0.000905223,0.0905223
51119,69441,"10,924","365,585,000","365,585",1.840822324,0.098838337,124.4,48.6,38.2,-0.086213416,2.438938009,239.0036274,5264.666667,0.001133995,2.67E-06,0.252708216,0.017748639,0.262999628,0.001179613,0.1179613
51121,25797,"98,666","2,888,873,000","2,888,873",1.52354953,0.067562271,98.2,66,35.5,-0.073164285,3.1494238,471.2425827,111984.3333,0,0,0.243355653,0.025917934,0.307455683,0.001939208,0.1939208
51125,147787,"14,705","563,612,000","563,612",1.579963112,0.150725563,119.1,65.1,34.8,-0.05950442,1.116367099,107.3875977,3813.666667,0,0,0.254313038,0.007774474,0.271102931,0.000536011,0.0536011
51127,45261,"26,134","630,942,000","630,942",1.680197123,0.216533218,132.1,54,37.1,-0.064770789,1.635974222,162.521129,13940,3.28E-05,0,0.250795405,0.011810466,0.286133135,0.000847529,0.0847529
51131,78587,"12,021","395,919,000","395,919",1.597837664,2.095676936,350.2,49.1,35.2,0.542469007,1.134091866,189.3230128,5038,0.000570275,1.60E-05,0.39217965,0.008350461,0.281228519,0.00092099,0.092099
51133,74586,"12,391","383,097,000","383,097",1.806138694,0.088708949,121.3,44.1,36.7,-0.087000981,2.393939042,223.7311021,5136.333333,0.001507623,1.07E-05,0.231713633,0.017577148,0.265237985,0.001080278,0.1080278
51135,162623,"15,566","552,648,000","552,648",1.677711798,1.580840356,316.6,61.4,36.3,0.280306074,1.467585908,118.9771014,3398.333333,0,0,0.388544306,0.010219031,0.282455276,0.001121502,0.1121502
51137,46527,"38,574","1,045,916,000","1,045,916",1.730325444,0.034357118,98.9,58.1,36.7,-0.081716011,1.557614756,161.0939443,22479.66667,0,0,0.249683914,0.011515971,0.292939719,0.000842305,0.0842305
51139,93737,"23,741","690,215,000","690,215",1.630655116,0.078451915,102.4,66.2,33.1,-0.073683336,1.615003629,237.6359865,7363.333333,0,0,0.250575749,0.011582189,0.312134383,0.000905881,0.0905881
51141,88924,"17,509","375,171,000","375,171",1.761858354,0.386981488,98.9,52.1,37.2,-0.024633457,1.183120742,112.7420122,4219,0,0,0.250359405,0.008259965,0.31017124,0.000641422,0.0641422
51143,86503,"59,571","2,888,873,000","2,888,873",1.712457453,0.043755814,115.9,63.4,42.6,-0.069128951,1.433893286,139.3594283,33396.33333,0,0,0.283983243,0.0109587,0.309942849,0.000964569,0.0964569
51145,28231,"32,105","835,209,000","835,209",1.628903532,0.151008985,113.2,60.9,37.3,-0.062720039,1.735076448,181.5462374,29585.33333,0,0,0.255004369,0.013006107,0.274406359,0.0009101,0.09101
51147,61301,"22,049","731,520,000","731,520",1.585603134,0.046956437,95.8,65.1,35.2,-0.063417797,1.18319498,115.2577557,11933.33333,0,0,0.24575806,0.008505818,0.310962431,0.000650028,0.0650028
51149,52726,"42,871","1,899,532,500","1,899,533",1.767673207,0.434763692,135,54.2,41.3,-0.043614388,2.167699668,178.3624737,36026.33333,9.18E-05,2.67E-06,0.281653094,0.016245027,0.281390533,0.001287492,0.1287492
51153,08569,"489,640","7,528,628,000",7528628,2.031625695,0.028470069,113.1,57.4,39.6,-0.062362216,14.9505874,3609.575379,878614,0.000190092,2.67E-06,0.295229969,0.137526165,0.327543902,0.013298887,1.3298887
51155,193897,"33,655","1,573,994,000","1,573,994",1.706464277,0.065640201,90.6,63.9,43.6,-0.075490214,2.145649135,262.6259799,8117.666667,0,0,0.280526454,0.015332383,0.285442012,0.001227726,0.1227726
51157,69292,"7,414","305,139,000","305,139",1.327711172,0.292884855,101.5,69,26.6,-0.0553351,0.895734283,88.38095153,4403.666667,0,0,0.210200701,0.006227668,0.268933942,0.000352051,0.0352051
51159,54945,"9,184","274,852,000","274,852",1.891740672,0.14773013,125.9,47.2,41,-0.078404195,0.968219646,83.21909502,5002.333333,9.83E-05,8.02E-06,0.265295093,0.006787823,0.291334764,0.000524629,0.0524629
51161,44086,"97,026","3,094,582,500","3,094,583",2.015646474,0.217141452,114.6,51.4,36.7,-0.063105129,4.325993238,636.728274,70193.66667,0,0,0.276317925,0.033077797,0.272234812,0.002488223,0.2488223
51163,61945,"22,358","423,022,000","423,022",1.656056168,0.171138843,151.1,65.6,39.4,-0.064923029,1.084872893,106.4170553,6829,0,0,0.289287611,0.007648331,0.272207992,0.000602279,0.0602279
51165,66783,"86,568","4,346,579,500","4,346,580",1.81454162,-0.443091445,79.1,56.6,38.1,-0.141999286,1.647315413,227.4644348,65084.66667,0,0,0.238779774,0.013589053,0.346141816,0.001123158,0.1123158
51167,100657,"25,477","633,533,000","633,533",1.819467793,0.061618104,97.6,67.3,54.6,-0.130076077,1.363997592,136.7029208,6294,0,0,0.336611888,0.009623211,0.315751617,0.00102281,0.102281
51169,86778,"21,433","410,808,000","410,808",1.698594308,0.940462189,162.4,60.7,51.1,-0.03820325,1.326836613,131.5159712,4734,0,0,0.348976101,0.009307271,0.311547924,0.001011912,0.1011912
51171,78871,"45,228","1,801,065,000","1,801,065",1.713015259,0.158693547,111.3,66.4,33.4,-0.088641905,1.662558867,221.0500894,22835.66667,0,0,0.266940383,0.01236461,0.304231197,0.00100415,0.100415
51173,161728,"29,216","1,050,205,000","1,050,205",1.928869605,0.360545108,60.3,66.7,51.1,-0.038953856,1.644576975,224.8485865,6493.666667,0,0,0.334955451,0.011736829,0.30582614,0.001202299,0.1202299
51175,83426,"17,975","401,110,500","401,111",1.675109534,0.18956446,130.6,54.3,47.6,-0.090786155,0.918199676,76.44434244,4808,7.21E-05,2.67E-06,0.280660576,0.006408126,0.279883695,0.000503373,0.0503373
51177,07659,"149,588","3,498,429,500","3,498,430",1.619358542,0.220517176,117.4,66.8,40.2,-0.050952595,7.630140367,1455.756322,456765,6.55E-06,0,0.280881834,0.069561277,0.285305591,0.005574443,0.5574443
51179,16862,"165,428","6,447,173,000","6,447,173",1.855458397,0.067939798,119,59.8,39.5,-0.068761272,9.519129402,1990.247619,382341,0.000111433,0,0.283926153,0.081366344,0.29358715,0.00678246,0.678246
51181,240304,"6,593","1,224,350,000","1,224,350",1.649670143,0.348413016,128.4,53.4,44.1,-0.068695647,0.849712039,69.09973192,5095,5.90E-05,2.67E-06,0.269475374,0.005922648,0.280759453,0.000448094,0.0448094
51183,65816,"10,757","322,233,000","322,233",1.647796099,-0.311111046,88.1,56.9,45,-0.125737512,0.842983502,77.55976857,4896,0,0,0.248258823,0.005857337,0.272855709,0.000396769,0.0396769
51185,182122,"39,120","1,172,985,000","1,172,985",1.643851633,0.016044756,89.5,70.5,46.8,-0.108170399,1.773410336,200.8947119,6440.666667,0,0,0.2974609,0.012585101,0.286239041,0.001071557,0.1071557
51187,55925,"41,843","1,815,278,000","1,815,278",1.517230978,-0.071246602,96.2,66.2,27.8,-0.105049479,2.74677699,367.2171319,32459,0,0,0.215235426,0.020453026,0.279392132,0.001229944,0.1229944
51191,71021,"54,050","1,841,716,000","1,841,716",1.798807423,0.059195106,95.1,69.8,53.8,-0.140767268,1.916131825,215.0169242,25932,0,0,0.337347141,0.014209203,0.315814415,0.001513836,0.1513836
51193,64885,"19,013","439,101,000","439,101",1.986586195,1.56118919,208.1,45.6,42.6,0.172358956,1.720163426,180.9576877,6767.333333,0.000943903,8.02E-06,0.356370295,0.012619929,0.287192777,0.001291612,0.1291612
51195,57245,"35,174","801,047,500","801,048",2.021803891,-0.055964366,92.2,54.4,48.8,-0.158370784,2.182880565,250.4086607,13993.33333,0,0,0.304543007,0.015751689,0.29218812,0.001401646,0.1401646
51197,306724,"28,104","1,520,838,000","1,520,838",1.795434793,0.902077023,78.2,62.1,49.2,0.040489299,1.382357015,171.6243255,4958.333333,0,0,0.325441767,0.009772693,0.29882782,0.000950405,0.0950405
51199,13105,"70,952","1,426,919,000","1,426,919",1.708328433,0.214960962,137.2,53.2,38.6,-0.077504741,9.631901164,2225.400007,108883.3333,0.001841922,5.35E-06,0.257862725,0.074829384,0.254013943,0.004901379,0.4901379
51510,113958,"155,230","14,979,536,000","14,979,536",2.086825704,1.037514977,119.7,57.9,40.7,0.066771483,46.01195103,21906.56438,131448,0.004286894,1.07E-05,0.340497673,0.364964569,0.174128998,0.021638939,2.1638939
51515,18514,"16,807","2,433,670,000",2433670,2.086825704,1.037514977,119.7,57.9,40.7,0.066771483,46.01195103,21906.56438,131448,0.004286894,1.07E-05,0.340497673,0.364964569,0.174128998,0.021638939,2.1638939
51520,444787,"6,566","1,841,716,000",1841716,1.926132763,1.968338778,208.4,65.5,52.6,0.229931435,17.01340892,3001.567308,4140.666667,0,0,0.452120558,0.123347804,0.315814415,0.017612363,1.7612363
51530,96324,"44,983","423,022,000","423,022",1.311795182,1.87721069,247.7,69.7,30.9,0.382472197,14.25283523,2275.089814,4391.666667,0,0,0.340289932,0.102878623,0.272207992,0.00952961,0.952961
51540,189656,"253,886","6,450,817,500","6,450,818",2.30674508,2.162839264,372.3,53.2,41.1,0.475945361,33.30442293,8475.428764,34013.33333,0,0,0.510437025,0.247289648,0.268814797,0.033931361,3.3931361
51550,24038,"18,393","11,218,526,000","11,218,526",1.624834801,0.555070295,132.6,48.3,41.1,-0.021400291,8.299344025,2274.253836,466704.6667,0.008128056,2.67E-05,0.252584211,0.0796935,0.289550585,0.005828456,0.5828456
51570,229393,"5,545","971,554,000","971,554",1.71346448,-0.366436469,114.4,53.7,35.6,-0.128037242,19.532525,6848.284988,4235.333333,0.000209756,0,0.225857572,0.14794894,0.271466117,0.009071146,0.9071146
51580,160409,"41,837","432,570,000","432,570",2.012534494,-0.621950861,43.1,64.9,43.1,-0.142588607,13.63899994,2350.070664,2696.666667,0,0,0.280815543,0.098704667,0.279630091,0.007750732,0.7750732
51590,66865,"5,463","1,726,492,500","1,726,493",2.09030052,0.761143806,198.7,52,46.9,0.004201456,13.02413718,2266.44318,25820.66667,0,0,0.363638653,0.095008302,0.309942849,0.01070812,1.070812
51595,166318,"25,144","787,128,000","787,128",1.577706699,0.719574312,158.7,62.4,39.5,-0.01720334,10.28142844,1735.418403,4732.666667,0,0,0.292921358,0.074354251,0.30133525,0.006563066,0.6563066
51600,10359,"14,685","45,975,267","45,975,267",2.082397481,0.419185578,134.7,60,43.88888889,-0.013354338,30.35343736,22542.85635,4438.333333,0.004339333,1.34E-05,0.339930367,0.253568245,0.300350917,0.025888911,2.5888911
51610,11352,"8,339","45,975,267","45,975,267",2.194450099,0.10826216,116,60.9,46.22222222,-0.058343252,40.68699989,89071.92181,4050,0,0,0.345605808,0.444831292,0.300350917,0.046174832,4.6174832
51620,76165,"28,928","401,110,500","401,111",1.622611117,-0.529242231,100.5,53.3,46.9,-0.164191393,12.05323794,2150.647727,5266.333333,0,0,0.239191131,0.087420331,0.279883695,0.005852415,0.5852415
51630,336161,"6,717","3,498,429,500","3,498,430",1.665695051,-0.022917845,111.1,66.3,44.2,-0.081432681,20.75521994,5201.77366,10407,1.97E-05,0,0.287115338,0.153528712,0.285305591,0.012576398,1.2576398
51640,111712,"137,098","462,042,000","462,042",1.826778106,0.007117585,72.8,52.3,44.1,-0.085670748,12.23836362,1978.312062,4136,0,0,0.259040253,0.08835435,0.30882575,0.007068198,0.7068198
51650,33405,"51,082","6,665,814,000","6,665,814",1.811293908,0.598992407,134.5,44.2,36.4,-0.029302165,27.59655601,6826.090874,199542.6667,0.005145584,1.07E-05,0.252089189,0.212178705,0.277634057,0.014850079,1.4850079
51660,58984,"22,752","4,346,579,500","4,346,580",1.912743709,-0.474721759,80.3,59.3,43.5,-0.143246864,24.62948852,5613.365884,73691,0,0,0.272023579,0.183121881,0.346141816,0.017242525,1.7242525
51670,205059,"7,528","1,899,532,500","1,899,533",1.894384881,1.20134448,223.1,54.1,39.7,0.099686864,20.13053315,4160.199185,9263.333333,0.000131098,0,0.349264257,0.147306913,0.281390533,0.014477273,1.4477273
51678,105273,"79,535","423,022,000","423,022",1.526333766,-0.017710777,94.2,73.3,39,-0.068619564,22.21249978,4335.572441,4018.333333,0,0,0.268359857,0.161846622,0.272207992,0.011822847,1.1822847
51680,65450,"42,696","3,650,906,000","3,650,906",1.727570313,1.388861954,171.1,56.9,35.8,0.167717858,13.17156659,2223.076416,55782,0,0,0.314891582,0.096886757,0.304943857,0.009303478,0.9303478
51683,57689,"16,361","7,528,628,000",7528628,2.187717382,-0.20059696,95.6,58.8,43.8,-0.08728319,42.33324973,19369.19418,130504,0,0,0.316264066,0.332837151,0.327543902,0.034478722,3.4478722
51685,1301030,"13,763","7,528,628,000",7528628,2.141159549,-0.119391037,103.3,61.6,43.55555556,-0.078522878,34.61888854,28934.9916,5786.666667,0,0,0.322233976,0.292910498,0.327543902,0.030915465,3.0915465
51690,277007,"183,118","1,107,382,500","1,107,383",1.259833893,0.194383029,107.2,77.3,41.8,-0.069288619,15.4435154,2836.310148,3997.666667,0,0,0.266859962,0.112151317,0.296945623,0.008887195,0.8887195
51700,52484,"230,930","15,339,116,000","15,339,116",1.799479529,2.7470621,435.2,47.3,39,0.839849664,30.16911874,8310.170207,292262.6667,0.003008692,5.35E-06,0.503806548,0.234660671,0.288358488,0.034090774,3.4090774
51710,79623,"3,492","20,534,141,000","20,534,141",1.789443036,0.09080742,120,38.7,38.5,-0.079870082,34.76374177,10020.87498,257893,0.01046815,3.74E-05,0.221151312,0.271973358,0.297212804,0.017876537,1.7876537
51720,193412,"33,309","801,047,500","801,048",1.523122075,0.298271856,82.6,54.8,34,-0.093506489,9.411431454,1505.053689,4141.666667,0,0,0.212849514,0.067879875,0.29218812,0.004221592,0.4221592
51730,142785,"12,635","971,554,000","971,554",1.804356178,0.40678273,137.7,53.3,41.1,-0.037293151,17.117295,3379.011598,6804.333333,0,0,0.282943078,0.124841231,0.271466117,0.009588987,0.9588987
51735,274936,"96,793","1,426,919,000","1,426,919",1.806161442,-0.016866188,151,45.4,34.6,-0.117165554,7.601365371,1588.174163,5190,0.002726832,1.07E-05,0.234772413,0.056746177,0.254013943,0.003384085,0.3384085
51740,74221,"16,971","6,192,136,000","6,192,136",1.779857333,0.225561665,133.8,43.4,41.3,-0.060987097,23.13754584,5744.071092,83428,0.00284482,8.02E-06,0.248567855,0.174605182,0.281909302,0.012235212,1.2235212
51750,397314,"229,247","2,888,873,000","2,888,873",1.474866881,-0.578971839,56.9,70,37.2,-0.1310596,15.82737029,2589.247915,7271,0,0,0.219940365,0.114464771,0.307455683,0.007740327,0.7740327
51760,143217,"97,171","25,350,816,000","25,350,816",1.650691605,2.360752973,371.5,55.9,33.8,0.582633739,27.42804879,7119.747884,177010.3333,0,0,0.429176922,0.20851172,0.261651092,0.023414742,2.3414742
51770,125709,"25,600","7,617,071,000","7,617,071",1.839585104,0.79450216,131.8,56.6,30.2,0.029584618,21.67643091,4362.693665,60593,0,0,0.275024987,0.159943089,0.27363746,0.012036859,1.2036859
51775,433132,"25,915","3,094,582,500","3,094,583",1.464500198,-0.22874927,91.4,63.7,24.8,-0.099312386,17.78058962,2957,7144.666667,0,0,0.187869383,0.128681911,0.272234812,0.006581383,0.6581383
51790,380696,"100,659","1,765,158,333","1,765,158",1.413952061,0.656354586,185.1,71.4,37.5,0.004759043,12.7607187,2267.315343,4636.666667,0,0,0.300624738,0.092521521,0.324360817,0.009021855,0.9021855
51800,37615,"453,649","4,083,418,000","4,083,418",1.609617336,0.717654741,140.3,52.1,45.5,-0.018742068,3.087926746,451.9794642,108559.3333,0.00198613,2.67E-06,0.281426769,0.026248523,0.290691172,0.002147346,0.2147346
51810,25549,"23,182","23,245,091,000","23,245,091",1.603332066,0.375048716,127.9,44,33.9,-0.047677705,17.92880232,5575.671047,909814.3333,0.016367545,0.000141764,0.210995972,0.170129346,0.284976846,0.010229702,1.0229702
51820,377493,"15,847","1,765,158,333","1,765,158",1.161963486,-0.102839055,96,73,35.3,-0.082635775,15.18271732,2507.6681,4676,0,0,0.212988278,0.109762885,0.324360817,0.007582975,0.7582975
51830,262955,"27,617","2,884,612,500","2,884,613",1.648889662,0.140996208,135,53.6,38.6,-0.08483317,19.12631227,3451.583019,10970,0.000170427,0,0.249072128,0.139117081,0.256781931,0.008897542,0.8897542
51840,201134,,"3,610,353,000",3610353,1.764317858,0.072689783,103.8,65.1,28.9,-0.092730781,26.53119012,5554.430304,17950,0,0,0.25101045,0.194466447,0.305365147,0.014905823,1.4905823
53001,43716,,"993,916,000","993,916",1.8064098,-2.557711123,8.5,69.1,32,-0.356932393,0.396896628,24.41613854,22735.66667,0,0,0.164504924,0.003222531,0.307648253,0.000163091,0.0163091
53003,59866,,"684,569,000","684,569",1.689588797,-0.120472635,22.5,77.1,23.5,-0.102648469,0.642977333,100.0795694,11435,0,0,0.224478594,0.004715141,0.27419247,0.000290219,0.0290219
53005,52168,,"12,003,056,000","12,003,056",2.067011676,0.155045097,86.4,77.2,37,-0.086942529,1.700769217,310.6364049,230083.6667,0,0,0.343214491,0.019260944,0.361781659,0.002391607,0.2391607
53007,45859,,"4,899,098,000","4,899,098",2.133475437,0.394481314,90.1,100.1,30.9,-0.350476662,1.07952434,477.7479508,106828.6667,0,0,0.394416,0.011410409,0.437683231,0.001969771,0.1969771
53009,55835,,"2,669,936,000","2,669,936",1.924833937,3.539943195,239.8,104,37.3,-0.21214205,0.868420433,236.1523198,47818.66667,0.001553508,1.87E-05,0.550009474,0.008373959,0.292900052,0.001349026,0.1349026
53011,31125,,"24,511,742,000","24,511,742",1.584708038,0.121469311,120.2,111.5,32.2,-0.522007006,8.645930194,1832.892626,787519.6667,0.00029497,2.67E-06,0.363777403,0.087750203,0.346162283,0.011050033,1.1050033
53013,73548,,"345,160,000","345,160",1.825080536,-0.654692955,26,77,31,-0.298738599,0.279374292,22.92687852,4693,0,0,0.24621139,0.001841522,0.265843578,1.21E-04,0.0121
53015,62889,,"5,449,102,000","5,449,102",1.784688853,-0.165929596,100.4,112.4,37.4,-0.533995826,1.392947529,200.1035047,86647,0.054608739,0.000184561,0.38939943,0.037222974,0.319270067,0.004627694,0.4627694
53017,46002,,"1,905,866,000","1,905,866",2.24468789,0.155839156,74.6,92.5,31,-0.091235913,0.584930675,48.74559279,41429.66667,0,0,0.378773095,0.005154727,0.341417018,0.000666607,0.0666607
53019,35134,,"184,698,000","184,698",1.843791352,0.006464876,70.9,103.3,30.4,-0.150537109,0.330284466,25.03574055,5257,0,0,0.34847439,0.002216131,0.301189198,0.000232598,0.0232598
53021,28699,,"4,203,214,000","4,203,214",1.815059985,-2.54394423,11.3,66.8,33.9,-0.348075882,1.138439145,147.6518136,146461,0,0,0.167070088,0.012452747,0.402692736,0.000837795,0.0837795
53023,81621,,"181,443,000","181,443",1.876567377,-1.296968111,16.3,76.4,26.4,-0.324891321,0.314059671,16.30718322,2223,0,0,0.211852017,0.001992951,0.257829663,1.09E-04,0.0109
53025,33661,,"5,810,498,000","5,810,498",1.989245408,0.196337639,83.8,79.3,33,-0.017919268,0.996296253,122.1013923,172617,0,0,0.329994984,0.012236292,0.452847504,0.00182856,0.182856
53027,53686,,"2,644,418,000","2,644,418",1.848151414,0.211661935,103.5,108.1,47.2,-0.501893523,0.908453727,106.510999,49256.66667,0.027130665,0.000139089,0.42647136,0.020079138,0.30875897,0.002643958,0.2643958
53029,41181,,"3,442,637,000","3,442,637",1.505907335,1.14052383,139.9,95.6,49.9,0.000149254,6.619263184,813.9169625,83598.33333,0.006194365,2.94E-05,0.426121681,0.052542042,0.283216747,0.006341026,0.6341026
53031,71684,,"1,161,813,000","1,161,813",2.211521126,0.91992213,118,92.5,32.9,-0.489401174,0.503396771,176.0216353,16207.33333,0.000963568,5.35E-06,0.410544819,0.004472695,0.25560793,0.000469358,0.0469358
53033,142348,,"367,176,011,000","367,176,011",1.537037565,0.028137461,98,134.1,37.2,-0.468795914,8.972834914,4005.475163,2579424,0.003244668,1.34E-05,0.420153942,0.151246112,0.423844601,0.026933905,2.6933905
53035,42522,,"13,211,612,000","13,211,612",1.862574876,-3.054854746,17.8,102.8,44,-0.566799396,8.903373465,1433.83928,310698.3333,0.003782168,1.07E-05,0.286877656,0.075507151,0.289121363,0.006262749,0.6262749
53037,57178,,"1,874,167,000","1,874,167",1.700742432,0.34491131,100,108.8,25.6,-0.362002475,0.690841224,96.01404306,32777.66667,0,0,0.354202005,0.005705775,0.313963129,0.000634519,0.0634519
53039,162530,,"1,636,567,000","1,636,567",1.879210816,0.239316217,120.2,93.7,33.7,-0.341353272,0.550295902,34.43844434,10069.33333,0,0,0.364554327,0.003909669,0.317275601,0.000452209,0.0452209
53041,63453,,"3,576,678,000","3,576,678",1.942708159,4.235491939,913.2,123.7,40.8,0.170936855,0.820411379,101.2318958,56367.66667,0,0,1,0.007350287,0.324212506,0.002383055,0.2383055
53043,100355,,"520,372,000","520,372",1.853289656,0.138537693,75.2,87.1,31.9,-0.129915486,0.396805432,17.22221532,5185.333333,0,0,0.322236179,0.002661061,0.291511476,0.000249968,0.0249968
53045,33774,,"1,683,356,000","1,683,356",2.090162602,4.145622019,268,106.7,46.5,-0.248584183,1.568175674,192.3000861,49842,0.002012349,5.35E-06,0.624452388,0.013412475,0.304910896,0.002553767,0.2553767
53047,42056,,"1,411,887,000","1,411,887",2.142885254,0.175792024,75.9,86.8,29.2,-0.202157486,0.512622192,49.39812025,33571.33333,0,0,0.34718711,0.004409094,0.371157833,0.000568161,0.0568161
53049,79802,,"742,289,000","742,289",1.898787763,0.127087685,120.3,111.9,55.9,-0.527080626,0.857641486,90.28872777,9301.666667,0.001920581,2.67E-05,0.470558757,0.007000273,0.300565499,0.000990075,0.0990075
53051,101051,,"522,873,000","522,873",1.917064687,-0.21531608,52.8,104.8,28.6,-0.262300042,0.50001802,78.03432011,5174.333333,0,0,0.341976265,0.0034878,0.302135626,0.000360371,0.0360371
53053,47461,,"47,097,871,000","47,097,871",1.661085013,-0.173450603,88.7,126.6,40,-0.470883616,5.663169096,1550.078622,992341.6667,0.00340854,1.34E-05,0.414501497,0.074347129,0.356294782,0.010979935,1.0979935
53055,102980,,"892,560,000","892,560",1.550276418,1.573500841,379.2,113.7,54.5,0.087843578,2.799848054,322.5067499,8667.333333,0.003474089,0.000131065,0.61118194,0.021627128,0.201184883,0.002659284,0.2659284
53057,47666,,"6,468,582,000","6,468,582",2.301618098,2.998081934,369,99.6,44,-0.217337185,1.291345254,323.7959136,135706.3333,0.008842539,0.000254105,0.639999346,0.017612826,0.323792741,0.003649856,0.3649856
53059,61502,,"305,994,000","305,994",2.241331875,5.207999296,445.8,115.5,30.9,-0.146303863,0.884828087,114.8210017,4975.333333,0,0,0.739286918,0.006218164,0.282802515,0.001300045,0.1300045
53061,52873,,"48,304,328,000","48,304,328",1.600336124,0.534872132,146.6,126.3,38.5,-0.462391642,3.963202581,1663.237829,913598,0.007210372,0.00012304,0.442078651,0.062072816,0.36314633,0.009965123,0.9965123
53063,56673,,"28,861,522,000","28,861,522",2.159662312,-1.24263471,15.8,90.3,31.2,-0.307368799,3.084637525,504.1331593,509260.3333,0,0,0.294937076,0.037926405,0.352541938,0.0039435,0.39435
53065,36603,,"1,150,506,000","1,150,506",2.271169353,-0.011917889,85.2,105.4,33.3,-0.228657255,0.598531374,56.5421436,31432,0,0,0.414835601,0.004951322,0.320405548,0.000658108,0.0658108
53067,53137,,"15,179,737,000","15,179,737",1.508204808,2.107060462,93.3,102.7,40.3,-0.143329518,4.690305908,764.3001933,285671.3333,0.000452287,2.67E-06,0.41533928,0.042768191,0.321169868,0.00570504,0.570504
53069,27475,,"102,526,000","102,526",1.527373374,3.152250687,199.6,121.6,46.6,-0.257482954,0.704089316,52.76706659,3731.666667,0.001953355,3.21E-05,0.541184237,0.005709966,0.287843696,0.000889478,0.0889478
53071,62916,,"3,417,318,000","3,417,318",1.964267552,0.213523631,104.1,73.9,33.3,-0.182646262,0.70500894,92.53830629,54315.66667,0,0,0.318519873,0.006469839,0.339552081,0.00069974,0.069974
53073,58872,,"13,584,365,000","13,584,365",2.503826766,0.073696628,115.7,85.2,39.5,-0.431382686,1.50516397,647.9387631,230742.6667,0.003329881,3.74E-05,0.421223743,0.020063529,0.350929006,0.002965783,0.2965783
53075,77974,,"2,691,438,000","2,691,438",1.914214453,0.172446122,91.2,77.8,28.7,-0.186662386,0.500630258,42.75439255,34517,0,0,0.302497726,0.00434328,0.315982713,0.000415148,0.0415148
53077,31938,,"10,476,526,000","10,476,526",2.37648956,-1.625784499,13.7,98.8,35.5,-0.43293268,0.985573385,233.8204752,328028,0,0,0.342393389,0.01721595,0.664838109,0.003918973,0.3918973
54001,107556,,"477,730,000","477,730",1.678564715,-2.640889405,16.4,76.6,40.9,-0.319873354,1.387488677,142.9153221,4441.666667,0,0,0.202564245,0.00973971,0.307525367,0.000606722,0.0606722
54003,29309,,"4,075,738,000","4,075,738",1.751455802,-2.332839061,73.4,68.9,31.4,-0.347295401,5.669344818,760.335287,139060.6667,0,0,0.183695031,0.044771369,0.311275139,0.002560013,0.2560013
54005,135876,,"653,743,000","653,743",2.061404118,-0.186183851,40.8,64.8,46.4,-0.130698989,1.238842716,117.9799082,4811.333333,0,0,0.308447875,0.008674554,0.287286875,0.000768678,0.0768678
54007,66768,,"293,222,000","293,222",1.967652563,-0.080140094,79.4,68.9,44.4,-0.139799864,1.03754761,96.88845359,4391.666667,0,0,0.317041966,0.007226571,0.305963765,0.000701002,0.0701002
54009,186851,,"836,967,000","836,967",1.859993254,-3.600539833,23.2,75.4,34.7,-0.439284908,4.545933033,597.6931386,4479.333333,0,0,0.174634054,0.032481409,0.280778929,0.001592679,0.1592679
54011,82069,,"4,988,932,000","4,988,932",1.880561064,0.047296246,93.9,62.5,38.4,-0.12370575,4.535741707,713.4618398,60789.66667,0,0,0.281926945,0.03437952,0.273040289,0.002646447,0.2646447
54013,25880,,"110,526,000","110,526",2.074621523,-2.142482385,54.5,61.4,46.4,-0.345195076,0.98312292,79.96126978,4270.666667,0,0,0.246604498,0.006814332,0.301080178,0.000505949,0.0505949
54015,24974,,"117,029,000","117,029",1.816634975,0.672030028,129.7,72.5,42,-0.036224815,1.081283256,99.84585798,4686,0,0,0.343666982,0.007544547,0.303549781,0.000787047,0.0787047
54017,125220,,"500,087,000","500,087",1.916776766,-0.050671797,92.1,73.2,43.6,-0.123860768,0.890989479,78.68852484,3993.666667,0,0,0.324564308,0.006164249,0.302776592,0.000605764,0.0605764
54019,92798,,"1,107,199,000","1,107,199",1.60241899,0.138406979,98.3,77.4,43.6,-0.110352144,1.580523497,191.7861952,11931.33333,0,0,0.307511673,0.011401784,0.291380101,0.001021632,0.1021632
54021,40031,,"166,408,000","166,408",2.002526367,-0.13455383,85.8,66.4,44.8,-0.133511344,0.864918215,71.88930202,4157,0,0,0.316113389,0.005976071,0.291232714,0.000550172,0.0550172
54023,118774,,"445,441,000","445,441",1.919723949,-0.175934485,111.8,53.3,37.4,-0.140665711,0.881769417,81.6241831,3750.333333,0,0,0.258292208,0.006098061,0.296968105,0.000467749,0.0467749
54025,196177,,"1,115,659,000","1,115,659",1.791854663,0.029071787,91.8,62.9,48.3,-0.093221667,1.028811754,110.1513941,5687,0,0,0.300789699,0.00723063,0.288986845,0.000628517,0.0628517
54027,43745,,"457,427,000","457,427",1.941366135,-0.642276448,92,65.2,36.6,-0.197376489,1.116615085,107.4178323,10456.66667,0,0,0.267171199,0.007983558,0.3149941,0.000671875,0.0671875
54029,211957,,"964,192,000","964,192",2.020367912,1.279970224,102.5,70.3,34,0.075601154,5.515503612,786.0655451,4549,0,0,0.351511698,0.039553511,0.276332479,0.003841995,0.3841995
54031,207533,,"631,107,000","631,107",2.036491209,0.117865789,117,51.7,40.4,-0.118867261,0.843549728,82.09400724,3041,0,0,0.288042245,0.005811661,0.309354856,0.000517861,0.0517861
54033,159050,,"4,333,795,000","4,333,795",1.941068745,0.011748218,104.5,72.9,44.2,-0.132325188,2.737987982,357.5209093,27248,0,0,0.334306542,0.020211721,0.274061458,0.001851809,0.1851809
54035,75974,,"795,376,000","795,376",2.085465746,0.308604103,118.1,58.4,42.7,-0.076341041,1.427222364,143.1224882,10469,0,0,0.324519522,0.010203808,0.302600395,0.001002011,0.1002011
54037,42374,,"1,862,402,000","1,862,402",1.640915213,0.134180076,123.8,68.1,29.7,-0.058723878,3.710484458,447.3545794,43951.66667,0,0,0.255134479,0.027643168,0.292035738,0.002059648,0.2059648
54039,85740,,"10,762,317,000","10,762,317",2.127606261,-0.203280514,90.6,60.8,42,-0.173031427,3.421191464,493.6472798,125523.3333,0,0,0.30715356,0.028266586,0.261108222,0.002266989,0.2266989
54041,118153,,"520,858,000","520,858",1.757522366,0.781702359,103.4,71.7,43,-0.0144468,1.240854328,120.2966329,4408.333333,0,0,0.332353128,0.008680165,0.279159683,0.000805342,0.0805342
54043,50398,,"235,828,000","235,828",1.819644059,-0.037372695,79.1,68.3,42.7,-0.136694729,1.342241896,129.459825,4679.333333,0,0,0.294891859,0.009408672,0.307618709,0.000853501,0.0853501
54045,174723,,"1,397,203,000","1,397,203",2.139465593,-0.190660051,84.2,63.5,51.8,-0.17715473,1.710541649,185.4800109,7996.666667,0,0,0.342888977,0.012169384,0.264044113,0.001101789,0.1101789
54047,111945,,"531,552,000","531,552",1.781214477,-0.134079679,81.9,74.8,49.8,-0.136132951,1.628643872,159.0860884,4748.333333,0,0,0.325438214,0.011451677,0.28645143,0.001067551,0.1067551
54049,100658,,"2,168,076,000","2,168,076",1.935598023,-0.392352499,33.1,77.6,43.6,-0.134867996,3.047272479,389.8619782,21539,0,0,0.309539279,0.022238105,0.273551072,0.001883007,0.1883007
54051,372700,,"2,593,250,000","2,593,250",2.168314372,0.410355603,88.4,72.1,43.1,-0.059823109,1.915570184,225.6983094,6958,0,0,0.36334488,0.013632703,0.289470762,0.001433857,0.1433857
54053,113555,,"693,364,000","693,364",2.048817683,-0.295054427,111,58.2,40.4,-0.186228219,1.739650106,189.1221142,6106,0,0,0.289800484,0.012318957,0.30319904,0.001082433,0.1082433
54055,83077,,"1,700,038,000","1,700,038",2.041706403,0.021808897,86,56.3,41.1,-0.086486702,2.509216322,318.6977,20463.33333,0,0,0.289463016,0.018342107,0.293900606,0.001560425,0.1560425
54057,176012,,"958,033,000","958,033",1.565823265,-0.037959033,101.5,66.7,24.9,-0.109929855,1.669432477,183.6983423,5443,0,0,0.216126733,0.01180127,0.297148763,0.000757899,0.0757899
54059,99787,,"520,422,000","520,422",2.055449504,-0.095165653,90.7,64.9,50.4,-0.158442964,1.50781753,159.6578146,5215.333333,0,0,0.337775555,0.010629145,0.284385185,0.001021018,0.1021018
54061,93714,,"7,181,398,000","7,181,398",2.044706413,0.172865375,44.6,74.8,41.9,-0.076346418,3.449856852,469.1026875,76630.66667,0,0,0.330489406,0.026894792,0.281674594,0.002503649,0.2503649
54063,47104,,"211,057,000","211,057",1.612177231,0.043747963,94.3,66.3,39.3,-0.088796417,0.974870322,86.01685192,4480.666667,0,0,0.263531269,0.006774703,0.316979654,0.000565918,0.0565918
54065,104009,,"333,730,000","333,730",1.925328718,0.089811335,112.5,68,34.1,-0.070021474,1.732908821,194.6129377,3208.666667,0,0,0.29541345,0.01219181,0.283607906,0.001021449,0.1021449
54067,127920,,"640,028,000","640,028",1.748052487,-0.090325599,79.5,74.3,44.9,-0.127982332,1.170265053,111.3642722,5003.333333,0,0,0.306686354,0.008192747,0.290712704,0.000730446,0.0730446
54069,330102,,"3,589,091,000","3,589,091",1.950301907,0.048481713,110.8,73.4,35.5,-0.124329754,5.56016458,805.6580539,10872.66667,0,0,0.314164398,0.040096458,0.266062363,0.003351556,0.3351556
54071,45343,,"184,863,000","184,863",1.944863377,-0.072148318,107.8,50.1,39,-0.122569177,0.861627065,79.21379351,4077,0,0,0.260099041,0.005964128,0.292233306,0.000453331,0.0453331
54073,145963,,"551,594,000","551,594",2.167455222,1.894076437,359.2,62.5,35.8,0.408783793,1.502836714,139.79816,3779,0,0,0.48548354,0.010513483,0.2655454,0.001355376,0.1355376
54075,70222,,"266,493,000","266,493",1.847728407,0.142118099,94.9,58.3,49.1,-0.071163315,0.739979354,100.4510695,3795,0,0,0.302640502,0.005150284,0.287509185,0.000448136,0.0448136
54077,126807,,"747,062,000","747,062",1.646971232,0.690593866,63.4,77.5,40.4,-0.018833572,1.400604139,140.458655,5891.333333,0,0,0.309482195,0.00987144,0.31555866,0.000964043,0.0964043
54079,58604,,"2,900,856,000","2,900,856",2.089403779,-0.463389422,31.5,57.6,39.9,-0.134015515,2.453205109,294.7003633,49499.66667,0,0,0.263562786,0.018815856,0.282202084,0.001399485,0.1399485
54081,97842,,"3,130,413,000","3,130,413",1.586614886,0.064828138,94.3,70,41.3,-0.123340181,2.233968154,287.7858927,31994.66667,0,0,0.276562829,0.016736137,0.277902638,0.001286298,0.1286298
54083,176417,,"844,922,000","844,922",2.084127389,0.07069948,104.5,54.2,47.2,-0.107309133,0.8590012,99.2736898,4789.333333,0,0,0.314378843,0.006004795,0.285264242,0.000538516,0.0538516
54085,152224,,"550,187,000","550,187",1.980337404,0.08021133,113,66.1,36.3,-0.102989623,1.020672934,91.02669901,3614.333333,0,0,0.303274643,0.007074546,0.286782977,0.000615302,0.0615302
54087,65435,,"285,428,000","285,428",1.955825446,0.022539558,90.4,59.8,44.4,-0.114467807,1.041617618,94.90305167,4362,0,0,0.29954299,0.007250251,0.305961429,0.000664475,0.0664475
54089,50081,,"210,793,000","210,793",1.689568453,1.487637888,265.8,67.1,40.4,0.297815277,1.231242363,119.496023,4209,0,0,0.401433543,0.008605805,0.305680233,0.001056021,0.1056021
54091,125013,,"590,102,000","590,102",1.70455064,2.143301115,353.3,81.2,40.3,0.450887024,2.128757308,243.0470779,4720.333333,0,0,0.502756319,0.015073412,0.302229472,0.002290371,0.2290371
54093,114636,,"328,967,000","328,967",2.246307898,0.022807008,120.5,48.8,52.9,-0.126298315,0.998612367,136.2036898,2869.666667,0,0,0.3395617,0.006980824,0.292315398,0.00069291,0.069291
54095,258219,,"1,036,490,000","1,036,490",2.021413091,0.013211127,98.4,72.8,39.1,-0.108353905,1.117154981,100.8404621,4014,0,0,0.326304882,0.007774229,0.299640083,0.000760118,0.0760118
54097,147597,,"689,916,000","689,916",1.732022083,2.080835047,154.8,69.9,41.6,0.249331138,1.43780682,151.2411645,4674.333333,0,0,0.388300684,0.010111231,0.303264509,0.001190677,0.1190677
54099,59919,,"989,347,000","989,347",2.001485042,-0.035129057,85,55.2,40.8,-0.137948597,1.67760251,200.5718351,16511.33333,0,0,0.278991114,0.012234184,0.288322843,0.000984112,0.0984112
54101,34762,,"137,784,000","137,784",2.089688412,0.211673494,87,64.7,50.3,-0.095664588,0.863704926,93.72286706,3963.666667,0,0,0.349736664,0.006001515,0.300022672,0.000629733,0.0629733
54103,214120,,"977,745,000","977,745",2.248153448,-0.02749049,114.5,72.7,48,-0.138880047,1.339556807,131.608259,4566.333333,0,0,0.381932655,0.009390445,0.286239758,0.001026604,0.1026604
54105,21695,,"69,663,000","69,663",2.043589472,0.562646182,104.5,60.1,41,-0.024316465,1.098698843,96.64151772,3211,0,0,0.322814844,0.00761347,0.313169313,0.000769689,0.0769689
54107,69795,,"3,574,890,000","3,574,890",2.295663738,0.014758972,94.2,55.5,37.5,-0.120147645,3.34407393,466.3460196,51219.66667,0,0,0.308128251,0.025362958,0.288477518,0.002254464,0.2254464
54109,158294,,"698,761,000","698,761",1.753363748,-0.091830036,90.2,71.1,48.1,-0.143285183,1.340071038,132.4997529,4414.333333,0,0,0.31193064,0.009390898,0.28712057,0.000841065,0.0841065
55001,42631,,"547,419,000","547,419",1.739469894,-1.206116894,65,67.5,28.7,-0.423124064,0.971384076,77.66878229,12841,0,0,0.199261415,0.006996167,0.305695467,0.00042616,0.042616
55003,79393,,"675,210,000","675,210",2.01776946,0.260638053,89.7,52,28.9,-0.247012976,0.448611175,47.12844098,8504.666667,0,0,0.249644631,0.003178659,0.28742045,0.000228078,0.0228078
55005,55700,,"2,147,689,000","2,147,689",1.843070717,-0.553684729,49.9,59.6,29.5,-0.294104683,1.024542078,78.1243129,38558.33333,0,0,0.211358362,0.008168307,0.32376326,0.000558958,0.0558958
55007,57572,,"409,605,000","409,605",2.183693294,0.24401792,90.8,56.9,33.1,-0.245867149,0.510801904,43.50837757,7114.666667,0,0,0.292955355,0.003560073,0.293174007,0.000305764,0.0305764
55009,47448,,"19,107,490,000","19,107,490",2.068663709,-1.513101436,28.7,69.6,36,-0.334988194,5.723392506,932.0733445,402704,0,0,0.246566525,0.053687599,0.320034965,0.004236484,0.4236484
55011,116358,,"577,602,000","577,602",1.90756955,0.047536835,88.9,62.4,31,-0.272148125,0.582325293,29.81860572,4964,0,0,0.261319352,0.003964088,0.303981127,0.000314892,0.0314892
55013,52273,,"508,928,000","508,928",1.780462071,-0.918201942,44.5,61.7,28.3,-0.317595832,0.774566175,64.66796994,9736,0,0,0.193286859,0.005510224,0.296801484,0.00031611,0.031611
55015,32943,,"1,666,786,000","1,666,786",2.214928838,0.102867078,86.1,66.1,37.2,-0.212361835,1.503246795,200.1291629,50595.66667,0,0,0.325252629,0.01208757,0.293613947,0.001154347,0.1154347
55017,57761,,"2,751,784,000","2,751,784",1.907122176,1.209443156,176,65.8,30.4,-0.1205053,0.991469082,75.77373714,47641,0,0,0.345389263,0.008218034,0.331614728,0.000941262,0.0941262
55019,60625,,"1,327,738,000","1,327,738",1.674775232,-0.665287274,68,68.1,28.3,-0.352729824,0.58857012,37.11597121,21900.66667,0,0,0.210741981,0.004549283,0.34194433,0.000327831,0.0327831
55021,52777,,"2,691,480,000","2,691,480",1.950874333,1.047291756,140.5,65.6,28.6,-0.112814766,1.147876551,101.6186923,50997.33333,0,0,0.322621678,0.009454969,0.301522744,0.000919758,0.0919758
55023,93140,,"700,788,000","700,788",1.604142836,-0.995109256,63.1,58.1,27.6,-0.387748865,0.752763311,50.19171177,7524,0,0,0.163517705,0.005263501,0.306191465,0.000263532,0.0263532
55025,50269,,"47,231,963,000","47,231,963",2.007592965,0.09628997,89.7,59.9,27.5,-0.2337509,6.026364669,956.6006773,939580.3333,0,0,0.258049579,0.072588368,0.365791006,0.006851777,0.6851777
55027,43650,,"3,742,959,000","3,742,959",2.051615958,0.138526949,60.1,63.1,28.3,-0.201284744,1.30086312,134.7875153,85749,0,0,0.265620613,0.011661309,0.335998436,0.00104075,0.104075
55029,88626,,"1,357,875,000","1,357,875",1.882021304,0.248466473,91.5,67.2,29.9,-0.193183805,1.384652389,133.9447769,15321.33333,0,0,0.275636764,0.010043165,0.26987985,0.000747099,0.0747099
55031,54514,,"1,760,641,000","1,760,641",1.870329101,1.51290944,221.2,66.5,32.7,-0.02251019,0.64848834,71.28008921,32297,0,0,0.383171045,0.005351787,0.294446236,0.000603806,0.0603806
55033,41355,,"1,850,541,000","1,850,541",1.853476613,0.268414023,106.2,68.4,31.6,-0.259159382,0.847033366,65.60403853,44747.66667,0,0,0.28548238,0.007107235,0.325496936,0.00066043,0.066043
55035,54426,,"6,438,940,000","6,438,940",1.790266706,0.261667797,100.2,67.4,30.2,-0.254646395,1.797673541,251.2329882,118307,0,0,0.269404763,0.016336398,0.298945149,0.001315689,0.1315689
55037,27138,,"126,173,000","126,173",1.931079439,1.047514558,147.8,47.8,31.3,-0.072909904,0.598262597,54.18210376,4649.333333,0,0,0.288797073,0.004109339,0.284840723,0.000338039,0.0338039
55039,51341,,"5,174,306,000","5,174,306",2.182147405,-1.95262685,21.4,61.2,31,-0.362439589,1.510422153,188.7419151,100782.3333,0,0,0.21010041,0.013682712,0.31757398,0.000912944,0.0912944
55041,55804,,"295,483,000","295,483",2.028632792,0.231528907,75.4,43.4,31.5,-0.199609887,0.589165824,69.44704692,5295,0,0,0.231123362,0.004094278,0.295756477,0.000279869,0.0279869
55043,64296,,"2,178,795,000","2,178,795",1.883877542,0.078012518,77.5,53.5,28.5,-0.260824947,0.717981348,57.1867125,33887,0,0,0.226281923,0.005857716,0.345003128,0.0004573,0.04573
55045,91394,,"1,883,570,000","1,883,570",1.92185394,-0.305613294,68.3,59.2,25.7,-0.267970855,0.879263391,77.76675363,20609.33333,0,0,0.221425393,0.006599748,0.311562185,0.000455302,0.0455302
55047,93542,,"639,205,000","639,205",1.965960459,1.205177826,163.9,63.1,29.8,-0.066804834,1.09880431,94.49203747,6833.333333,0,0,0.339601263,0.007723316,0.285127824,0.000747847,0.0747847
55049,93868,,"1,220,310,000","1,220,310",1.879979486,0.349878705,112,58.9,28.4,-0.233396897,0.642590244,41.72018379,13000.33333,0,0,0.259678112,0.004654671,0.315663443,0.000381548,0.0381548
55051,29530,,"159,118,000","159,118",2.138348947,0.196060323,90.4,46.7,29.1,-0.253293513,0.407789308,45.42985285,5388.333333,0,0,0.248493983,0.00279513,0.281961786,0.000195843,0.0195843
55053,80445,,"816,595,000","816,595",1.615818919,0.245290348,100.1,74.1,30.5,-0.241956123,0.476313668,34.91682895,10151,0,0,0.266466129,0.00339989,0.312449126,0.000283065,0.0283065
55055,45919,,"3,646,527,000","3,646,527",2.01567009,-1.145287786,41,65.1,25.3,-0.317346154,1.780053132,195.0390251,79412.33333,0,0,0.212125686,0.014897706,0.312531499,0.000987658,0.0987658
55057,59068,,"912,815,000","912,815",1.896935092,0.141588338,91.7,65.1,32.2,-0.253745306,0.734729685,64.53456961,15453.66667,0,0,0.274643736,0.005412073,0.308984307,0.000459272,0.0459272
55059,31999,,"7,649,149,000","7,649,149",1.681961464,0.184910761,79.9,68.6,21.3,-0.178577866,7.089128563,1171.502964,239040,0,0,0.224343665,0.058491487,0.304027718,0.003989511,0.3989511
55061,77771,,"716,327,000","716,327",2.042270334,-1.11799596,21.4,62.2,30,-0.247790483,0.923280688,77.28734081,9210.666667,0,0,0.218009487,0.006548494,0.287741179,0.000410789,0.0410789
55063,54451,,"7,532,653,000","7,532,653",1.944926565,1.937459099,411.8,61.7,32.5,0.126919754,2.864224534,394.612982,138337.6667,0,0,0.499357106,0.024621949,0.304852585,0.003748207,0.3748207
55065,131116,,"605,187,000","605,187",1.917136521,0.244954497,100.5,57.9,28.3,-0.242610709,0.592832418,35.89669553,4615.666667,0,0,0.25366153,0.004037209,0.310251734,0.000317724,0.0317724
55067,84708,,"676,197,000","676,197",1.968625995,0.060849229,68.5,47.4,34,-0.237537533,0.61369953,54.49885052,7982.666667,0,0,0.233518518,0.004321024,0.291865549,0.000294504,0.0294504
55069,69334,,"1,284,727,000","1,284,727",1.90557257,0.166992689,88.5,52.5,31.6,-0.257705175,0.761382231,63.46876791,18529.66667,0,0,0.242232863,0.005691002,0.296326383,0.0004085,0.04085
55071,61194,,"3,902,479,000","3,902,479",2.148809456,-0.698707545,35.1,60.4,35.2,-0.238027127,1.610701174,192.9636381,63772.66667,0,0,0.25646502,0.013231084,0.312025712,0.0010588,0.10588
55073,66396,,"8,761,912,000","8,761,912",1.903750371,0.979134019,283.6,56.3,27.9,-0.246256324,1.151057705,109.7475474,131964.6667,0,0,0.349127233,0.012018635,0.34595498,0.001451638,0.1451638
55075,63470,,"1,941,221,000","1,941,221",1.856973329,0.230691254,90.7,61.7,30,-0.224174799,0.773447544,71.080559,30584.66667,0,0,0.258336408,0.006164805,0.300309314,0.000478271,0.0478271
55077,56891,,"428,620,000","428,620",1.784867836,-0.018279346,54,63.2,28.2,-0.20739065,0.874518864,64.77878114,7534,0,0,0.228006052,0.006135063,0.304291623,0.000425653,0.0425653
55078,29272,,"172,532,000","172,532",1.910739872,-1.002176109,36.5,52.9,30.2,-0.317985399,0.364073231,73.7002075,5894,0,0,0.186128169,0.002559315,0.328775715,0.000156616,0.0156616
55079,49923,,"60,057,834,000","60,057,834",2.046968121,1.468004696,209.3,62.2,24.3,0.080691064,31.07414436,8661.116089,1203001.667,0,0,0.358239841,0.268638492,0.316518064,0.030460752,3.0460752
55081,66492,,"2,288,756,000","2,288,756",1.907238105,0.008072441,74.4,63.1,33,-0.265039972,0.914721462,69.41562058,34421.66667,0,0,0.263106672,0.007261496,0.317359194,0.00060633,0.060633
55083,33837,,"994,369,000","994,369",1.801981989,-0.943510149,39.6,62.6,32.1,-0.299330366,0.991374877,83.9059102,29387.33333,0,0,0.206601183,0.007662597,0.313587015,0.00049644,0.049644
55085,75760,,"1,718,155,000","1,718,155",1.981372256,-0.799814698,33.2,46.8,29.3,-0.295852355,1.156461198,109.7789491,22679,0,0,0.181590996,0.008645699,0.278104352,0.000436619,0.0436619
55087,58620,,"12,528,296,000","12,528,296",1.958945825,0.204814961,88.3,68.9,31.3,-0.2148389,2.914833632,401.1398814,213721.3333,0,0,0.290177182,0.027337438,0.317341939,0.002517379,0.2517379
55089,57466,,"5,205,595,000","5,205,595",1.853730169,0.283057031,107.3,63.1,21.1,-0.173739726,3.84891787,498.031051,90586,0,0,0.242256357,0.030151368,0.220172098,0.001608216,0.1608216
55091,53465,,"280,283,000","280,283",1.86966893,-0.905704079,34.3,63.9,31.3,-0.296536254,0.691090483,46.38190921,5242.333333,0,0,0.216008755,0.004757523,0.2891709,0.000297171,0.0297171
55093,32091,,"1,163,597,000","1,163,597",1.907697172,-0.01945162,83.5,61.4,31,-0.284730655,0.948488046,80.06024614,36259,0,0,0.254833935,0.007572516,0.313375525,0.000604731,0.0604731
55095,39626,,"1,561,486,000","1,561,486",1.83026944,1.141473764,125.4,65,30.1,-0.106102861,1.071231681,78.35288921,39405.33333,0,0,0.308528742,0.008519035,0.319434213,0.00083959,0.083959
55097,57531,,"4,136,598,000","4,136,598",1.803032546,0.268646596,98.6,63.8,27.1,-0.249241113,1.149199089,124.8293044,71901.66667,0,0,0.252671643,0.010158914,0.309058163,0.000793312,0.0793312
55099,110060,,"555,952,000","555,952",2.034971001,0.15596385,73,44.5,29.9,-0.247961106,0.496834218,33.41301286,5051.333333,0,0,0.22641641,0.003380345,0.284994849,0.000218125,0.0218125
55101,34577,,"8,389,160,000","8,389,160",1.74987811,0.377792186,107.5,68.9,23.2,-0.173424025,6.040166973,923.3117901,242619.6667,0,0,0.254567764,0.050873248,0.296433391,0.003839017,0.3839017
55103,96702,,"703,671,000","703,671",1.850474355,-0.258048034,88.6,61,30.7,-0.328278782,0.689582532,46.42588571,7276.666667,0,0,0.239718998,0.004810628,0.312228968,0.000360062,0.0360062
55105,45998,,"7,784,497,000","7,784,497",2.15724837,0.225573752,88.2,56.3,26.4,-0.209414873,2.266995202,304.3013708,169236.3333,0,0,0.266821555,0.021278315,0.325309065,0.001846946,0.1846946
55107,96774,,"502,872,000","502,872",2.012789431,0.1390361,79.3,53.4,31.4,-0.251446744,0.508993507,29.19577953,5196.333333,0,0,0.252072145,0.003461511,0.311163698,0.000271506,0.0271506
55109,41588,,"4,177,004,000","4,177,004",1.895479857,-1.653966167,21.5,68,30.8,-0.346525112,1.584951892,165.9416407,100438.6667,0,0,0.203136189,0.014147326,0.312608394,0.000898385,0.0898385
55111,68991,,"3,962,726,000","3,962,726",2.091782929,-0.014333424,85.2,60.1,30,-0.256247051,1.097751778,102.935228,57438,0,0,0.270425071,0.009310661,0.31260596,0.000787091,0.0787091
55113,70640,,"675,252,000","675,252",1.978823449,0.025523088,65.9,53.8,31,-0.253255136,0.699196752,51.08132315,9559,0,0,0.239882923,0.004957051,0.288854078,0.00034348,0.034348
55115,45176,,"1,266,221,000","1,266,221",1.787111769,0.055416032,82.4,63.5,29.6,-0.248944518,0.934243537,67.58484744,28028.66667,0,0,0.244511374,0.007194066,0.328775715,0.000578327,0.0578327
55117,57374,,"6,777,935,000","6,777,935",2.27108136,-1.747792481,26.3,56.9,34.1,-0.325218847,2.332382809,317.6312501,118135.6667,0,0,0.226200628,0.020161555,0.298662379,0.001362067,0.1362067
55119,89622,,"764,685,000","764,685",1.826235087,-0.804675777,40.6,55,29.1,-0.307948705,0.526543418,35.55691498,8532.333333,0,0,0.186184643,0.003698981,0.31265053,0.00021532,0.021532
55121,91760,,"1,362,055,000","1,362,055",1.558424059,0.048528418,79.1,75.4,31.7,-0.260580508,0.730129064,51.19989933,14843.66667,0,0,0.253173354,0.005336758,0.315820373,0.000426713,0.0426713
55123,55909,,"1,013,361,000","1,013,361",1.787056255,1.863347273,351.7,60.8,31,0.054774541,0.740370713,52.38957449,18125.33333,0,0,0.439183205,0.005512387,0.342397413,0.000828926,0.0828926
55125,74034,,"854,104,000","854,104",2.215690646,0.826134539,77.1,42,29.6,-0.133306218,1.278608673,131.9949827,11536.66667,0,0,0.266005356,0.009185889,0.278794912,0.000681234,0.0681234
55127,35641,,"4,560,662,000","4,560,662",2.208632124,0.217414334,101.4,57.3,26.6,-0.204041688,2.943167107,337.031802,127962,0,0,0.279893524,0.024740554,0.312767489,0.002165828,0.2165828
55129,67446,,"572,215,000","572,215",1.93675917,0.542094351,171.8,55.8,32.1,-0.27612151,0.714323329,48.13833779,8484,0,0,0.298709135,0.005023057,0.293415215,0.00044025,0.044025
55131,42286,,"6,599,490,000","6,599,490",2.018016744,1.168613599,138.7,59.6,27.8,-0.0423715,3.523465055,458.1709836,156069,0,0,0.318882611,0.029864456,0.29061199,0.002767572,0.2767572
55133,63247,,"31,804,701,000","31,804,701",2.038752358,1.70022172,233.6,63.1,26.6,0.10260512,8.036812399,1201.016442,502868.3333,0,0,0.388773111,0.073352612,0.279900486,0.007982069,0.7982069
55135,43476,,"1,907,624,000","1,907,624",1.965817028,-0.271355589,98,62.7,30.9,-0.307742693,1.10698638,98.87577099,43878,0,0,0.259846417,0.008944136,0.301283526,0.000700214,0.0700214
55137,44798,,"647,780,000","647,780",1.722961985,-1.031590987,31.4,65.2,28.6,-0.285997682,0.962773509,76.36694538,14460,0,0,0.189943259,0.006984583,0.312685796,0.000414832,0.0414832
55139,54483,,"10,843,847,000","10,843,847",1.908662545,0.011419302,84.5,71.4,28.9,-0.222416702,3.471634559,607.3267213,199033,0,0,0.275340206,0.031118229,0.298915439,0.002561137,0.2561137
55141,68742,,"3,911,458,000","3,911,458",1.788904788,0.12667508,89.6,66.3,28.9,-0.258480613,1.238201712,147.6976789,56900.66667,0,0,0.254448257,0.010349958,0.288032688,0.000758542,0.0758542
56001,85237,,"1,615,817,000","1,615,817",2.278308739,-1.287460062,16.4,49.3,34.9,-0.292900514,0.161009458,67.17856452,18956.66667,0,0,0.214344642,0.001546429,0.270617633,8.97E-05,0.00897
56003,90803,,"473,264,000","473,264",2.217101662,0.258311426,74.3,66.7,34.3,-0.137686689,0.258131338,37.64341787,5212,0,0,0.327855263,0.00173725,0.284145927,0.00016184,0.016184
56005,154513,,"5,697,657,000","5,697,657",1.827250327,-1.10218743,31.1,58.2,29.5,-0.350555892,0.134664682,37.83374186,36875,0,0,0.177969755,0.001869238,0.247500619,8.23E-05,0.00823
56007,263343,,"1,197,069,000","1,197,069",2.206512014,-1.312689755,11,63.2,32,-0.247285716,0.099773519,35.37688249,4545.666667,0,0,0.230523599,0.000613814,0.27111256,3.84E-05,0.00384
56009,270479,,"1,334,272,000","1,334,272",2.046246456,-2.013491006,11.3,51.3,30.4,-0.352442877,0.08807011,23.81530631,4933,0,0,0.159183642,0.000523592,0.251155986,2.09E-05,0.00209
56011,60180,,"310,992,000","310,992",1.847895361,0.143156212,75.7,62,29.8,-0.226337953,0.120619859,8.831153849,5167.666667,0,0,0.250812911,0.000729328,0.25137296,4.60E-05,0.0046
56013,71904,,"1,505,961,000","1,505,961",2.039993849,-0.957353109,22.1,69.5,31,-0.285078353,0.10514233,52.45862799,20944,0,0,0.235985992,0.001194011,0.277322435,7.81E-05,0.00781
56015,89656,,"439,435,000","439,435",1.819918459,0.019263415,106.8,62.6,36.8,-0.311339302,0.144824331,22.19416808,4901.333333,0,0,0.27391179,0.000913336,0.282109645,7.06E-05,0.00706
56017,56399,,"239,338,000","239,338",2.469415894,-0.208748828,36.7,64.5,32.7,-0.213376223,0.112338858,31.44675652,4243.666667,0,0,0.309529365,0.000684372,0.251160397,5.32E-05,0.00532
56019,77419,,"388,127,000","388,127",1.874014786,-0.981960837,22.2,64.6,24.6,-0.309399261,0.089212138,17.67310494,5013.333333,0,0,0.186590252,0.000522798,0.263442189,2.57E-05,0.00257
56021,91537,,"5,846,867,000","5,846,867",2.352675439,-2.003202126,20.7,49.8,34.5,-0.423994776,0.446635832,90.64884538,63874.66667,0,0,0.201856133,0.004972407,0.259329746,0.000260292,0.0260292
56023,170740,,"872,367,000","872,367",2.222224953,-0.862365383,15.4,78.7,36.9,-0.232819879,0.202288402,71.17737027,5109.333333,0,0,0.300436211,0.001407946,0.276903194,1.17E-04,0.0117
56025,100504,,"4,988,595,000","4,988,595",2.225142475,-1.125236601,22.6,60.4,33,-0.323917325,0.193021561,130.9076191,49635.66667,0,0,0.235827097,0.002842335,0.22652693,0.000151841,0.0151841
56027,44886,,"100,291,000","100,291",1.752230086,-0.149480396,102.5,58.9,32.8,-0.400032896,0.040154533,8.304137101,2234.333333,0,0,0.23453044,7.87E-05,0.249469055,4.60E-06,0.00046
56029,93266,,"1,456,902,000","1,456,902",2.263331616,0.244356373,95.2,59.2,33.2,-0.059053424,0.120087665,64.9361344,15621,0,0,0.314718353,0.001154368,0.254217444,9.24E-05,0.00924
56031,99473,,"507,244,000","507,244",1.825522155,0.032351409,75.6,56.8,34.6,-0.251923393,0.128473308,23.58115587,5099.333333,0,0,0.244312247,0.000808625,0.274330134,5.42E-05,0.00542
56033,101502,,"1,493,225,000","1,493,225",1.828719377,0.218542637,90.4,69.7,28.7,-0.184072613,0.202835532,56.60891195,14711.33333,0,0,0.273991725,0.001684772,0.242322512,1.12E-04,0.0112
56035,168227,,"798,463,000","798,463",1.768165575,0.165649785,55.4,81.5,32.1,-0.032841618,0.121719564,17.10833892,4746.333333,0,0,0.294129322,0.000738932,0.198852929,4.32E-05,0.00432
56037,177297,,"3,095,421,000","3,095,421",2.200782177,-3.240101846,0,75.2,32.7,-0.384409725,0.111114291,152.1297572,17459,0,0,0.209280993,0.001308799,0.243263751,6.66E-05,0.00666
56039,193714,,"3,507,901,000","3,507,901",1.906137477,0.922704879,121.9,63.4,37.8,-0.037058785,0.131625295,187.9192121,18108.66667,0,0,0.333492069,0.001536748,0.034172528,1.75E-05,0.00175
56041,82096,,"813,461,000","813,461",2.491517245,0.053197477,30.2,69.9,37.8,-0.118014386,0.431552822,11.09564719,9908.666667,0,0,0.349890335,0.003038304,0.25964575,0.000276022,0.0276022
56043,69818,,"342,039,000","342,039",2.273808567,-1.007186082,16.1,68.3,35.2,-0.265419892,0.168208079,59.1175265,4899,0,0,0.271455398,0.001142938,0.248194957,7.70E-05,0.0077
56045,56442,,"279,273,000","279,273",1.687205837,0.391689117,102.8,62.2,31.4,-0.227438349,0.106472513,16.62734091,4948,0,0,0.262530872,0.000638581,0.246329512,4.13E-05,0.00413
